date,total_value
2026-07-06,1024851.982575916
2026-07-07,1029572.8718192183
2026-07-08,1007201.3783005142
2026-07-09,1027101.3843021276
2026-07-10,1029144.3002125544
2026-07-13,1017562.1524061525
2026-07-14,1010671.6110516301
2026-07-15,1006440.479620876
2026-07-16,1007068.1205770114
2026-07-17,1012185.293375905
2026-07-20,1014242.5317977342
2026-07-21,1025090.6615261445
2026-07-22,1019394.1803399106
2026-07-23,995633.9408751933
2026-07-24,991807.3859708452
2026-07-27,998875.9746301877
2026-07-28,1017426.7793813223
2026-07-29,1023711.6070734089
2026-07-30,1013597.209840113
2026-07-31,1013421.3574718832
