id,ticker,entry_date,cohort,ext_band,crs_tercile,false_touch,noise_stop,exit_too_early,R,opp_quality_R,ext_vs_sma,rank_crs
4a52a3a48a62,SAIL,2023-10-03,false_touch,0,0,1,0,0,-2.182,-0.837,9.56,0.0235
70aa51a2d4ea,CENTURYPLY,2024-02-19,false_touch,0,0,1,0,0,-1.195,-0.891,13.96,0.0123
4182fa59e4e3,CERA,2018-02-14,false_touch,0,0,1,0,0,-1.118,0.222,6.4,0.0131
ebdf83499ea6,TORNTPOWER,2022-04-11,false_touch,0,0,1,0,0,-1.369,0.724,9.05,0.0458
33efe1378d33,SKFINDIA,2023-09-04,false_touch,0,0,1,0,0,-1.105,1.351,11.82,0.0538
8315aab47ef0,DEEPAKNTR,2022-04-11,false_touch,0,0,1,0,0,-1.259,-0.661,5.87,0.0036
26daecc92ca6,GRINDWELL,2019-04-15,false_touch,0,0,1,0,0,-1.645,0.865,11.93,0.0573
427d28bc9ffa,CONCOR,2019-12-16,false_touch,0,0,1,0,0,-2.254,0.555,9.64,0.0357
f73fb18c4bf8,FSL,2021-12-27,false_touch,0,0,1,0,0,-1.321,0.126,10.73,0.0312
e85b45e9e71e,TIMKEN,2018-02-26,false_touch,0,0,1,0,0,-1.255,-0.29,4.2,0.0141
a84a7a4d5c59,ATGL,2019-12-30,false_touch,0,0,1,0,0,-0.083,3.977,8.28,0.0011
1730b4d68cd2,GOCOLORS,2023-01-02,false_touch,0,0,1,0,0,-1.366,0.004,8.53,0.0126
297527ade6b5,VEDL,2018-04-23,false_touch,0,0,1,0,0,-1.173,-0.125,7.24,0.0267
df52ebe55364,INDIACEM,2024-02-02,false_touch,0,0,1,0,0,-1.014,0.416,8.74,0.0225
25ef1d599aa9,HCLTECH,2019-04-30,false_touch,0,0,1,0,0,-1.378,0.469,12.55,0.0493
bca62c154563,KOTAKBANK,2020-01-15,false_touch,0,0,1,0,0,-1.184,1.026,10.6,0.0414
53e56bb2283a,MOTHERSON,2018-02-12,false_touch,0,0,1,0,0,-1.36,0.044,9.98,0.0297
3f23b9933757,BERGEPAINT,2023-11-13,false_touch,0,0,1,0,0,-1.267,1.725,7.5,0.0306
fe4cf71affb8,FLUOROCHEM,2023-05-02,false_touch,0,0,1,0,0,-1.155,0.011,4.11,0.0042
cc3552c56a50,GRINDWELL,2019-11-19,false_touch,0,0,1,0,0,-0.467,-0.082,4.7,0.0041
4cc8e7a1d056,ABB,2019-05-27,false_touch,0,0,1,0,0,-1.146,2.266,11.36,0.0416
1d40ec3f37ba,ADANIPOWER,2019-12-16,false_touch,0,0,1,0,0,-1.509,1.281,10.33,0.0321
dc41bc923c62,HDFCBANK,2019-12-02,false_touch,0,0,1,0,0,-1.258,0.15,9.79,0.0373
7dea3e0cd5ba,SUNDARMFIN,2019-11-18,false_touch,0,0,1,0,0,-1.518,0.039,10.29,0.0433
4779a85ed928,UPL,2022-04-11,false_touch,0,0,1,0,0,-1.585,0.602,6.83,0.0354
3595ea4ded0a,IBREALEST,2018-02-15,false_touch,0,0,1,0,0,-1.12,-0.072,11.52,0.0261
90efa4550ab0,FINCABLES,2022-01-31,false_touch,0,0,1,0,0,-1.722,0.07,5.15,0.0067
194978f087e1,ATUL,2022-03-14,false_touch,0,0,1,0,0,-0.942,0.729,3.64,0.0562
f70bdc68209e,CHEMPLASTS,2023-10-09,false_touch,0,0,1,0,0,-1.506,-0.335,10.29,0.0592
574d2e1c81aa,ZEEL,2018-03-13,false_touch,0,0,1,0,0,-1.116,1.112,5.77,0.0417
e8714dce9350,CENTURYPLY,2022-08-08,false_touch,0,0,1,0,0,-1.175,1.329,6.27,0.0269
8091705bf3ad,GREAVESCOT,2020-01-20,false_touch,0,0,1,0,0,-1.48,-0.023,6.01,0.0016
00d469720d27,SYMPHONY,2019-08-05,false_touch,0,0,1,0,0,-1.017,0.662,5.68,0.058
f3c3b0c91105,HAVELLS,2022-04-25,false_touch,0,0,1,0,0,-1.633,0.619,3.33,0.0327
099db0e9f951,M&MFIN,2021-04-26,false_touch,0,0,1,0,0,-1.389,-0.214,6.09,0.0091
2650f699edae,ITI,2018-04-09,false_touch,0,0,1,0,0,-1.039,0.367,6.57,0.0373
e7f4918dc394,FIVESTAR,2024-06-24,false_touch,0,0,1,0,0,-1.328,0.567,11.67,0.0133
92ac6b62e225,VOLTAS,2022-02-07,false_touch,0,0,1,0,0,-2.267,1.131,10.27,0.0457
2b778d2b6fea,RAJESHEXPO,2018-02-12,false_touch,0,0,1,0,0,-1.97,0.576,11.62,0.0495
56a7847e6994,SUNTV,2018-04-09,false_touch,0,0,1,0,0,-1.303,1.965,3.53,0.0204
ee7ccf280985,PGHH,2019-12-02,noise_stop,0,0,0,1,0,-1.567,0.42,6.56,0.0048
bc375c013836,TATAINVEST,2023-03-06,noise_stop,0,0,0,1,0,-2.392,1.839,6.44,0.0291
82f8d4e12cb1,GODREJCP,2023-02-20,noise_stop,0,0,0,1,0,-1.175,0.946,10.78,0.0582
2774b35d8e14,BAYERCROP,2024-04-23,noise_stop,0,0,0,1,0,-1.26,1.965,10.52,0.0177
4d6750631c61,HAVELLS,2018-03-19,noise_stop,0,0,0,1,0,-1.445,2.027,2.39,0.0173
9352094fbe7c,COCHINSHIP,2023-03-06,noise_stop,0,0,0,1,0,-1.094,2.082,8.14,0.0455
2fb980911b39,CUB,2024-05-21,noise_stop,0,0,0,1,0,-1.269,3.139,8.08,0.0041
9bd16fc56d56,NHPC,2022-02-21,noise_stop,0,0,0,1,0,-1.111,5.454,6.3,0.0249
7ffdf690a3c2,INDUSINDBK,2023-03-06,noise_stop,0,0,0,1,0,-1.724,0.65,5.77,0.0302
3ca492c8ce08,SBILIFE,2021-12-06,noise_stop,0,0,0,1,0,-1.88,1.961,11.68,0.0376
d037ea82e614,BAJAJHLDNG,2018-06-18,noise_stop,0,0,0,1,0,-1.58,1.254,8.29,0.0356
90b1708b0bb8,ELGIEQUIP,2018-04-30,noise_stop,0,0,0,1,0,-1.429,0.539,9.27,0.0273
9e4d54c48d11,CROMPTON,2018-03-26,noise_stop,0,0,0,1,0,-1.213,1.447,1.91,0.0556
fa36ac28eef4,SUNTECK,2019-07-01,noise_stop,0,0,0,1,0,-1.659,1.564,8.67,0.0385
d3c9f8db8bf9,GAIL,2018-08-20,noise_stop,0,0,0,1,0,-2.168,0.059,12.68,0.036
017ed75bb875,SAIL,2023-07-17,noise_stop,0,0,0,1,0,-1.532,2.37,10.39,0.0096
74e7a4bf4e30,JSWENERGY,2018-02-12,noise_stop,0,0,0,1,0,-1.069,0.575,11.43,0.0589
4d0e18f656ab,RADICO,2022-02-21,noise_stop,0,0,0,1,0,-1.925,-0.101,6.0,0.0074
1a9915a7ba71,UNOMINDA,2023-10-23,noise_stop,0,0,0,1,0,-1.153,5.311,10.42,0.0495
956446d7c05d,M&MFIN,2018-02-12,noise_stop,0,0,0,1,0,-1.657,1.72,10.33,0.0401
f42f927a7280,TORNTPOWER,2018-04-09,noise_stop,0,0,0,1,0,-1.107,0.934,4.86,0.0129
3eb7c01a57ba,VIPIND,2022-06-06,noise_stop,0,0,0,1,0,-1.833,1.525,1.65,0.0439
43998f52249f,APOLLOTYRE,2018-06-11,noise_stop,0,0,0,1,0,-1.358,1.262,5.17,0.0115
921ee566b453,ASIANPAINT,2021-12-13,noise_stop,0,0,0,1,0,-2.364,1.084,12.95,0.0306
f0058bb2c624,PIIND,2023-02-20,noise_stop,0,0,0,1,0,-0.927,0.147,7.33,0.0284
f25005f09efa,RELIANCE,2021-12-13,noise_stop,0,0,0,1,0,-1.338,0.677,11.43,0.0249
910e2185e7d3,TATACHEM,2024-04-08,noise_stop,0,0,0,1,0,-1.469,0.505,11.07,0.0044
1a6b5d17595a,DREDGECORP,2018-02-12,noise_stop,0,0,0,1,0,-1.314,-0.025,12.93,0.0559
c7f5b4285377,SANOFI,2024-04-08,noise_stop,0,0,0,1,0,-0.942,2.782,12.6,0.0129
55b77d1b2252,ASTERDM,2022-11-28,noise_stop,0,0,0,1,0,-1.568,0.752,12.0,0.0243
8a7e4c5b269c,JUBLFOOD,2019-02-04,noise_stop,0,0,0,1,0,-1.293,0.721,3.69,0.0421
e684dffe4222,ACC,2019-05-27,noise_stop,0,0,0,1,0,-1.456,0.487,12.71,0.0526
9bc9929baee9,CHEMPLASTS,2023-12-05,noise_stop,0,0,0,1,0,-1.435,1.329,7.45,0.0082
aa59b58025bb,HATSUN,2018-03-19,noise_stop,0,0,0,1,0,-2.589,4.449,2.2,0.005
2aec67d78797,ZEEL,2018-02-12,noise_stop,0,0,0,1,0,-1.117,0.056,9.05,0.0413
dc00308b34bd,BAJAJHLDNG,2024-05-13,noise_stop,0,0,0,1,0,-1.496,1.019,9.05,0.0327
4d69acd6f226,JBCHEPHARM,2021-11-30,noise_stop,0,0,0,1,0,-1.941,1.641,8.5,0.0057
8bdbca0b6ba3,AIAENG,2018-07-30,noise_stop,0,0,0,1,1,0.33,2.257,11.32,0.0351
ff5cb13c6278,EIHOTEL,2018-05-28,noise_stop,0,0,0,1,0,-0.918,1.661,7.02,0.0268
e9a49d9a772d,CEATLTD,2024-03-26,noise_stop,0,0,0,1,0,-2.29,0.573,11.05,0.0116
afaafe87ecd7,IPCALAB,2019-10-22,strong_winner,0,0,0,0,1,2.947,7.037,5.95,0.0122
a17a868f80fe,M&M,2023-06-05,strong_winner,0,0,0,0,0,3.261,5.963,6.84,0.0208
3373d9d818e7,METROBRAND,2023-02-13,strong_winner,0,0,0,0,1,2.167,4.38,10.04,0.0445
3fe203d5136a,HCLTECH,2023-10-16,strong_winner,0,0,0,0,0,3.997,8.314,13.33,0.0491
bd378420df7b,KSB,2023-07-31,strong_winner,0,0,0,0,1,5.527,14.119,10.01,0.0224
c5ddb71c6004,BANKBARODA,2021-05-03,strong_winner,0,0,0,0,0,3.245,7.952,11.41,0.0158
5d3a077154c7,SWSOLAR,2023-11-28,strong_winner,0,0,0,0,1,3.667,6.401,8.74,0.0144
1ab3501c7971,DIVISLAB,2018-06-18,strong_winner,0,0,0,0,1,2.359,5.061,8.4,0.0118
32891a4bfc32,GUJALKALI,2024-02-06,strong_winner,0,0,0,0,0,3.422,5.03,10.58,0.0205
cda0c277c040,CARERATING,2021-05-03,strong_winner,0,0,0,0,0,4.057,7.131,13.8,0.0263
42bb7d56e671,TRENT,2023-02-20,strong_winner,0,0,0,0,0,3.823,6.508,5.16,0.0118
a0d124673169,CASTROLIND,2023-11-13,strong_winner,0,0,0,0,1,8.288,18.47,10.23,0.0515
c7c9177d9db2,GODFRYPHLP,2019-10-14,strong_winner,0,0,0,0,0,3.753,7.066,4.83,0.037
b817425f6e5d,LTTS,2023-11-06,strong_winner,0,0,0,0,0,7.092,14.792,8.88,0.0419
585d43276af8,VGUARD,2023-03-06,strong_winner,0,0,0,0,1,3.908,10.994,2.17,0.0087
076cb3870276,NAUKRI,2018-07-30,strong_winner,0,0,0,0,1,2.578,4.371,13.39,0.0445
af0715ed3e40,GODREJCP,2018-02-26,strong_winner,0,0,0,0,0,5.599,13.96,9.42,0.0462
61bb47fc4c8a,VARROC,2024-03-27,strong_winner,0,0,0,0,0,2.172,4.137,11.68,0.0046
c96f74aac064,VGUARD,2023-07-31,strong_winner,0,0,0,0,1,2.583,5.584,11.86,0.029
4feb067a592b,PIIND,2023-04-24,strong_winner,0,0,0,0,0,2.625,4.111,1.14,0.0026
9f1b9b844ae3,BOSCHLTD,2023-10-16,strong_winner,0,0,0,0,0,4.236,7.168,12.41,0.0461
498dd8c249c3,CUMMINSIND,2023-11-20,strong_winner,0,0,0,0,1,6.513,16.267,8.32,0.0156
7e6d37d0b69e,UNOMINDA,2018-05-21,strong_winner,0,0,0,0,0,2.819,4.077,7.49,0.0354
90c5ebef6b25,3MINDIA,2023-03-06,strong_winner,0,0,0,0,0,2.159,3.506,6.28,0.0346
2bcbb665ee39,CUB,2018-10-15,strong_winner,0,0,0,0,0,2.562,3.586,1.84,0.0467
7f1827ec2115,TIINDIA,2023-10-23,strong_winner,0,0,0,0,1,3.656,8.262,6.95,0.0126
7397a6bbd193,SAREGAMA,2024-02-19,strong_winner,0,0,0,0,0,2.152,2.412,12.49,0.0039
ab0497197094,LTTS,2022-02-21,strong_winner,0,0,0,0,1,2.149,4.809,6.74,0.023
7eff3b199046,DRREDDY,2023-11-13,strong_winner,0,0,0,0,0,2.536,5.108,9.0,0.0373
995f3a0db0be,ASTERDM,2023-02-20,strong_winner,0,0,0,0,1,3.267,6.113,4.77,0.0026
d0717bc3d0f6,HONAUT,2019-02-18,strong_winner,0,0,0,0,1,2.341,10.368,4.76,0.0582
ef891dc7ee99,HONAUT,2019-12-16,strong_winner,0,0,0,0,0,2.034,5.818,8.21,0.016
5572c9f68541,SUNPHARMA,2021-12-20,strong_winner,0,0,0,0,0,2.412,5.556,7.6,0.0206
b0b4b8000244,INDUSINDBK,2018-03-05,strong_winner,0,0,0,0,0,2.58,6.051,3.99,0.0044
52f08a98d2c1,TATASTEEL,2023-07-19,strong_winner,0,0,0,0,0,2.267,3.019,10.58,0.0199
e16496abf4cf,BAJFINANCE,2018-04-02,strong_winner,0,0,0,0,1,4.199,11.937,4.19,0.0312
ba729b878e60,HDFCBANK,2018-04-02,strong_winner,0,0,0,0,0,2.735,5.716,4.47,0.043
f8c2830a7bbf,MAHLOG,2021-12-27,strong_winner,0,0,0,0,0,2.02,2.588,4.72,0.0006
8c323d7655a9,TORNTPHARM,2023-05-22,strong_winner,0,0,0,0,0,3.669,6.731,6.71,0.0408
1aff36bdd0c4,EPIGRAL,2024-04-01,strong_winner,0,0,0,0,1,2.555,4.909,10.44,0.0176
d3590b636879,OMAXE,2018-03-12,false_touch,0,1,1,0,0,-1.389,0.536,7.9,0.0681
d777bfeaaa55,JKTYRE,2018-04-02,false_touch,0,1,1,0,0,-1.402,0.203,4.47,0.0655
a396ad4bc600,GODREJCP,2018-12-17,false_touch,0,1,1,0,0,-1.184,0.159,7.41,0.0636
a7be0ea6be1b,POWERGRID,2019-09-09,false_touch,0,1,1,0,0,-1.459,0.38,7.26,0.0967
aaf0eb12ad3f,EDELWEISS,2023-02-13,false_touch,0,1,1,0,0,-1.353,-0.412,12.23,0.0913
9518e4d307bf,CHOLAFIN,2018-07-16,false_touch,0,1,1,0,0,-1.112,0.098,13.77,0.0712
04bae24f1b6c,BAJAJELEC,2021-12-20,false_touch,0,1,1,0,0,-1.328,0.637,12.88,0.1163
687f4a2a1876,AETHER,2023-08-16,false_touch,0,1,1,0,0,-1.789,-0.273,13.28,0.068
e9a17e2e026e,NAVINFLUOR,2023-05-03,false_touch,0,1,1,0,0,-1.474,0.026,12.3,0.1005
e7fa0ad19c01,BALRAMCHIN,2020-02-10,false_touch,0,1,1,0,0,-1.484,0.29,11.52,0.0769
5185489afff3,CGCL,2023-09-04,false_touch,0,1,1,0,0,-1.675,0.23,13.4,0.0696
9da380305580,UNOMINDA,2020-02-24,false_touch,0,1,1,0,0,-2.992,-0.249,11.29,0.08
c9737712a97a,HOMEFIRST,2022-10-03,false_touch,0,1,1,0,0,-1.463,0.279,10.28,0.1015
08e494d584c8,INDIGOPNTS,2023-11-13,false_touch,0,1,1,0,0,-1.018,0.206,13.38,0.0768
fed398299452,CANFINHOME,2022-04-04,false_touch,0,1,1,0,0,-1.602,0.145,12.11,0.0736
51b4d9ff3f05,AMBER,2022-04-25,false_touch,0,1,1,0,0,-3.663,2.374,9.54,0.0914
95e98ad579d8,OFSS,2018-10-08,false_touch,0,1,1,0,0,-1.662,-0.485,3.59,0.0744
c828cf25158f,AARTIIND,2019-08-05,false_touch,0,1,1,0,0,-1.435,1.894,11.38,0.1133
bee6fa9478ad,LT,2019-06-24,false_touch,0,1,1,0,0,-1.189,0.224,13.26,0.0647
0318cbd1ff9d,POLYCAB,2022-05-16,false_touch,0,1,1,0,0,-1.567,0.287,8.73,0.165
7ebd3f7dc3ff,POONAWALLA,2023-02-20,false_touch,0,1,1,0,0,-1.349,-0.23,10.13,0.0652
a8bfd46e2010,GAIL,2018-02-12,false_touch,0,1,1,0,0,-1.012,0.273,12.31,0.0676
1c73fbec7eda,SANOFI,2019-01-14,false_touch,0,1,1,0,0,0.237,2.071,9.42,0.0874
9c94e4028885,IRCTC,2022-03-14,false_touch,0,1,1,0,0,-1.272,2.592,8.25,0.0903
c3cbcddb28bf,REDINGTON,2022-04-18,false_touch,0,1,1,0,0,-1.046,0.041,8.71,0.0677
215e75cd0bae,OBEROIRLTY,2022-03-14,false_touch,0,1,1,0,0,-1.129,0.722,13.27,0.1416
91ea3ec10227,KSCL,2019-02-04,false_touch,0,1,1,0,0,-1.633,-0.288,6.34,0.0737
95315bc4af20,VIPIND,2018-11-05,false_touch,0,1,1,0,0,-1.096,1.052,12.07,0.1272
707f6091eada,HERITGFOOD,2018-03-19,false_touch,0,1,1,0,0,-1.262,0.012,9.06,0.0673
bae51b97e765,LT,2018-04-02,false_touch,0,1,1,0,0,-0.916,2.003,7.68,0.0793
2f8787e5abf1,SUNTECK,2022-07-18,false_touch,0,1,1,0,0,-2.707,1.669,7.63,0.1331
d88d6298f409,CYIENT,2018-10-01,false_touch,0,1,1,0,0,-1.805,0.444,10.19,0.0638
b64a6f05edc8,RAMCOCEM,2018-05-14,false_touch,0,1,1,0,0,-2.577,0.516,13.34,0.0871
711bc81f6d72,JSWSTEEL,2018-11-05,false_touch,0,1,1,0,0,-1.23,0.069,7.56,0.0849
de40b9e97079,MCX,2023-03-20,false_touch,0,1,1,0,0,-2.587,0.67,7.34,0.0861
a3f2b68dfd19,KOTAKBANK,2020-03-09,false_touch,0,1,1,0,0,-10.23,-0.327,1.51,0.0947
b9c9bf226168,THOMASCOOK,2018-03-12,false_touch,0,1,1,0,0,-1.953,1.593,11.31,0.0874
e5719d1fcd06,GRINDWELL,2022-10-31,false_touch,0,1,1,0,0,-2.202,1.609,12.2,0.0737
42737d21cef0,MARICO,2019-09-03,false_touch,0,1,1,0,0,-0.911,0.254,8.16,0.0954
bd77c8d2dd64,POWERINDIA,2022-09-26,false_touch,0,1,1,0,0,-0.949,-0.234,11.65,0.0647
bd18556c00ac,TEAMLEASE,2019-02-18,noise_stop,0,1,0,1,0,-1.534,0.794,7.38,0.0785
d0dae0011bd9,INFY,2019-08-26,noise_stop,0,1,0,1,0,-4.647,1.963,11.66,0.1555
a1310a00bc2c,PRAJIND,2018-02-12,noise_stop,0,1,0,1,0,-1.976,0.25,12.99,0.0812
4d7dadf8b760,TORNTPOWER,2019-09-16,noise_stop,0,1,0,1,0,-0.973,2.082,8.36,0.0977
8b72a11803cb,RECLTD,2019-08-13,noise_stop,0,1,0,1,0,-1.24,0.469,11.55,0.1019
2457fc5b48d0,SUPREMEIND,2019-10-22,noise_stop,0,1,0,1,0,-2.415,1.302,13.41,0.0914
028e65586ae1,AXISBANK,2018-10-01,noise_stop,0,1,0,1,0,-1.655,0.341,10.81,0.091
0f736615b43b,REDINGTON,2022-03-07,noise_stop,0,1,0,1,0,-0.758,3.031,4.45,0.0682
b5cf22826770,ANGELONE,2022-05-23,noise_stop,0,1,0,1,0,-1.422,0.284,8.19,0.1324
7035cefabb26,SIEMENS,2022-02-07,noise_stop,0,1,0,1,0,-1.484,0.81,11.46,0.0716
0ee404dd78bb,SUNPHARMA,2022-05-16,noise_stop,0,1,0,1,0,-1.732,0.858,7.62,0.1668
50ada30e4850,SJVN,2022-03-14,noise_stop,0,1,0,1,0,-0.864,0.459,6.13,0.074
59fa6a99a785,UNITDSPR,2022-03-14,noise_stop,0,1,0,1,0,-1.336,0.818,7.96,0.078
5cfae4b303fc,CROMPTON,2019-10-14,noise_stop,0,1,0,1,0,-1.108,2.07,12.66,0.1273
8d691bb4f395,EIHOTEL,2022-06-06,noise_stop,0,1,0,1,0,-1.274,-0.376,5.17,0.0804
e45a60df7400,HINDALCO,2023-10-03,noise_stop,0,1,0,1,0,-1.306,1.842,10.31,0.0614
adaafeed28e0,JKIL,2018-03-19,noise_stop,0,1,0,1,0,-1.116,-0.353,10.97,0.0958
82ad4efb565a,AXISBANK,2018-10-15,noise_stop,0,1,0,1,0,-1.122,1.193,5.06,0.0839
2ce8a41af1b8,NHPC,2022-05-23,noise_stop,0,1,0,1,0,-1.355,1.49,11.87,0.1616
ed53776a293b,BLUESTARCO,2019-07-29,noise_stop,0,1,0,1,0,-2.485,1.19,13.17,0.1099
3f694ebb9bbd,POWERGRID,2022-07-12,noise_stop,0,1,0,1,1,0.346,2.474,6.02,0.1131
4f37632df02a,HDFCLIFE,2023-09-04,noise_stop,0,1,0,1,0,-1.73,2.247,13.38,0.0621
374e99a33734,ICICIGI,2020-03-09,noise_stop,0,1,0,1,0,-1.23,-0.405,1.15,0.0665
029976e86049,BAJAJFINSV,2019-08-13,noise_stop,0,1,0,1,0,-0.636,1.68,9.32,0.086
c7c83461e546,ABB,2022-02-28,noise_stop,0,1,0,1,0,-1.156,1.489,9.73,0.1098
0457e80ed074,BALRAMCHIN,2022-06-13,noise_stop,0,1,0,1,0,-2.395,-0.143,1.75,0.0851
f278904c8942,SANOFI,2020-02-10,noise_stop,0,1,0,1,0,-0.43,3.61,11.92,0.062
ecbdf306de17,VAIBHAVGBL,2019-11-19,noise_stop,0,1,0,1,0,-1.011,1.603,13.17,0.0769
0829b3f26fd6,SOBHA,2019-08-13,noise_stop,0,1,0,1,0,-1.496,0.223,11.1,0.1085
54579c32186a,RELIANCE,2022-05-23,noise_stop,0,1,0,1,0,-1.175,0.778,7.73,0.1267
23f1b5bf012d,ITC,2018-10-23,noise_stop,0,1,0,1,0,-1.4,0.44,3.71,0.0931
2e9284fd0023,IRB,2022-05-26,noise_stop,0,1,0,1,0,-0.982,-0.031,4.97,0.1106
26bf4f8ce098,SKFINDIA,2018-04-02,noise_stop,0,1,0,1,0,-1.256,1.915,5.6,0.062
cec27e1737a2,EDELWEISS,2018-03-05,noise_stop,0,1,0,1,0,-2.325,0.18,12.83,0.0683
5259698e4425,MARUTI,2018-04-02,noise_stop,0,1,0,1,0,-1.226,0.812,8.77,0.0697
62dda4f3a5e6,HDFCBANK,2023-02-06,noise_stop,0,1,0,1,0,-1.18,0.416,12.66,0.0875
1c3d6777b1bb,KPRMILL,2022-05-23,noise_stop,0,1,0,1,0,-1.755,1.182,5.88,0.0805
8fb803e04872,RAYMOND,2023-03-06,noise_stop,0,1,0,1,0,-0.973,5.602,12.97,0.0962
80449bec33dd,BAJAJFINSV,2019-10-22,noise_stop,0,1,0,1,0,-0.652,3.275,13.42,0.0866
580a743bd2ec,ALKEM,2018-02-12,noise_stop,0,1,0,1,0,-1.203,0.772,11.25,0.0874
efe50ce2d40f,NESTLEIND,2023-05-02,strong_winner,0,1,0,0,0,2.738,3.841,13.04,0.1022
3cdeb163a379,ELGIEQUIP,2022-10-17,strong_winner,0,1,0,0,0,2.321,3.208,13.46,0.1059
7ee84c0eed61,SUNPHARMA,2023-08-21,strong_winner,0,1,0,0,0,3.817,6.942,12.09,0.0649
fb0e96ab6e56,HINDUNILVR,2020-06-15,strong_winner,0,1,0,0,0,2.184,4.726,2.67,0.0895
5721bd472949,MAHABANK,2023-04-03,strong_winner,0,1,0,0,1,2.424,3.824,11.01,0.0912
6ee6e831ace8,DRREDDY,2019-03-05,strong_winner,0,1,0,0,0,2.492,5.438,8.96,0.0762
5f25e113e932,LINDEINDIA,2020-08-10,strong_winner,0,1,0,0,1,3.118,5.503,12.73,0.0684
ea27a49d1929,IRB,2023-10-03,strong_winner,0,1,0,0,1,4.39,8.808,13.33,0.0671
a6672ceee2b4,KEI,2023-03-20,strong_winner,0,1,0,0,1,6.686,17.929,10.06,0.1269
01b3eb7f0a22,GPPL,2023-11-06,strong_winner,0,1,0,0,0,7.89,14.42,13.14,0.076
2f52d3770259,JKCEMENT,2023-04-03,strong_winner,0,1,0,0,0,2.489,3.551,9.93,0.0851
73dbcd364286,TATAINVEST,2023-09-04,strong_winner,0,1,0,0,0,13.178,29.488,12.53,0.0621
00ae829ae4ad,MAXHEALTH,2023-03-13,strong_winner,0,1,0,0,1,2.142,4.149,12.58,0.1147
19cdf4bf2f8e,NAUKRI,2019-09-03,strong_winner,0,1,0,0,0,2.066,3.45,10.09,0.0966
b37c86ffec28,UFLEX,2022-05-23,strong_winner,0,1,0,0,0,2.653,2.384,5.38,0.1181
b46a0e992f59,PFIZER,2018-04-02,strong_winner,0,1,0,0,0,2.602,3.525,13.34,0.132
c9df8a1858c4,NTPC,2022-08-01,strong_winner,0,1,0,0,0,2.155,4.609,10.31,0.0897
fac4c8d777dc,ABB,2023-05-02,strong_winner,0,1,0,0,0,2.545,4.191,13.03,0.0901
33dacbd4b848,IRFC,2023-04-10,strong_winner,0,1,0,0,0,3.583,8.749,10.52,0.0784
03ade1875c18,RITES,2019-09-09,strong_winner,0,1,0,0,0,4.143,9.08,8.76,0.1254
f5708bf9e795,NESCO,2019-08-19,strong_winner,0,1,0,0,0,7.231,16.716,10.59,0.1178
984188a0f0a0,GRASIM,2023-11-13,strong_winner,0,1,0,0,0,2.057,3.904,11.53,0.0661
88a1a082d516,HCLTECH,2023-05-30,strong_winner,0,1,0,0,0,2.897,4.675,10.5,0.0638
62e94bd66583,GAIL,2023-11-07,strong_winner,0,1,0,0,1,4.657,10.197,13.19,0.0866
542a31d9217c,CEATLTD,2023-05-08,strong_winner,0,1,0,0,0,2.797,3.919,13.35,0.0917
6fd015fa695a,IIFL,2022-05-23,strong_winner,0,1,0,0,1,2.512,5.147,3.74,0.1
40a3a897dae1,AXISBANK,2018-11-07,strong_winner,0,1,0,0,0,2.308,2.824,9.86,0.1207
c1dd20e7b93d,GODREJCP,2023-03-20,strong_winner,0,1,0,0,0,2.044,2.821,9.92,0.1018
44ca0502d50f,IEX,2022-03-07,strong_winner,0,1,0,0,1,2.155,5.244,5.7,0.1009
c84891f90bcf,POWERGRID,2022-02-28,strong_winner,0,1,0,0,0,3.52,6.315,12.03,0.1279
6cc5a595cb6a,FINPIPE,2023-04-03,strong_winner,0,1,0,0,0,3.807,6.156,13.53,0.1138
55d74384a927,NHPC,2022-06-30,strong_winner,0,1,0,0,1,2.319,7.017,4.25,0.1268
9671c926b5e4,HAVELLS,2018-10-08,strong_winner,0,1,0,0,0,2.302,3.28,4.77,0.1025
10d03b646006,CSBBANK,2023-03-27,strong_winner,0,1,0,0,0,2.022,2.609,7.81,0.0916
7ddc2661d79d,SIEMENS,2022-03-14,strong_winner,0,1,0,0,0,2.332,4.114,7.2,0.0887
afea823b8a1b,BPCL,2023-06-19,strong_winner,0,1,0,0,0,3.612,6.837,12.99,0.0726
0772a54b25f0,ICICIGI,2018-11-05,strong_winner,0,1,0,0,1,3.167,7.478,7.63,0.0992
6e0f2dbd2443,KAJARIACER,2023-05-29,strong_winner,0,1,0,0,0,2.308,2.805,13.94,0.087
48345a2ddbc2,COFORGE,2019-10-14,strong_winner,0,1,0,0,0,2.097,3.159,8.19,0.0698
dec92d86b8dd,BLS,2023-04-05,strong_winner,0,1,0,0,1,2.255,4.962,12.66,0.1053
488a283dc041,POLYPLEX,2022-07-01,false_touch,0,2,1,0,0,-1.053,1.027,10.99,0.197
0756ad829d67,BIRLACORPN,2020-03-09,false_touch,0,2,1,0,0,-3.478,-0.422,12.06,0.194
b52e81c5eff2,RTNINDIA,2022-06-06,noise_stop,0,2,0,1,0,-1.022,-0.039,7.67,0.1874
cd5999b0d335,DABUR,2020-04-13,noise_stop,0,2,0,1,0,-1.052,0.342,7.41,0.3048
efcbefbf4fd5,PIIND,2020-04-13,strong_winner,0,2,0,0,0,2.251,3.408,5.36,0.2962
7f8162db9cca,NATCOPHARM,2020-04-13,strong_winner,0,2,0,0,1,2.467,5.938,4.44,0.2558
1b77147a1f1d,POONAWALLA,2024-03-18,false_touch,1,0,1,0,0,-1.476,1.2,15.04,0.0471
41166384c32e,FEDERALBNK,2022-01-17,false_touch,1,0,1,0,0,-0.994,0.637,16.19,0.0459
f72cda4526be,WELCORP,2021-07-19,false_touch,1,0,1,0,0,-0.986,-0.106,15.04,0.0354
b86c11886077,MSUMI,2024-02-05,false_touch,1,0,1,0,0,-1.1,1.06,17.41,0.0417
9e7db1d24391,LTF,2021-06-08,false_touch,1,0,1,0,0,-1.426,0.225,20.3,0.0356
c4672f8da484,PFIZER,2024-02-19,false_touch,1,0,1,0,0,-1.371,0.153,15.21,0.038
e3a37d1ba8a9,PRESTIGE,2021-03-30,false_touch,1,0,1,0,0,-1.174,0.034,23.85,0.0466
7697364177b4,SBICARD,2021-06-14,false_touch,1,0,1,0,0,-1.463,-0.315,19.52,0.026
c232eb5fe6d6,NESCO,2021-10-11,false_touch,1,0,1,0,0,-1.12,0.222,14.97,0.004
5a8123aafb12,SAIL,2021-10-20,false_touch,1,0,1,0,0,0.041,0.646,21.5,0.0199
53155302e122,JUSTDIAL,2021-09-06,false_touch,1,0,1,0,0,-1.376,0.334,21.29,0.0288
e49ffd661bfb,ZFCVINDIA,2021-11-15,false_touch,1,0,1,0,0,-1.296,1.132,19.46,0.0392
a652bfb934fc,JYOTHYLAB,2021-07-05,false_touch,1,0,1,0,0,-1.281,0.579,15.66,0.0148
951cda8eeaf2,COLPAL,2021-07-26,false_touch,1,0,1,0,0,-1.278,0.034,14.93,0.0306
8c030cbf33a7,IRCON,2021-10-25,false_touch,1,0,1,0,0,-1.134,-0.387,21.48,0.0218
3830dd670ad1,HAVELLS,2021-11-15,false_touch,1,0,1,0,0,-1.402,0.431,19.94,0.0523
9e447a35592d,SHILPAMED,2021-10-11,false_touch,1,0,1,0,0,-1.044,0.82,22.45,0.0567
8dbfec25b401,JKCEMENT,2021-11-01,false_touch,1,0,1,0,0,-1.158,1.384,15.62,0.004
38c04b3b3244,LICHSGFIN,2021-07-19,false_touch,1,0,1,0,0,-1.236,-0.477,17.28,0.0421
a1e42a29e9e2,ICICIPRULI,2021-11-15,false_touch,1,0,1,0,0,-1.89,-0.271,18.28,0.0284
4ba5aa47a83d,VARROC,2021-05-24,false_touch,1,0,1,0,0,-0.942,0.286,19.51,0.0142
36dd9ff8706f,NBCC,2022-01-17,false_touch,1,0,1,0,0,-1.169,-0.069,14.39,0.0306
ebe6ac50fd81,RELIANCE,2021-11-16,false_touch,1,0,1,0,0,-1.15,-0.468,18.32,0.0456
3b066ad3dd63,KOTAKBANK,2021-10-25,false_touch,1,0,1,0,0,-1.05,0.267,17.3,0.0321
776c6e66ef3b,VGUARD,2021-05-24,false_touch,1,0,1,0,0,-1.139,2.068,20.23,0.0471
fabbce3bbc59,MGL,2021-03-08,false_touch,1,0,1,0,0,-1.058,0.159,26.52,0.0202
6b500bc43e69,LUPIN,2021-05-10,false_touch,1,0,1,0,0,-1.374,0.102,23.64,0.0592
9356c31bed49,BAYERCROP,2024-06-18,false_touch,1,0,1,0,0,-1.457,1.616,14.18,0.023
c389a4f93b40,GODREJAGRO,2021-06-28,false_touch,1,0,1,0,0,-1.169,1.402,19.06,0.0339
64ae9dd6019a,IPCALAB,2020-11-23,false_touch,1,0,1,0,0,-1.099,1.225,24.41,0.0036
a2bac1547fdb,SUNTECK,2018-08-13,false_touch,1,0,1,0,0,-1.312,1.307,14.68,0.0435
522e0261caa5,ERIS,2021-09-07,noise_stop,1,0,0,1,0,-0.319,2.416,19.11,0.0318
3560e9b4164c,USHAMART,2024-01-24,noise_stop,1,0,0,1,0,-1.329,0.704,17.07,0.0303
0da9c1daf649,FLUOROCHEM,2021-03-15,noise_stop,1,0,0,1,0,-1.208,4.131,25.52,0.0011
a0d840b4012e,ASIANPAINT,2021-10-11,noise_stop,1,0,0,1,0,-2.536,-0.02,19.07,0.0254
3ef21c253cb4,AAVAS,2021-10-20,noise_stop,1,0,0,1,0,-1.188,0.639,21.75,0.0222
9660dac3a1d3,BERGEPAINT,2021-03-30,noise_stop,1,0,0,1,0,-1.065,1.421,21.5,0.0393
66548646043c,JKCEMENT,2021-10-11,noise_stop,1,0,0,1,0,-1.203,1.882,22.38,0.0288
ff478e399e0c,USHAMART,2024-04-22,noise_stop,1,0,0,1,0,-1.524,1.851,14.05,0.0367
703190fccbc4,SHOPERSTOP,2021-04-05,noise_stop,1,0,0,1,0,-1.445,-0.781,14.44,0.0051
cde6ef90f828,FINCABLES,2021-09-13,noise_stop,1,0,0,1,0,-1.217,4.203,20.31,0.0224
5f4d2d00b278,SOLARINDS,2021-04-12,noise_stop,1,0,0,1,0,-1.152,2.408,21.59,0.0197
e311a6fa5a40,VINATIORGA,2021-11-08,noise_stop,1,0,0,1,0,-0.921,0.986,17.15,0.0316
07aa317c0be7,MAHLIFE,2024-02-19,noise_stop,1,0,0,1,0,-1.331,1.703,17.4,0.038
c147317343e5,HCLTECH,2021-11-08,noise_stop,1,0,0,1,0,-1.53,0.399,16.07,0.0238
c1dc0a31e39c,IGL,2021-04-12,noise_stop,1,0,0,1,0,-1.616,2.069,15.31,0.029
fa37db1d9862,FINCABLES,2021-03-30,noise_stop,1,0,0,1,0,-1.306,3.173,22.62,0.0517
67e2f13cf533,JKCEMENT,2024-03-26,noise_stop,1,0,0,1,0,-1.844,2.244,15.01,0.0558
351af5477bd8,NAM-INDIA,2021-04-12,noise_stop,1,0,0,1,0,-1.158,0.436,16.07,0.0294
d28ab15745c6,ONGC,2021-07-26,noise_stop,1,0,0,1,0,-1.385,6.91,17.15,0.0462
596ab0331586,SUNPHARMA,2021-11-15,noise_stop,1,0,0,1,0,-1.395,0.269,16.36,0.0147
eaaced97b236,DEEPAKNTR,2024-04-29,noise_stop,1,0,0,1,0,-0.958,0.744,14.62,0.0428
1fe69369718d,TITAN,2021-03-30,noise_stop,1,0,0,1,0,-0.893,3.547,19.93,0.0269
01aefe092f9e,MRPL,2021-10-04,noise_stop,1,0,0,1,0,-1.061,0.511,21.49,0.0355
5c5be3481f39,CHALET,2022-11-28,noise_stop,1,0,0,1,0,-0.926,0.336,14.56,0.0447
631989733357,VMART,2021-05-10,noise_stop,1,0,0,1,0,-1.538,2.544,17.86,0.0506
0c5441b66316,SUNPHARMA,2022-01-17,noise_stop,1,0,0,1,0,-1.321,0.986,17.1,0.0468
639284b0b710,INDIGO,2021-09-06,noise_stop,1,0,0,1,0,-1.511,1.813,18.46,0.0108
d3b30263e58d,PETRONET,2023-09-11,noise_stop,1,0,0,1,0,-1.606,-0.084,14.51,0.045
b2f4af162da9,ATUL,2022-01-17,noise_stop,1,0,0,1,0,-1.041,0.131,18.65,0.0593
13978f762957,RITES,2021-10-25,noise_stop,1,0,0,1,0,-1.1,-0.321,23.57,0.0481
f422fefca766,RAYMOND,2021-04-05,noise_stop,1,0,0,1,0,-3.889,0.507,18.09,0.0296
94ca88746b87,COFORGE,2021-03-15,strong_winner,1,0,0,0,1,6.319,12.904,27.32,0.0233
7e5c3ca460df,PRESTIGE,2021-07-19,strong_winner,1,0,0,0,1,2.981,6.514,16.1,0.0491
0102f42e2309,ONGC,2021-09-20,strong_winner,1,0,0,0,0,2.269,2.959,18.28,0.0266
780a41f47de8,MOTILALOFS,2021-05-10,strong_winner,1,0,0,0,0,2.738,4.136,14.5,0.0079
63be21852f85,ADVENZYMES,2021-04-05,strong_winner,1,0,0,0,0,3.824,12.015,23.18,0.0322
bedac8f0dfa7,RAYMOND,2021-05-24,strong_winner,1,0,0,0,1,2.159,4.697,17.08,0.0105
f832249a1090,CENTRALBK,2021-05-17,strong_winner,1,0,0,0,1,2.21,6.633,15.67,0.0538
2dae30e0d905,INDHOTEL,2021-05-24,strong_winner,1,0,0,0,1,2.637,5.985,19.03,0.0228
a2257309e4ff,DIVISLAB,2024-01-08,strong_winner,1,0,0,0,0,2.469,3.203,14.63,0.0084
73110c64236e,ASAHIINDIA,2021-09-01,strong_winner,1,0,0,0,0,2.96,4.779,18.71,0.0493
f49773b1f08e,CRISIL,2024-02-12,strong_winner,1,0,0,0,0,2.255,4.784,15.67,0.0426
209cfddc87ef,LTTS,2020-11-17,strong_winner,1,0,0,0,0,5.242,11.202,18.3,0.0084
6b9fb631a6b6,FINEORG,2021-05-03,strong_winner,1,0,0,0,0,2.44,3.62,17.28,0.0191
72a4b8bbd07a,ECLERX,2023-09-11,strong_winner,1,0,0,0,1,2.821,6.478,15.41,0.0605
be0dd367268b,GUJGASLTD,2024-04-01,strong_winner,1,0,0,0,0,3.602,6.787,14.18,0.0491
d12aef6340bc,UBL,2021-05-24,strong_winner,1,0,0,0,1,2.856,5.675,15.33,0.0038
8f4dd96c767d,ACC,2021-03-30,strong_winner,1,0,0,0,0,2.921,4.918,22.03,0.0414
c88debd4a729,FORTIS,2021-03-08,strong_winner,1,0,0,0,0,2.176,3.034,27.19,0.0309
cff5a9672171,JINDALSAW,2021-03-01,strong_winner,1,0,0,0,1,2.033,5.166,26.73,0.0284
ee6ff8f4b185,RATNAMANI,2020-08-24,strong_winner,1,0,0,0,0,2.909,4.104,16.03,0.0608
dcdc5bf3f3d9,ORIENTELEC,2021-05-10,strong_winner,1,0,0,0,0,2.684,6.205,19.24,0.04
84a586f55480,AARTIIND,2021-03-30,strong_winner,1,0,0,0,0,4.133,8.788,23.05,0.0389
fa7bff92a090,J&KBANK,2021-05-10,strong_winner,1,0,0,0,0,3.964,7.572,16.05,0.0118
14245e2bc893,UFLEX,2021-08-30,strong_winner,1,0,0,0,0,2.417,2.976,15.86,0.0131
99d995bd89b1,RAJESHEXPO,2021-10-18,strong_winner,1,0,0,0,1,2.216,3.737,19.68,0.0119
acf31cacbfe6,LEMONTREE,2021-05-24,strong_winner,1,0,0,0,0,3.655,6.382,18.06,0.0162
cb804b651a43,LUPIN,2024-06-10,strong_winner,1,0,0,0,1,2.527,4.354,18.57,0.0566
b3f41ec1097f,BASF,2020-11-09,strong_winner,1,0,0,0,1,2.442,4.399,24.46,0.0527
374e1e098619,LUXIND,2021-03-15,strong_winner,1,0,0,0,1,2.726,22.765,24.74,0.0021
1a50b7b0660f,CAMS,2024-01-10,strong_winner,1,0,0,0,1,2.937,6.471,17.63,0.0365
7e462e1eae46,GMRAIRPORT,2020-12-01,strong_winner,1,0,0,0,0,2.466,4.021,27.33,0.054
66a60a84b6e4,CRISIL,2020-02-24,false_touch,1,1,1,0,0,-1.076,-0.204,15.06,0.0961
4203fde65b63,PIIND,2023-07-04,false_touch,1,1,1,0,0,-1.082,0.05,17.79,0.1181
2df20ed45c18,ASIANPAINT,2018-07-16,false_touch,1,1,1,0,0,-1.223,0.747,15.81,0.103
11860ca8271e,LT,2022-02-07,false_touch,1,1,1,0,0,-2.043,-0.384,15.88,0.1026
ac9b04c4c841,BALKRISIND,2023-10-30,false_touch,1,1,1,0,0,-1.186,0.93,14.64,0.116
9310b34433ef,FEDERALBNK,2019-05-27,false_touch,1,1,1,0,0,-1.048,0.217,22.0,0.1374
ad29c8bacf91,NAVINFLUOR,2018-02-15,false_touch,1,1,1,0,0,-1.126,0.228,16.26,0.1263
10f6677f0acf,LUPIN,2024-05-21,false_touch,1,1,1,0,0,-0.617,2.944,21.41,0.1286
596a7603ad03,CUB,2022-11-28,false_touch,1,1,1,0,0,-2.806,2.111,22.83,0.1239
f75ae0125edd,HINDPETRO,2019-07-22,false_touch,1,1,1,0,0,-1.586,0.414,17.47,0.1447
25de6f94fb7e,ICICIBANK,2022-02-07,false_touch,1,1,1,0,0,-3.687,0.531,14.4,0.09
d6c1ee14eb0d,AXISBANK,2019-07-01,false_touch,1,1,1,0,0,-1.473,-0.006,18.16,0.1028
7fa08fd492ab,MRF,2022-11-07,false_touch,1,1,1,0,0,-0.99,0.39,21.02,0.1261
668396044177,RATNAMANI,2020-01-06,false_touch,1,1,1,0,0,-1.119,1.305,18.43,0.1134
8f36b15f0750,SUPRAJIT,2022-02-07,false_touch,1,1,1,0,0,-4.167,-0.806,20.21,0.1459
757857470d7e,AAVAS,2020-02-17,false_touch,1,1,1,0,0,-1.783,0.652,18.28,0.1124
9daec6d367fb,IDBI,2020-10-19,false_touch,1,1,1,0,0,-1.198,0.812,17.41,0.1036
3e0f53ebe133,TATACOMM,2021-06-14,false_touch,1,1,1,0,0,-1.196,1.156,25.13,0.0765
f2afe126b3df,HAL,2020-01-27,false_touch,1,1,1,0,0,-1.104,-0.134,19.84,0.1377
b91855878b87,TNPL,2018-02-12,false_touch,1,1,1,0,0,-1.11,-0.141,19.68,0.1196
b6609eb0aef9,GUJALKALI,2022-08-22,false_touch,1,1,1,0,0,-1.007,0.838,17.44,0.1186
2177ced44ce9,JBMA,2024-05-06,false_touch,1,1,1,0,0,-1.045,2.003,25.55,0.158
6673a379f8a0,ASHOKA,2018-02-14,false_touch,1,1,1,0,0,-1.007,1.121,17.11,0.1382
f85f123bc038,PGHL,2019-10-29,false_touch,1,1,1,0,0,-0.95,1.366,22.32,0.1612
7548e2f326ed,IEX,2022-04-11,false_touch,1,1,1,0,0,-2.353,-0.513,16.59,0.0853
4c120850f3c1,CUB,2023-01-02,false_touch,1,1,1,0,0,-1.306,-0.051,14.53,0.0692
c68a127f9fcd,SANOFI,2020-10-05,false_touch,1,1,1,0,0,-2.097,0.153,18.3,0.0845
e218e81aa51e,GLENMARK,2018-12-31,false_touch,1,1,1,0,0,-1.318,-0.102,16.76,0.1524
a3c17493582d,NAUKRI,2021-11-16,false_touch,1,1,1,0,0,-1.703,0.623,19.58,0.0639
17f5fd330e26,ICICIBANK,2020-02-10,false_touch,1,1,1,0,0,-0.829,0.29,19.0,0.1324
da07fa20fa89,SPARC,2022-01-03,false_touch,1,1,1,0,0,-1.183,1.388,18.96,0.0959
b0b66b20886e,CERA,2023-10-16,false_touch,1,1,1,0,0,-0.908,0.486,25.18,0.157
98db64218d4b,AFFLE,2022-04-04,false_touch,1,1,1,0,0,-2.118,0.066,18.29,0.1297
c614c9a54c5e,SYNGENE,2018-05-07,false_touch,1,1,1,0,0,-0.901,0.067,18.73,0.1414
d608e6e4350b,THERMAX,2018-03-05,false_touch,1,1,1,0,0,-1.128,-0.399,18.38,0.1499
be7f4ad0bfd4,HEG,2024-06-24,false_touch,1,1,1,0,0,-1.118,-0.293,21.01,0.1053
8da76091e243,LALPATHLAB,2018-08-20,false_touch,1,1,1,0,0,-1.287,0.282,18.0,0.0804
6df31cd45457,ASHOKLEY,2022-10-10,false_touch,1,1,1,0,0,-1.23,-0.404,17.02,0.1501
3f82f23c64be,SIEMENS,2019-12-16,false_touch,1,1,1,0,0,0.442,2.375,16.8,0.0934
497839152acc,APLAPOLLO,2018-02-12,false_touch,1,1,1,0,0,-1.014,0.134,23.37,0.1345
5f01fcf856a5,BAJAJHLDNG,2022-04-04,noise_stop,1,1,0,1,0,-1.775,1.523,17.03,0.1041
0c6a80d2240c,TATAINVEST,2021-12-06,noise_stop,1,1,0,1,0,-1.343,1.121,19.75,0.1189
6049065b0f5e,PPLPHARMA,2024-02-26,noise_stop,1,1,0,1,0,-0.893,1.216,26.46,0.1182
85802ed56590,METROPOLIS,2023-12-26,noise_stop,1,1,0,1,0,-1.163,0.195,23.05,0.0921
3bac265a8cf6,PFC,2019-03-18,noise_stop,1,1,0,1,0,-1.211,1.71,24.28,0.1668
eb187da7cbe3,KTKBANK,2021-04-05,noise_stop,1,1,0,1,0,-1.235,2.89,24.82,0.0821
d8edcbf7b860,PARAGMILK,2018-04-23,noise_stop,1,1,0,1,0,-1.272,1.105,14.6,0.1014
f8a4b47fee3d,APLLTD,2018-09-10,noise_stop,1,1,0,1,0,-1.035,0.117,21.06,0.1186
82811837971e,TVSMOTOR,2024-04-03,noise_stop,1,1,0,1,0,-2.064,0.283,26.8,0.149
faa7261e84aa,MAZDOCK,2022-04-11,noise_stop,1,1,0,1,0,-1.133,0.898,14.84,0.1071
8aa93455cfb5,IPCALAB,2019-05-27,noise_stop,1,1,0,1,0,-1.031,3.462,17.12,0.0783
513c40591001,FORTIS,2023-10-17,noise_stop,1,1,0,1,0,-1.116,4.283,14.63,0.0765
7f024e60de68,FEDERALBNK,2021-11-08,noise_stop,1,1,0,1,0,-1.21,0.026,22.31,0.068
726571859eab,OLECTRA,2024-05-21,noise_stop,1,1,0,1,0,-1.095,1.482,15.62,0.0644
48763ad509eb,AARTIIND,2018-06-19,noise_stop,1,1,0,1,0,-1.23,1.827,18.86,0.147
84b09663b26e,GALAXYSURF,2021-08-30,noise_stop,1,1,0,1,0,-1.245,1.406,24.83,0.076
64644e132bde,WOCKPHARMA,2018-02-12,noise_stop,1,1,0,1,0,-1.299,0.166,18.03,0.1411
f277e68fae86,MUTHOOTFIN,2020-01-20,noise_stop,1,1,0,1,0,-1.825,1.359,20.34,0.1245
06c1c313bb4e,HEIDELBERG,2019-04-30,noise_stop,1,1,0,1,0,-0.997,0.827,18.81,0.097
025d53af8f94,RBLBANK,2024-02-05,noise_stop,1,1,0,1,0,-2.902,0.681,21.77,0.0755
06eccec8ec1c,MAHLOG,2021-11-15,noise_stop,1,1,0,1,0,-1.348,0.435,22.94,0.0625
65f263984b79,KANSAINER,2019-10-22,noise_stop,1,1,0,1,0,-2.065,0.121,19.28,0.1563
1ee4c0b3fb75,MCX,2020-11-09,noise_stop,1,1,0,1,0,-1.104,-0.262,27.74,0.0996
c4518d869acf,NESCO,2018-02-14,noise_stop,1,1,0,1,0,-1.151,0.086,14.32,0.0936
581341a446b2,OIL,2023-06-12,noise_stop,1,1,0,1,0,-2.727,3.184,18.79,0.1211
1c1ea71b6fe3,RADICO,2018-07-31,noise_stop,1,1,0,1,0,-1.17,1.132,26.93,0.1573
fbd585ee2794,UNIONBANK,2021-05-17,noise_stop,1,1,0,1,0,-1.029,0.808,20.23,0.0954
5c675b2f286e,KPIL,2019-08-19,noise_stop,1,1,0,1,0,-1.625,1.515,14.65,0.1525
ec85e3f57c45,ADANIGREEN,2021-05-10,noise_stop,1,1,0,1,0,-1.125,2.091,27.41,0.0888
543c24cf9938,IRCON,2020-02-10,noise_stop,1,1,0,1,0,-1.185,1.666,18.14,0.1408
9e33a9c09422,CUB,2019-06-10,noise_stop,1,1,0,1,0,-1.134,0.046,16.01,0.0759
0d5f9c2c8687,DEEPAKNTR,2021-11-15,noise_stop,1,1,0,1,0,-2.697,0.669,27.3,0.0797
dc7371e1a648,UBL,2018-02-27,noise_stop,1,1,0,1,0,-1.819,0.71,17.84,0.1247
b8154536559d,DLF,2018-02-12,noise_stop,1,1,0,1,0,-1.356,0.084,14.66,0.0814
d273a5d37349,TORNTPHARM,2020-09-07,noise_stop,1,1,0,1,0,-1.309,0.559,25.16,0.1374
69a33d4a10c3,GODREJCP,2021-05-17,noise_stop,1,1,0,1,0,-1.064,1.768,20.01,0.0809
a0a9c94824da,INDHOTEL,2023-10-09,noise_stop,1,1,0,1,0,-2.293,0.15,17.72,0.1086
dd0a4622f529,EIHOTEL,2018-03-12,noise_stop,1,1,0,1,0,-1.517,2.26,17.73,0.1547
af124832393f,SHREECEM,2021-04-05,noise_stop,1,1,0,1,0,-1.066,0.257,27.71,0.0965
73fa2489cc2d,RADICO,2021-03-30,noise_stop,1,1,0,1,0,-1.321,0.919,26.96,0.0816
ecf0578233d8,RITES,2023-05-29,strong_winner,1,1,0,0,1,2.587,6.312,14.32,0.0693
764a17182201,PAGEIND,2018-02-12,strong_winner,1,1,0,0,0,2.987,4.341,14.55,0.0827
c54ad3be4832,IRB,2021-06-14,strong_winner,1,1,0,0,0,2.053,3.527,26.99,0.1008
fd28b49a1af7,LALPATHLAB,2019-12-30,strong_winner,1,1,0,0,0,2.113,5.044,23.54,0.1473
6573e687e2b5,IGL,2019-06-03,strong_winner,1,1,0,0,0,3.094,4.453,19.04,0.113
03e7ff4a0577,GUJGASLTD,2019-09-16,strong_winner,1,1,0,0,1,2.592,9.1,16.09,0.1683
f39905e6f237,CUMMINSIND,2022-10-10,strong_winner,1,1,0,0,1,2.602,7.023,15.4,0.141
233bef440314,HEROMOTOCO,2024-04-29,strong_winner,1,1,0,0,0,2.331,3.98,23.26,0.1224
78b71f6d0e5b,TIMKEN,2020-10-05,strong_winner,1,1,0,0,1,2.468,3.811,21.42,0.1332
e9b90f78593d,LEMONTREE,2023-12-11,strong_winner,1,1,0,0,1,3.193,6.084,21.44,0.0783
4babc616f583,HINDPETRO,2023-06-19,strong_winner,1,1,0,0,1,2.495,5.962,16.29,0.1092
090f4c7287e5,TVSMOTOR,2024-05-13,strong_winner,1,1,0,0,0,3.38,6.109,15.16,0.0733
97e92fd76954,MUTHOOTFIN,2023-07-17,strong_winner,1,1,0,0,0,2.09,2.308,23.58,0.1527
46bc788a479d,ALOKINDS,2023-11-06,strong_winner,1,1,0,0,1,2.438,6.813,17.48,0.1316
62cb5086895f,JKPAPER,2021-05-03,strong_winner,1,1,0,0,0,9.929,23.982,21.25,0.106
d81a667f2a49,SHRIRAMFIN,2024-03-26,strong_winner,1,1,0,0,1,7.523,18.877,16.43,0.0716
93f9d33db8b9,COROMANDEL,2023-10-09,strong_winner,1,1,0,0,0,2.418,3.865,21.33,0.1502
3cc201ad5f79,RATNAMANI,2023-10-16,strong_winner,1,1,0,0,1,4.93,11.623,14.59,0.0652
69f72db3c39d,TECHM,2023-09-11,strong_winner,1,1,0,0,0,2.111,2.423,18.03,0.0903
de1370dd21b1,GESHIP,2024-01-23,strong_winner,1,1,0,0,1,2.361,6.366,25.52,0.1159
e3e39f64e1cc,FORTIS,2024-01-23,strong_winner,1,1,0,0,0,2.175,2.98,27.41,0.1536
d48a2809c77e,POWERGRID,2023-11-06,strong_winner,1,1,0,0,1,3.725,11.819,15.49,0.1058
7c82404fbdce,UNITDSPR,2023-09-11,strong_winner,1,1,0,0,0,2.318,3.799,22.62,0.1359
0595d449a558,NH,2023-11-13,strong_winner,1,1,0,0,0,2.289,2.735,20.33,0.1242
33181bb74cd6,EIHOTEL,2023-11-06,strong_winner,1,1,0,0,1,5.693,11.763,15.39,0.0783
b2f8c2429560,GUJALKALI,2021-04-12,strong_winner,1,1,0,0,1,2.973,5.61,23.98,0.0632
118b44ecd3c7,LUPIN,2023-06-09,strong_winner,1,1,0,0,0,2.171,2.652,15.01,0.1095
085dc6d270d3,INDHOTEL,2024-05-21,strong_winner,1,1,0,0,0,2.424,4.195,20.4,0.1147
4610673cfaa9,EIDPARRY,2020-11-09,strong_winner,1,1,0,0,1,2.5,3.84,24.85,0.087
1e01038534d3,DIVISLAB,2020-07-27,strong_winner,1,1,0,0,0,4.55,9.043,15.71,0.0744
d75cc4fa866e,SUNDRMFAST,2023-01-23,strong_winner,1,1,0,0,0,4.334,7.672,16.26,0.1151
ca8ce5609156,RENUKA,2022-03-07,strong_winner,1,1,0,0,1,2.569,16.414,14.98,0.1606
488566f4165a,SHYAMMETL,2024-03-26,strong_winner,1,1,0,0,1,3.163,7.343,22.71,0.091
b17c9b589c2d,APARINDS,2024-01-29,strong_winner,1,1,0,0,0,2.123,3.049,26.47,0.1316
4d3242db92ae,CHAMBLFERT,2024-04-09,strong_winner,1,1,0,0,1,2.552,5.264,21.11,0.108
5a0c539bd376,TATAELXSI,2020-08-10,strong_winner,1,1,0,0,1,2.722,7.641,20.35,0.1398
38139bee8c8c,RADICO,2020-07-24,strong_winner,1,1,0,0,1,2.629,4.418,16.57,0.1442
1d998104907b,KPIL,2023-11-20,strong_winner,1,1,0,0,1,5.6,13.215,16.16,0.0937
1345227d8ea5,NH,2021-12-27,strong_winner,1,1,0,0,0,2.452,4.439,20.01,0.1165
9e1a80bb7974,NTPC,2022-09-12,strong_winner,1,1,0,0,0,2.62,3.316,20.02,0.1242
84e4b6613ca6,IGL,2020-04-13,false_touch,1,2,1,0,0,-1.167,1.459,16.93,0.44
7ac29459b764,CYIENT,2018-07-02,false_touch,1,2,1,0,0,-0.981,-0.293,22.79,0.177
952b78d59d2e,ZYDUSWELL,2019-10-14,false_touch,1,2,1,0,0,-1.866,0.702,18.93,0.1811
9c3102fa84f2,BLUESTARCO,2022-04-11,false_touch,1,2,1,0,0,-1.103,0.014,24.06,0.1767
71a8e3e33100,COROMANDEL,2022-07-25,false_touch,1,2,1,0,0,-1.043,0.414,23.21,0.2461
a071bbea5ee9,SFL,2022-05-09,false_touch,1,2,1,0,0,-3.347,-0.426,18.45,0.2272
870cd6d853c8,MOTILALOFS,2020-01-06,false_touch,1,2,1,0,0,-1.169,0.357,24.4,0.1925
6458b5923fe7,SADBHAV,2018-02-12,false_touch,1,2,1,0,0,-1.059,-0.034,23.47,0.1726
31bf62599e0d,BEL,2019-09-12,false_touch,1,2,1,0,0,-1.093,0.631,17.47,0.2121
bed24d4a5d30,ZFCVINDIA,2018-03-05,false_touch,1,2,1,0,0,-1.132,0.233,25.84,0.2047
ddef01d5b60d,MHRIL,2023-11-13,false_touch,1,2,1,0,0,-1.806,-0.674,24.52,0.1749
7a85ad7eb8ba,VINATIORGA,2019-09-09,false_touch,1,2,1,0,0,-1.185,1.276,24.13,0.2586
5991cafd12b3,MAHSCOOTER,2019-11-11,false_touch,1,2,1,0,0,-1.635,-0.086,25.77,0.1843
5e5cabd54ece,DCMSHRIRAM,2018-02-26,false_touch,1,2,1,0,0,-1.58,0.095,24.56,0.1839
aa5666832f2d,TATACOMM,2020-01-06,false_touch,1,2,1,0,0,-1.233,0.508,23.4,0.1935
2d6c0a9e09cf,JINDALSAW,2018-02-12,false_touch,1,2,1,0,0,-1.005,0.296,27.18,0.188
a845ba1ad887,JINDALSTEL,2022-05-02,false_touch,1,2,1,0,0,-1.036,0.005,25.82,0.2831
5735851888b7,UNICHEMLAB,2018-03-19,false_touch,1,2,1,0,0,-3.538,-0.355,20.67,0.1923
cf1623a7772c,OIL,2023-05-22,false_touch,1,2,1,0,0,-1.134,0.307,26.63,0.2303
bea4a0448720,MAHABANK,2023-03-08,noise_stop,1,2,0,1,0,-1.17,1.016,27.51,0.2485
00679162e3c7,ICICIPRULI,2019-09-09,noise_stop,1,2,0,1,0,-2.131,1.173,24.46,0.2706
653dea2076fc,PETRONET,2019-09-03,noise_stop,1,2,0,1,0,-1.297,0.786,17.02,0.1874
50884d21f1cb,SOBHA,2018-02-12,noise_stop,1,2,0,1,0,-1.111,-0.104,25.49,0.1884
2b93dce88402,PIIND,2020-03-09,noise_stop,1,2,0,1,0,-2.196,-0.243,18.36,0.2573
1dc73703bb9b,REDINGTON,2019-09-23,noise_stop,1,2,0,1,0,-2.854,1.403,24.68,0.236
6ec489490cc0,PNB,2023-03-08,noise_stop,1,2,0,1,0,-1.447,0.462,24.2,0.2271
569bbc27de56,PERSISTENT,2018-02-12,noise_stop,1,2,0,1,0,-1.547,0.6,23.34,0.1723
e1787a2126bf,LALPATHLAB,2020-02-17,noise_stop,1,2,0,1,0,-3.43,0.603,25.98,0.1861
5f701fbe6fc8,FINEORG,2020-03-09,noise_stop,1,2,0,1,0,-39.947,21.878,18.35,0.3384
f5bdd1ed21ae,RCF,2022-05-23,noise_stop,1,2,0,1,0,-1.134,-0.103,27.1,0.339
19da29daac63,SIS,2020-02-11,noise_stop,1,2,0,1,0,-1.394,0.399,25.25,0.1981
cc5b6831f3e6,IOB,2023-03-08,noise_stop,1,2,0,1,0,-1.179,-0.103,19.75,0.196
2e42c4494f55,SHRIRAMFIN,2018-03-19,noise_stop,1,2,0,1,0,-1.213,1.446,23.99,0.2122
2fe169ee7674,TATAELXSI,2022-05-16,noise_stop,1,2,0,1,0,-1.368,1.819,25.88,0.3235
d19439415140,JSL,2022-03-07,noise_stop,1,2,0,1,0,-1.393,0.55,23.6,0.253
de5271b27b36,UNOMINDA,2022-03-14,noise_stop,1,2,0,1,0,-1.286,0.316,20.36,0.2004
56d9b3d68f6f,BERGEPAINT,2023-09-25,noise_stop,1,2,0,1,0,-1.157,-0.493,27.75,0.1986
a3bd76114889,CGCL,2019-11-11,noise_stop,1,2,0,1,0,-1.442,0.122,25.4,0.207
507652b2b713,INDOCO,2020-06-10,strong_winner,1,2,0,0,1,2.136,3.733,19.03,0.2303
5e6501c5ac24,JINDALSTEL,2020-10-05,strong_winner,1,2,0,0,1,3.798,8.635,25.18,0.1728
e23c35ac0dbf,FINCABLES,2023-01-16,strong_winner,1,2,0,0,0,5.781,12.083,23.68,0.175
eb5472db1670,TATAELXSI,2022-03-07,strong_winner,1,2,0,0,1,2.936,8.529,22.84,0.27
d74cf4ff2aac,ZYDUSLIFE,2023-02-13,strong_winner,1,2,0,0,0,2.264,2.592,22.86,0.1737
7ccde005a347,TIMKEN,2019-09-24,strong_winner,1,2,0,0,0,2.381,3.287,24.67,0.1897
3c0981ea20f9,VBL,2022-07-04,strong_winner,1,2,0,0,1,2.051,3.408,23.73,0.3313
e9f86e65879e,NCC,2023-01-02,strong_winner,1,2,0,0,1,2.328,5.628,25.54,0.1847
abdbecd83ab0,COALINDIA,2023-09-11,strong_winner,1,2,0,0,0,2.702,4.754,27.49,0.1728
45ae16d93b2a,MGL,2023-03-13,strong_winner,1,2,0,0,0,2.573,3.737,19.86,0.1895
ccf61f084e4a,ATGL,2022-03-07,strong_winner,1,2,0,0,0,2.378,3.462,22.57,0.301
0516f2400577,KEI,2022-03-21,strong_winner,1,2,0,0,0,2.447,3.502,24.12,0.194
2218679ee858,BAJFINANCE,2019-08-13,strong_winner,1,2,0,0,0,2.031,2.92,18.6,0.1778
3b9e73d30289,TVSMOTOR,2022-06-28,strong_winner,1,2,0,0,0,2.038,3.281,25.4,0.3451
42d6298f9403,JBCHEPHARM,2020-03-30,strong_winner,1,2,0,0,0,2.056,2.883,21.11,0.5964
69c69dbea895,MIDHANI,2020-01-13,strong_winner,1,2,0,0,0,2.387,3.981,26.28,0.1952
fa75c3969332,TITAN,2018-03-12,strong_winner,1,2,0,0,0,3.725,6.957,22.01,0.1773
635ab3c7ce41,LAURUSLABS,2020-05-26,strong_winner,1,2,0,0,1,8.597,23.659,21.4,0.4317
9197575f1196,THERMAX,2022-03-07,strong_winner,1,2,0,0,1,2.144,5.151,14.37,0.2131
67e537dd4a27,ASTRAZEN,2021-01-05,false_touch,2,0,1,0,0,-0.948,-0.351,30.43,0.004
d557b10fb90a,GPPL,2021-03-08,false_touch,2,0,1,0,0,-1.075,0.386,34.04,0.0561
25c156e58342,INDIGO,2021-02-08,noise_stop,2,0,0,1,0,-1.098,0.937,31.71,0.0282
35d25f8653d0,CHENNPETRO,2021-03-08,noise_stop,2,0,0,1,0,-1.271,1.23,30.38,0.0366
ac64c362b060,JKLAKSHMI,2021-02-15,strong_winner,2,0,0,0,0,3.315,5.126,32.95,0.0129
f49fb5bd658b,INFY,2021-02-15,strong_winner,2,0,0,0,0,2.159,2.873,35.21,0.0335
856fba3fa751,ROSSARI,2021-09-06,false_touch,2,1,1,0,0,-1.226,0.648,34.21,0.1207
f6d2daae20fd,BAJFINANCE,2021-09-27,false_touch,2,1,1,0,0,-1.054,0.045,37.41,0.1641
54d06bbbfc2a,ADANIGREEN,2022-08-22,false_touch,2,1,1,0,0,-1.471,0.253,29.29,0.1702
57878391e9a2,CREDITACC,2024-01-08,false_touch,2,1,1,0,0,-0.989,0.123,30.84,0.1352
617f6c0239fb,FINCABLES,2024-05-27,false_touch,2,1,1,0,0,-1.011,1.32,27.98,0.1538
40f718282332,JMFINANCIL,2021-07-19,false_touch,2,1,1,0,0,-1.009,-0.016,28.91,0.1688
7e54486c593d,SUPREMEIND,2021-10-11,false_touch,2,1,1,0,0,-1.106,-0.027,28.54,0.095
9b1b3a370d63,PNBHOUSING,2021-09-20,false_touch,2,1,1,0,0,-1.912,0.29,31.38,0.1312
5b6146fd324b,CERA,2021-11-08,false_touch,2,1,1,0,0,-1.007,-0.046,30.25,0.1326
f5c4028d8f62,CONCOR,2024-01-08,false_touch,2,1,1,0,0,-1.438,1.526,30.56,0.1481
001fd56e0646,VARROC,2021-02-22,false_touch,2,1,1,0,0,-1.204,0.515,41.23,0.1107
47f1010ac3e8,JUBLFOOD,2021-08-16,false_touch,2,1,1,0,0,-1.039,0.953,31.07,0.1445
21b608b5ebab,CYIENT,2024-02-05,false_touch,2,1,1,0,0,-1.237,0.564,28.76,0.1331
65dc9fa8c54b,VMART,2021-10-11,noise_stop,2,1,0,1,0,-1.081,1.295,30.06,0.1099
ebff30741521,AMBUJACEM,2024-02-26,noise_stop,2,1,0,1,0,-0.876,0.939,30.84,0.1706
8201d588a48e,KAJARIACER,2021-10-11,noise_stop,2,1,0,1,0,-1.081,0.447,30.02,0.0995
64705d3cb46c,CUMMINSIND,2021-05-24,noise_stop,2,1,0,1,0,-1.168,0.931,34.18,0.1671
51cdef937bed,JKPAPER,2024-06-18,noise_stop,2,1,0,1,0,-1.076,1.625,29.51,0.1671
ea93b2d4844d,WESTLIFE,2021-03-01,noise_stop,2,1,0,1,0,-1.039,0.106,35.42,0.087
de0890fafba6,DALBHARAT,2021-10-04,noise_stop,2,1,0,1,0,-1.468,0.266,28.46,0.0922
cb9ffa9b3ee1,BANKBARODA,2021-04-05,noise_stop,2,1,0,1,0,-2.376,0.542,30.91,0.1328
1d15b08a916a,ARE&M,2020-12-21,noise_stop,2,1,0,1,0,-0.987,0.279,36.71,0.0928
544f993c78a1,GNFC,2023-12-18,noise_stop,2,1,0,1,0,-1.021,0.435,28.36,0.1285
3c54636b4a01,BAJAJCON,2021-02-08,noise_stop,2,1,0,1,0,-1.049,0.691,51.78,0.1441
fd44f5a40330,3MINDIA,2021-03-16,noise_stop,2,1,0,1,0,-1.068,0.386,36.07,0.094
083c60935458,ALOKINDS,2024-04-08,noise_stop,2,1,0,1,0,-0.982,-0.036,30.62,0.1706
7d325ee8930b,SBIN,2021-04-26,strong_winner,2,1,0,0,0,3.861,6.792,28.44,0.1523
2e6c455ea227,BSOFT,2021-03-15,strong_winner,2,1,0,0,0,5.073,8.951,40.66,0.1205
63be256db986,HAVELLS,2020-12-21,strong_winner,2,1,0,0,0,2.009,2.528,45.26,0.156
5de30d4649cf,SKFINDIA,2021-11-01,strong_winner,2,1,0,0,0,2.038,3.013,32.05,0.1569
c241d1b31ef1,HIMATSEIDE,2021-05-04,strong_winner,2,1,0,0,1,3.257,6.486,29.88,0.128
28d8cda3aaf6,LINDEINDIA,2020-12-21,strong_winner,2,1,0,0,1,3.198,5.371,40.07,0.1117
cd7b6b62fca8,ORIENTCEM,2021-02-08,strong_winner,2,1,0,0,1,2.506,4.53,42.37,0.0826
ebb976663a65,BEL,2021-08-16,strong_winner,2,1,0,0,0,2.233,3.748,28.8,0.1208
ff9600d988ca,NBCC,2021-04-26,strong_winner,2,1,0,0,0,4.625,9.907,29.48,0.168
35af76a484df,SUNDRMFAST,2021-02-08,strong_winner,2,1,0,0,0,2.217,2.55,41.71,0.0923
d5e96b94ace7,CERA,2021-02-15,strong_winner,2,1,0,0,1,2.177,3.691,39.47,0.0861
76e6282f4258,GHCL,2021-01-25,strong_winner,2,1,0,0,1,2.011,3.168,40.56,0.0997
eeed25e3b4b4,BASF,2021-04-05,strong_winner,2,1,0,0,0,2.272,3.29,33.16,0.15
6a532f497497,VAIBHAVGBL,2021-05-10,false_touch,2,2,1,0,0,-1.173,-0.329,100.41,0.713
48f7fb6f0e4b,IDBI,2021-10-18,false_touch,2,2,1,0,0,-0.994,-0.103,66.86,0.4193
1518fc145395,HINDCOPPER,2024-04-08,false_touch,2,2,1,0,0,-0.946,1.368,69.01,0.4903
f770f2922ed9,ESCORTS,2023-11-15,false_touch,2,2,1,0,0,-1.149,0.579,31.15,0.2525
84d7ff7d4096,AARTIIND,2024-02-19,false_touch,2,2,1,0,0,-1.032,0.439,31.0,0.1932
a4713a6e3f9c,WIPRO,2021-09-06,false_touch,2,2,1,0,0,-1.015,0.484,38.64,0.178
41c0c0456772,RITES,2020-02-17,false_touch,2,2,1,0,0,-0.921,-0.05,30.23,0.1993
66c29a893438,SKFINDIA,2022-01-03,false_touch,2,2,1,0,0,-1.625,1.691,28.33,0.2045
269060f57763,TITAN,2018-04-30,false_touch,2,2,1,0,0,-0.993,0.205,30.04,0.2186
2dfcbc6e898d,INTELLECT,2021-07-19,false_touch,2,2,1,0,0,-1.767,1.34,59.02,0.4056
3904bfaee349,DEEPAKFERT,2022-10-24,false_touch,2,2,1,0,0,-1.232,-0.109,56.84,0.4479
2a3058e7a7d5,VTL,2022-03-28,false_touch,2,2,1,0,0,-2.257,-0.426,34.08,0.3039
ad033daea7ff,GICRE,2021-03-15,false_touch,2,2,1,0,0,-1.018,0.219,46.26,0.1849
80b24d198be8,ZYDUSLIFE,2021-06-07,false_touch,2,2,1,0,0,-1.009,0.108,37.29,0.175
f416c891628b,MANAPPURAM,2020-01-20,false_touch,2,2,1,0,0,-1.652,0.258,31.48,0.2242
4a3a469f364f,RAIN,2018-02-15,false_touch,2,2,1,0,0,-1.399,0.184,77.13,0.6888
ffdc0d8e6038,DBL,2018-04-30,false_touch,2,2,1,0,0,-1.476,0.148,42.87,0.315
1e75adffd798,INDIACEM,2022-01-10,false_touch,2,2,1,0,0,-1.122,0.264,29.3,0.1759
0f255385fbee,LAURUSLABS,2021-08-16,false_touch,2,2,1,0,0,-1.306,-0.113,61.36,0.412
9ce0890c83f6,HINDCOPPER,2021-06-28,false_touch,2,2,1,0,0,-1.356,0.732,62.97,0.4881
9c408c90b4e6,TAKE,2021-06-14,false_touch,2,2,1,0,0,-1.027,0.002,35.09,0.1754
cfddd064d1f4,THERMAX,2024-06-05,false_touch,2,2,1,0,0,-1.003,0.173,59.61,0.4605
5973489a89b2,SUNTECK,2018-02-19,false_touch,2,2,1,0,0,-1.0,2.007,31.34,0.2437
72c7f7041989,DLF,2020-01-13,false_touch,2,2,1,0,0,-1.223,0.408,31.06,0.2508
2a31c3f3844c,KAJARIACER,2019-06-03,false_touch,2,2,1,0,0,-1.213,0.018,28.71,0.1778
28906ba9adc6,MAHABANK,2024-05-21,false_touch,2,2,1,0,0,-1.029,2.176,31.21,0.1849
410ddd7fec27,BIRLACORPN,2021-07-19,false_touch,2,2,1,0,0,-1.038,1.445,51.98,0.3544
5c14ce7e252e,MAHLIFE,2022-10-03,false_touch,2,2,1,0,0,-1.934,0.05,30.4,0.2532
fa0c36f769f0,IIFL,2018-02-19,false_touch,2,2,1,0,0,-1.273,0.308,32.11,0.2351
e124a86ff84b,BAJAJFINSV,2021-09-27,false_touch,2,2,1,0,0,-1.066,0.107,61.72,0.3724
f289d224114a,ABB,2022-11-07,false_touch,2,2,1,0,0,-1.451,0.08,27.92,0.1828
ae446f3b1f83,GODFRYPHLP,2019-03-25,false_touch,2,2,1,0,0,-1.054,0.299,32.57,0.2549
6b468b242b4d,PRAJIND,2019-02-04,false_touch,2,2,1,0,0,-1.1,2.12,30.55,0.2991
5f2d09cc9960,HEG,2021-06-28,false_touch,2,2,1,0,0,-1.407,1.32,68.32,0.4586
e2f71f7cb4d4,CEATLTD,2022-11-28,false_touch,2,2,1,0,0,-1.027,0.469,44.96,0.3319
e0557036dbf6,CSBBANK,2021-07-19,false_touch,2,2,1,0,0,-1.159,0.22,34.87,0.2155
79af42e7300d,HFCL,2018-02-12,false_touch,2,2,1,0,0,-1.0,0.469,38.59,0.2869
34a335f6efde,GUJALKALI,2018-02-19,false_touch,2,2,1,0,0,-1.304,-0.571,38.33,0.3151
c987bbd5f2df,ATGL,2022-10-24,false_touch,2,2,1,0,0,-0.281,2.102,30.85,0.2214
2d7330ca7261,FDC,2018-02-12,false_touch,2,2,1,0,0,-1.078,0.191,47.3,0.4042
219d33d24c0c,DATAPATTNS,2023-02-10,noise_stop,2,2,0,1,0,-1.21,-0.06,42.89,0.3775
c4167f5f9a79,SONATSOFTW,2021-09-27,noise_stop,2,2,0,1,0,-1.384,0.015,61.15,0.322
7e0532f20282,SUZLON,2022-01-19,noise_stop,2,2,0,1,0,-1.028,0.085,73.07,0.5882
acc371313a3b,TRITURBINE,2021-12-06,noise_stop,2,2,0,1,0,-0.877,1.504,40.26,0.3316
aaa425c8026a,ELGIEQUIP,2018-02-12,noise_stop,2,2,0,1,0,-1.09,-0.08,39.67,0.3146
41da6d475950,MFSL,2020-01-06,noise_stop,2,2,0,1,0,-1.37,0.247,28.05,0.2162
a9163ff76de9,HINDALCO,2021-01-11,noise_stop,2,2,0,1,0,-0.991,2.047,58.75,0.2236
18c3a30b44ac,VIJAYA,2024-01-01,noise_stop,2,2,0,1,0,-1.593,0.378,41.21,0.2397
0238cdb0727a,ADANIPOWER,2021-06-14,noise_stop,2,2,0,1,0,-1.002,0.0,128.33,1.0727
3738c6d1e36f,GPPL,2024-05-21,noise_stop,2,2,0,1,0,-1.006,1.171,31.45,0.215
508290d6d90f,DHANUKA,2020-10-07,noise_stop,2,2,0,1,0,-1.248,0.426,35.33,0.2188
cdd8c56e3b29,BAJAJHLDNG,2022-01-03,noise_stop,2,2,0,1,0,-1.195,1.675,32.45,0.2407
0290bc671848,PATANJALI,2022-09-26,noise_stop,2,2,0,1,0,-1.518,0.029,42.81,0.3912
ade04b1e502e,NBCC,2024-06-18,noise_stop,2,2,0,1,0,-1.511,1.853,59.54,0.3981
40af4d0647a6,BERGEPAINT,2020-02-17,noise_stop,2,2,0,1,0,-1.662,0.023,38.95,0.3153
e89b6cd15713,KNRCON,2021-08-30,noise_stop,2,2,0,1,0,-1.167,0.247,54.24,0.3391
a25df70fece8,IDFCFIRSTB,2021-02-22,noise_stop,2,2,0,1,0,-1.088,0.27,92.66,0.5115
5818d57e20f8,IDFCFIRSTB,2022-12-19,noise_stop,2,2,0,1,0,-1.095,0.029,39.41,0.3091
66cf591d41c8,GUJGASLTD,2021-06-21,noise_stop,2,2,0,1,0,-1.002,0.871,53.14,0.3686
fbb4326066c7,VBL,2020-02-10,noise_stop,2,2,0,1,0,-3.07,-0.043,28.36,0.222
1f62076436af,NLCINDIA,2024-02-19,noise_stop,2,2,0,1,0,-1.145,0.831,73.25,0.5184
dfcf10903a7b,JSWSTEEL,2021-08-02,noise_stop,2,2,0,1,0,-1.081,0.215,50.6,0.3447
91b041698efb,GNFC,2018-02-12,noise_stop,2,2,0,1,0,-1.138,0.205,30.21,0.2392
ab725d017cda,KARURVYSYA,2021-02-22,noise_stop,2,2,0,1,0,-1.009,0.078,67.6,0.3229
fa917d8b9a13,APARINDS,2023-01-09,noise_stop,2,2,0,1,0,-1.465,1.968,65.1,0.5338
46ef9b1d3f8b,LALPATHLAB,2019-12-09,noise_stop,2,2,0,1,0,-1.826,-0.044,39.66,0.339
c6e0fab07fa5,GODREJPROP,2018-02-12,noise_stop,2,2,0,1,0,-0.938,-0.094,36.95,0.2978
4a143c91c457,NFL,2020-09-18,noise_stop,2,2,0,1,0,-1.075,-0.29,33.88,0.2336
f7f2655d3836,UCOBANK,2023-03-08,noise_stop,2,2,0,1,0,-1.218,1.288,56.14,0.5591
a6ee6ba76169,ONGC,2024-05-06,noise_stop,2,2,0,1,0,-1.073,1.333,36.27,0.2352
c5af3c8e6a11,BSE,2022-02-21,noise_stop,2,2,0,1,0,-1.29,1.969,66.43,0.5676
31d3ad23c4f9,HEG,2018-03-20,noise_stop,2,2,0,1,0,-1.274,0.651,132.98,1.1044
cda74538ca09,SCHAEFFLER,2024-05-27,noise_stop,2,2,0,1,0,-1.185,0.097,48.45,0.3417
a37083fb8ca7,GODREJPROP,2024-05-21,noise_stop,2,2,0,1,0,-1.17,0.675,39.89,0.2862
ecb00ebf2faf,BALKRISIND,2020-02-24,noise_stop,2,2,0,1,0,-1.527,-0.061,46.93,0.4324
741704ccfcc7,RKFORGE,2018-02-12,noise_stop,2,2,0,1,0,-1.0,0.393,28.21,0.2085
747b6864973c,GALAXYSURF,2019-10-29,noise_stop,2,2,0,1,0,-1.46,0.371,33.8,0.3051
3a0e0cdda363,POLYMED,2021-07-26,noise_stop,2,2,0,1,0,-1.485,0.07,40.21,0.2419
04553ee772e1,PNCINFRA,2019-07-01,noise_stop,2,2,0,1,0,-1.678,0.171,32.65,0.2459
e3ca0675ab51,BALKRISIND,2021-06-21,noise_stop,2,2,0,1,0,-1.237,1.051,38.68,0.2176
d3e5c479c9e4,CGCL,2020-12-28,strong_winner,2,2,0,0,1,2.031,3.272,52.72,0.2356
3cc17a018d93,GESHIP,2023-01-02,strong_winner,2,2,0,0,0,2.026,2.337,41.09,0.3108
80928af2cc5f,HAL,2022-10-10,strong_winner,2,2,0,0,0,2.034,2.395,41.96,0.3639
8d271db130bf,AUROPHARMA,2024-01-23,strong_winner,2,2,0,0,0,2.128,2.447,41.9,0.2388
4db20295489a,ASTRAZEN,2019-11-04,strong_winner,2,2,0,0,0,2.309,3.133,35.41,0.266
c91236db3231,CARBORUNIV,2021-02-08,strong_winner,2,2,0,0,0,2.547,3.651,65.57,0.2851
01e60b880946,ADANIGREEN,2019-10-07,strong_winner,2,2,0,0,1,3.765,7.595,54.11,0.5546
48fa59033a73,BANKBARODA,2022-10-24,strong_winner,2,2,0,0,0,2.078,2.547,32.46,0.2405
8eb349dfd552,RAYMOND,2022-08-01,strong_winner,2,2,0,0,1,2.051,6.966,29.87,0.2272
065cddf9b971,DIXON,2020-11-17,strong_winner,2,2,0,0,1,3.049,5.37,64.52,0.3779
9145f9f93c2c,SONATSOFTW,2023-03-06,strong_winner,2,2,0,0,0,2.557,3.37,46.93,0.4275
76ca497698a2,TRIDENT,2021-08-17,strong_winner,2,2,0,0,1,3.548,7.633,54.85,0.3626
29f4546c8d1a,HATSUN,2020-11-23,strong_winner,2,2,0,0,0,2.651,3.819,48.96,0.1807
82015f1fb0da,SOBHA,2023-11-13,strong_winner,2,2,0,0,1,2.071,4.259,42.92,0.3714
36d8dfe908e6,WELCORP,2023-07-24,strong_winner,2,2,0,0,0,2.639,3.846,38.98,0.293
79e4b4272991,BSOFT,2023-08-07,strong_winner,2,2,0,0,1,2.444,4.214,44.71,0.3407
7a85d1afe509,RADICO,2018-03-26,strong_winner,2,2,0,0,0,2.366,4.399,52.93,0.5086
186ee186efd2,SAIL,2024-03-26,strong_winner,2,2,0,0,1,2.075,5.068,28.8,0.1871
821af5c03be8,DEEPAKNTR,2020-08-31,strong_winner,2,2,0,0,0,3.926,6.31,63.03,0.4427
ba6f31e2f0c5,DIXON,2023-10-16,strong_winner,2,2,0,0,1,2.189,4.813,38.74,0.3297
4773212992da,HINDZINC,2020-09-14,strong_winner,2,2,0,0,1,2.074,3.451,29.7,0.2191
c68c8249667d,TRIDENT,2021-03-15,strong_winner,2,2,0,0,1,2.395,4.654,74.44,0.4073
a1a50b904db4,GLENMARK,2023-07-10,strong_winner,2,2,0,0,1,2.309,3.514,46.86,0.3425
bdac3731c322,SUZLON,2024-01-15,strong_winner,2,2,0,0,1,2.347,3.496,100.58,0.6987
e7daebd537ea,ALKYLAMINE,2021-04-05,strong_winner,2,2,0,0,1,5.157,10.735,58.05,0.333
870285ca837e,BEL,2024-03-26,strong_winner,2,2,0,0,0,4.065,9.14,30.57,0.1919
8d8dd0ac3d2e,TORNTPOWER,2024-05-21,strong_winner,2,2,0,0,0,3.822,6.11,42.94,0.2965
119368953884,EXIDEIND,2023-09-11,strong_winner,2,2,0,0,0,5.209,8.776,35.43,0.2316
a595fd397f56,CHOLAHLDNG,2023-06-19,strong_winner,2,2,0,0,1,2.131,4.286,46.16,0.3797
557089387f08,LODHA,2023-11-06,strong_winner,2,2,0,0,0,2.437,3.809,44.49,0.3679
f727e9046f13,DALBHARAT,2021-03-22,strong_winner,2,2,0,0,0,2.255,3.109,69.65,0.4035
be973d548835,WELSPUNLIV,2023-08-07,strong_winner,2,2,0,0,1,2.147,3.501,43.23,0.3237
29b180d60a97,CGPOWER,2021-07-05,strong_winner,2,2,0,0,1,5.227,19.571,52.8,0.3297
7ee44fe8e17d,NCC,2023-04-03,strong_winner,2,2,0,0,1,2.224,3.4,39.79,0.3727
40f4b0917113,UNOMINDA,2021-02-08,strong_winner,2,2,0,0,0,2.576,4.069,66.22,0.2842
c8c6367e00d8,GRASIM,2021-05-31,strong_winner,2,2,0,0,1,2.068,3.667,43.34,0.2338
4b1b363fda08,INTELLECT,2020-12-01,strong_winner,2,2,0,0,1,2.971,7.537,85.08,0.5967
21f954e22d57,FACT,2023-01-03,strong_winner,2,2,0,0,1,2.177,2.764,154.77,1.6634
ad43df8c39b6,BDL,2022-07-11,strong_winner,2,2,0,0,0,2.208,3.537,33.85,0.368
eb7409ce811f,TORNTPOWER,2024-02-05,strong_winner,2,2,0,0,1,2.825,7.43,47.2,0.3006
