tkr,sig_date,entry_date,entry,trig,gap_pct,stop0,stop_pct,sh,notional_pct,risk_pct,adv_cr,rank,half_date,half_px,exit_date,exit_px,reason,held,R,final_stop,half_done,engine,slope66_pct,dist_to_44sma_pct,atr_pct,regime_ok,days_to_fill,mae_pct,mfe_pct,max_1d_move_in_trade_pct,zero_vol_days,exit_day_open,gap_through_stop,gross_ret_pct,src
DCAL,2017-02-17,2017-02-20,222.77479452749324,222.77479452749324,-0.12232436754853193,187.67324371915484,18.703545648130017,569.7753956571339,12.693159669433918,2.0,20.407587286586914,2,,,2017-03-02,223.52715501041862,stop,7,0.02143382459178011,223.52715501041862,False,A,-0.7596969316242763,-2.091013403083153,3.9724880495890895,True,1,-0.8621562651404013,5.5945813985423865,2.58920425368558,0,231.19261351112635,False,0.3377224450015204,backfill
STAR,2017-03-20,2017-03-21,1020.2347728259085,1015.8867888801375,0.4279988669371404,911.3654918271305,11.945732198013538,183.62179777020356,18.742381018156266,2.0,27.728947093992616,5,,,2017-03-27,975.6581904881117,stop,4,-0.4094505073317897,975.6581904881117,False,B,10.105689984108345,0.6214088678600627,2.6921413103772087,True,1,-5.299133797852862,0.17093154446765624,1.8689989052277294,0,980.9950300589204,False,-4.369247503133611,backfill
EROSMEDIA,2017-05-09,2017-05-10,246.54630305480956,246.54630305480956,-1.0327889825399228,193.3520517496105,27.51160425961512,372.24725806936476,9.26965967206734,2.0,34.58945792357323,7,,,2017-05-18,232.4173439025879,stop,6,-0.26561064035204734,232.4173439025879,False,B,40.05428824010701,1.6202990432720332,5.47040826508126,True,1,-8.333648811696815,1.3197115335470855,3.510993234882729,0,233.0500030517578,False,-5.730752794569649,backfill
BALKRISIND,2017-06-19,2017-06-20,747.4754309347771,747.4754309347771,-0.1738879312722319,651.2230399883497,14.780249628168773,204.7169591239269,15.531571186648444,2.0,20.322890443563843,41,,,2017-07-27,737.6932020540784,stop,26,-0.10163102219604497,737.6932020540784,False,B,27.858982426749336,6.171617026960141,3.243188895155539,True,1,-2.5264935796672883,7.485128550191411,3.1406441766855195,0,751.0615126493302,False,-1.308702396875483,pinned
INDIGO,2017-07-03,2017-07-04,1160.7592347962452,1160.7592347962452,-0.09990175792615741,1001.752844298629,15.872816473902152,124.55119419460291,14.600158285004872,2.0,72.71866539975403,40,,,2017-07-27,1179.463244726657,stop,17,0.11763055479642605,1179.463244726657,False,B,29.01696399998661,4.706484430643476,3.4619748208002905,True,1,-2.008282239630721,7.342826641265199,3.1867934068114647,0,1188.4932797028926,False,1.611359993504169,pinned
PEL,2017-07-06,2017-07-07,2966.0630999999994,2966.0630999999994,-0.271845194392506,2612.4429116829165,13.535996776644721,56.40389048874578,16.775417230084162,2.0,67.6309764255,46,,,2017-07-27,2848.149,stop,14,-0.33344843958475784,2848.149,False,B,52.689282603031806,5.163149160583558,3.012610225908015,True,1,-4.5671010842621484,2.829909451353241,2.2419518573960198,0,2909.0,False,-3.9754413855861537,backfill
DBL,2017-07-07,2017-07-11,487.3988230123954,487.3988230123954,-0.9589396096556291,415.3319183522744,17.351641295961183,275.2840934450042,13.526287144176536,2.0,13.143704823513488,35,,,2017-07-28,501.1875159119682,stop,13,0.19133183206081203,501.1875159119682,False,B,48.687767587803734,5.951547007145397,3.835623065007278,True,2,-1.3328713774531709,11.097802800064983,5.011565515684834,0,509.3240966272518,False,2.829036971068377,pinned
DCAL,2017-05-26,2017-05-29,296.96638866375775,296.96638866375775,-3.0599019270575623,242.72563569470736,22.34652834003603,362.89585388440605,10.949936068667999,2.0,23.963349357931058,11,,,2017-08-23,300.86505126953125,time,60,0.07187700008512161,261.4469483066842,False,A,35.33878552331839,-4.027669896997155,4.62925310774109,True,1,-6.490818449658242,2.3219214715232583,0.0,60,300.86505126953125,False,1.3128295842893545,backfill
BEML,2017-08-14,2017-08-17,691.7460462678443,691.7460462678443,-2.9086557277400504,566.4793085662841,22.113206220824,156.39670610051655,11.044369143162069,2.0,129.06037149277526,36,,,2017-08-29,689.3290697083075,stop,7,-0.01929463961371049,689.3290697083075,False,B,16.248131492467177,11.813937912139384,4.57834089107166,True,2,-3.3551287863934687,8.450684791219976,3.3077658917432355,0,695.7852042073594,False,-0.34940229475499684,pinned
DBL,2017-08-11,2017-08-17,532.8105212332966,532.8105212332966,-2.1892519792178433,428.38288677685614,24.37717231006864,187.60652065381663,10.204397025876249,2.0,22.496035118461304,26,,,2017-09-07,562.497361453331,stop,14,0.28428145839516755,562.497361453331,False,B,29.857020555437018,6.213199578077955,5.082050895333437,True,3,-2.374149423491534,17.7796681054067,4.9923875504840725,0,572.336252277083,False,5.5717443700845415,pinned
QUESS,2017-09-12,2017-09-13,742.6301813742713,742.6301813742713,-0.1238249658321755,656.1375232949255,13.182092931525347,227.3641675208953,17.17209755984154,2.0,8.5702771853125,31,,,2017-09-25,714.5976262737688,stop,8,-0.3241032906490887,714.5976262737688,False,A,8.106792474447833,-5.264815398444211,2.9189832118758567,True,1,-5.312133966395837,2.0723499054427386,3.264889852454975,0,728.8671972348181,False,-3.7747664724085084,backfill
GUJALKALI,2017-12-15,2017-12-18,641.4523281211616,641.4523281211616,-1.5108137362266683,522.9400097435945,22.662698621143097,164.66361471820971,10.825074336619855,2.0,11.853146432306824,20,,,2017-12-29,616.1749835172085,stop,8,-0.2132887530174061,616.1749835172085,False,B,78.22607852964695,0.7569907786416863,4.694539883034716,True,1,-10.130039958978509,2.3273749939452637,3.347644716846851,0,622.7966147775732,False,-3.9406427408239963,pinned
HFCL,2017-12-18,2017-12-20,29.748568053495184,29.748568053495184,-2.4116538208707183,22.974043670088015,29.487731810258254,2881.11123601063,8.782481653282789,1.9999999999999998,19.656455337274533,45,,,2018-01-16,31.455757065445173,stop,18,0.25200130892308903,31.455757065445173,False,B,55.530110493757576,1.7310708080519932,5.93425335865029,True,2,-6.374625038210557,21.035979810350703,12.56543289252417,0,33.64861679483342,False,5.738726680491135,pinned
BOMDYEING,2018-01-19,2018-01-22,249.97555635337358,249.97555635337358,-0.7163243521870588,184.79846480617456,35.269281925886055,299.23019860186054,7.6706569875812844,2.0,107.10007576389907,3,,,2018-01-25,228.11719525594285,stop,3,-0.33536877112108715,228.11719525594285,False,B,60.69450684968862,1.2907923278635325,6.647926800499334,True,1,-10.559933730522186,2.0961303856413593,4.737564585952553,0,233.35354290962945,False,-8.744199399452901,pinned
BLISSGVS,2018-01-19,2018-01-23,195.88119363820218,195.88119363820218,-2.88099066905787,171.1353324516457,14.459820092118282,787.6230031515059,15.831430731909002,2.0000000000000004,12.494363222132263,36,,,2018-02-02,185.51245982674718,stop,7,-0.41900880851493477,185.51245982674718,False,B,22.948005629427048,0.639320186374559,3.191044069945956,True,2,-5.344948124650317,4.364510897693519,5.0608235002454665,0,195.63774390852495,False,-5.293378919574243,pinned
DMART,2018-05-10,2018-05-11,1480.4789999999998,1480.4789999999998,-1.5183599362098232,1338.8635702124611,10.57728606097379,135.55732767524978,20.90844199987413,2.0000000000000004,90.6961916629474,39,,,2018-05-18,1400.2982512207032,stop,5,-0.5661865299536173,1400.2982512207032,False,B,21.463174798472284,3.0803191049833867,2.430832409888053,True,1,-7.060488451921632,2.5884223165695053,5.204016644021739,0,1495.0,False,-5.415865323270152,pinned
MANAPPURAM,2018-05-28,2018-05-29,94.89329678976253,94.89329678976253,-0.3227879446562443,79.63099915602263,19.16627669563229,1251.8198035369717,12.43499492238767,2.0,44.635220150846216,47,,,2018-06-01,90.23492145686131,stop,3,-0.30522110397081265,90.23492145686131,False,A,3.1629951761242836,-7.32592726875586,4.0673764520541695,True,1,-9.293266439297721,0.6334603857874432,3.24974560386928,0,92.98823327599413,False,-4.909066805026185,pinned
COFORGE,2018-06-06,2018-06-07,193.6815314883946,193.6815314883946,-0.36780773778761766,156.84544432428982,23.485595850615447,513.5384302253561,10.515858029412477,2.0,146.40445766974295,26,,,2018-06-25,198.29558884319022,stop,12,0.12525916051398164,198.29558884319022,False,B,34.25706579756187,2.0729354128703026,4.816117361873689,True,1,-0.8095462695977829,8.650367094364576,3.7566355443791064,0,200.98797808003812,False,2.382290825221034,pinned
INTELLECT,2018-06-05,2018-06-07,190.86272859844019,190.86272859844019,-4.376179581398565,148.1295356865037,28.84852957507109,442.67102663921986,8.932762360714088,2.0,12.69252284717392,19,,,2018-06-27,187.1413296287739,stop,14,-0.08708450541796076,187.1413296287739,False,A,7.739485027787074,-5.699587118653982,5.9253658192768235,True,2,-5.27780003254118,16.953703757893003,5.577989610821339,0,187.8695109278678,False,-1.9497777261142546,pinned
IBVENTURES,2018-06-08,2018-06-11,453.0,451.20074999999997,0.3987692839606316,348.7647759103077,29.88697004094776,182.80887847806298,8.691879428593213,2.0,54.61009384,7,,,2018-06-29,458.541,stop,14,0.053158613591429316,458.541,False,B,65.16989757791552,5.496014584359066,5.7850607220386445,True,1,-0.6622516556291425,12.869757174392937,4.814615797958082,0,459.15,False,1.223178807947023,backfill
RADICO,2018-06-06,2018-06-07,407.64825916211686,406.1959708141756,0.35753391276389657,313.5295431293973,30.019090096997857,200.9881474724169,8.66242712066751,2.0,58.78973277491058,34,,,2018-07-03,372.99864226403196,stop,18,-0.368147998173278,372.99864226403196,False,B,22.16970840580239,0.4479398833398207,5.8251570256590846,True,1,-9.95562125885181,1.7272355965049835,4.989720386210349,0,379.4350940184518,False,-8.499880992820618,pinned
LTI,2018-04-23,2018-04-25,1568.5669999999998,1568.5669999999998,-2.289796993051596,1353.9771180371044,15.84885587091691,89.39205059969495,14.61920744493648,2.0,33.8481284175,17,,,2018-07-19,1791.7564499999999,stop,60,1.0400744338849661,1791.7564499999999,False,B,34.400619021315016,10.028525249494002,3.4989382351686844,True,2,-5.96512613104826,20.077752496386836,7.392964716006888,0,1824.85,False,14.228875782800475,backfill
RBLBANK,2018-07-17,2018-07-20,547.6759005873959,547.6759005873959,-1.4945328407971692,490.8459366417964,11.577963614084496,335.4066821483489,19.274194898721362,2.0,90.1577877064148,20,,,2018-08-02,542.8832361398406,stop,9,-0.08433340644282343,542.8832361398406,False,B,12.953295481305416,3.9650433709539135,2.6142913253477733,True,3,-1.671065936064553,3.271860731422316,1.8036542056335905,0,551.0928896939754,False,-0.8750913528265514,pinned
TATAELXSI,2018-07-25,2018-07-26,1342.7763046561731,1342.7763046561731,-1.7885473349034564,1185.6470022497692,13.252620898821533,121.82740635345385,17.091354497115717,2.0,108.00401240348084,18,,,2018-08-29,1277.3018550229324,stop,22,-0.41669153130900866,1277.3018550229324,False,B,28.63222821143756,11.774300586798404,2.955457938496276,True,1,-7.121277626282163,0.7038907676292894,1.9096720961789673,0,1286.1991052002613,False,-4.876050419284539,pinned
VIPIND,2018-07-24,2018-07-25,468.4252622775138,468.4252622775138,-3.1686436917919614,404.06568471458,15.927998837217627,296.39466349050895,14.556505185866571,2.0000000000000004,20.61485217914719,48,2018-08-23,597.1444174033813,2018-09-04,585.1864333525232,stop,27,1.9071001977975606,585.1864333525232,True,B,23.453255625013014,10.502706770782089,3.538955488095341,True,1,-3.7077488682652704,34.15393045703659,7.859544590396972,0,600.2441701499297,False,24.926318129664704,pinned
GAIL,2018-08-30,2018-08-31,91.04081373028166,91.04081373028166,-0.5210895183012765,78.27253077752952,16.312597568926,1655.8572526842686,14.260463065734037,2.0,148.802399514257,49,,,2018-09-04,86.52023484719189,stop,2,-0.3540475175728608,86.52023484719189,False,B,11.007161782412345,3.166113001548654,3.540490532504677,True,1,-5.983352088090854,1.0057111751353043,2.402922943411622,0,88.26569240429896,False,-4.965442088954164,pinned
DABUR,2018-07-31,2018-08-01,400.11182595370934,400.11182595370934,-1.1841336313616613,361.02257609154844,10.827369934961805,485.72064905421354,20.471706536431896,2.0,114.18257834052291,18,,,2018-09-11,413.52531885074933,stop,27,0.34315042996065503,413.52531885074933,False,B,14.975434955635603,11.310815960586007,2.4848553536728177,True,1,-1.6038289529001215,14.403056363174539,5.481710259434769,0,419.7233899237194,False,3.352436000877379,pinned
VMART,2018-08-02,2018-08-03,663.6548872980302,663.6548872980302,-1.0405859212783697,527.1491661021537,25.895084346851394,138.27624751334434,9.723473587538946,2.0,21.419810910091552,1,,,2018-09-17,678.5565860366397,stop,28,0.10916537862341016,678.5565860366397,False,B,25.884063315713355,5.105760707032436,5.229773075073632,True,1,-1.0405859212783697,24.131982894609205,4.87567366528159,0,691.7089750140301,False,2.245398779368535,pinned
LTI,2018-09-04,2018-09-07,1919.918,1919.918,-1.5582957188796542,1655.4860830272428,15.973067951692688,77.21617578599124,14.521076139215053,2.0,84.85344755275,47,,,2018-09-19,1832.166,stop,7,-0.33185101482677876,1832.166,False,B,17.124464545317352,4.167668596963803,3.5621402184006925,True,3,-6.503819433954994,3.4940033897281175,2.3612029922141295,0,1851.0,False,-4.570611869881935,backfill
MERCK,2018-08-03,2018-08-06,1796.8374911991882,1796.8374911991882,-0.09990646515215529,1513.9819180406485,18.682889788049994,68.03415354688649,12.704982059463015,1.9999999999999998,6.711894108568115,13,2018-08-24,2362.5486375162677,2018-09-21,2114.7596379602473,stop,30,1.5619867114707064,2114.7596379602473,True,B,47.09985079342898,2.454528323007543,3.9752325131411768,True,1,-1.0910972185974588,46.487175264142145,16.689768049381843,0,2199.3710144618485,False,17.693427943162597,alias
LT,2019-01-15,2019-01-16,1200.6533833343665,1200.6533833343665,-0.4778644972436408,1102.8898779010299,8.86430344427458,207.8494349261767,24.562404508972378,2.0,243.27444024492007,27,,,2019-01-18,1182.2540447941324,stop,2,-0.1882025246402435,1182.2540447941324,False,A,7.646607509495285,-4.574236155249944,2.0484562645604227,True,1,-2.6937550452220793,0.9005771268223883,2.091306797427401,0,1201.9897262922113,False,-1.5324438173102695,pinned
PIIND,2019-01-14,2019-01-15,832.9433685955123,829.7056070796467,0.390230159738425,747.9118122296305,11.3691955355526,238.89131345303798,19.591394164572158,2.0,6.459084992216186,44,,,2019-02-05,814.5871215064752,stop,15,-0.21587570395691802,814.5871215064752,False,B,9.764525490244825,0.7912075874388247,2.5704360685938075,True,1,-2.6999839923641633,3.2353116308517116,2.4727766933694397,0,818.2445146665198,False,-2.203780926906096,pinned
PVR,2019-01-04,2019-01-07,1547.042811690253,1542.6712686094816,0.283374894556232,1358.693320885408,13.862546308986424,106.02855852213942,16.427363886990204,2.0,61.878593046191405,5,,,2019-02-08,1510.739298014778,stop,24,-0.19274548351760828,1510.739298014778,False,B,16.13995355892326,5.801833981580562,3.062662404166276,True,1,-5.173718577986019,5.180030722105289,3.5233941590432702,0,1525.8356772872378,False,-2.3466392397900715,alias
AARTIIND,2019-01-04,2019-01-07,348.997754413201,347.1558853283749,0.5305596599878726,316.1334149741537,10.395718352561435,607.6624496121505,21.238689739100273,1.9999999999999998,5.989127991954346,18,2019-02-05,414.72643329129556,2019-02-12,356.8508606595841,stop,26,1.1194776219517217,356.8508606595841,True,B,8.822968925768038,1.9805274946488538,2.372936727409063,True,1,-0.7457645186823014,22.566087923419676,5.449204368453311,0,366.53882813351595,False,2.2501881880550245,pinned
TEAMLEASE,2019-03-06,2019-03-11,3023.5204999999996,3023.5204999999996,-1.2409540467808844,2551.9191567952657,18.480261882471893,42.59545367416809,12.822357457482536,2.0,6.134939944177246,15,,,2019-03-15,2772.225,stop,4,-0.5328557766446099,2772.225,False,B,10.309085970104404,4.76758386374696,3.9774758026890997,True,3,-10.610827637124498,1.1073019018723596,3.750463873746556,0,2900.0,False,-8.311354264011106,pinned
TTKPRESTIG,2019-03-25,2019-03-26,659.7202723864232,659.7202723864232,-0.20790322026428276,548.6734876633311,20.23913807025992,182.67700911075576,11.88184374777733,2.0,12.707941794492188,2,,,2019-04-18,665.0523182377024,stop,15,0.048016211046319444,665.0523182377024,False,B,17.053416543252297,2.286068068302538,4.250568414049714,True,1,-0.7733688080064915,5.261449017382214,2.280508672329245,0,671.3515739828757,False,0.8082282862085455,pinned
KAJARIACER,2019-03-26,2019-03-27,531.1872391465005,531.1872391465005,-0.726970269832683,475.01653674416247,11.824999354199495,361.133388166621,18.913320162590335,2.0,26.46865772893921,17,,,2019-04-26,576.4317517991309,stop,19,0.8054824084013448,576.4317517991309,False,B,30.488310489143554,2.909406817297655,2.6629989137355348,True,1,-0.9212725990946691,12.167913947400756,4.161616767743602,0,579.9642052934435,False,8.517620401673852,pinned
GODFRYPHLP,2019-03-08,2019-03-11,283.04077985574673,283.04077985574673,-1.6041212042432806,241.7474925656408,17.081164669740566,486.4730924913767,13.708803460826175,2.0,18.36748185244171,37,,,2019-04-30,326.2691486085423,stop,31,1.046861889417879,326.2691486085423,False,B,17.190493997918388,2.7010438516275714,3.7155656594075097,True,1,-2.1643048196653525,25.51310076574058,5.055259801054735,0,330.4715506693813,False,15.272841169681328,pinned
SUNTECK,2019-05-03,2019-05-06,458.99908939649157,458.99908939649157,-0.7375546916519204,399.2787291494591,14.957060290751878,343.5215806273123,15.37161154078267,2.0,9.53282916215332,20,,,2019-05-08,440.53844202352326,stop,2,-0.309118151608699,440.53844202352326,False,B,27.784654128700346,5.167138816632222,3.2737639611390876,True,1,-5.190564245474794,1.9831162587046425,4.1364627187791605,0,454.6380400112866,False,-4.021935511297203,pinned
MUTHOOTFIN,2019-05-20,2019-05-21,557.3808662417047,557.3808662417047,-0.7084628436294316,488.11267062905597,14.191025920998769,293.7703240420549,16.093413761161244,2.0,48.46465953279389,39,,,2019-06-07,556.356403199704,stop,12,-0.014789804078765258,556.356403199704,False,B,19.363076620286847,4.880120858193049,3.1389013326981074,True,1,-2.56617156444251,5.120902152513063,3.4579948583624587,0,564.7684470437994,False,-0.18379946353529464,pinned
INDIGO,2019-05-17,2019-05-20,1511.7011482555092,1492.6415012852772,1.2769072113980595,1274.9677518998553,18.567794832684402,85.86499942758374,12.77133832004354,2.0,495.45205535646113,4,,,2019-06-12,1636.1545805406474,stop,16,0.5257113453404222,1636.1545805406474,False,B,30.338757554401717,1.6929190207803924,4.0352230853113,True,1,-5.148120551143853,12.969066787348238,5.04242639763048,0,1667.8472772765485,False,8.232674323807743,pinned
AXISBANK,2019-05-20,2019-05-21,787.1723123206947,787.1723123206947,-0.21994396234902291,716.3052808667679,9.893411838060695,287.14255209301155,22.215473011098656,2.0,583.2610722912137,46,,,2019-06-14,796.1813896541743,stop,17,0.12712649519313804,796.1813896541743,False,B,16.591558987998578,3.949572177584826,2.2766902648694707,True,1,-2.683806149568102,4.58774919518794,2.6096768453546035,0,815.6769990745246,False,1.1444860537484614,pinned
BPCL,2019-04-30,2019-05-03,120.55089384697878,120.31096309709424,0.19942550845586382,105.77775146070579,13.966209512177908,1391.5710804982648,16.32027779803883,2.0,139.58465453872765,46,,,2019-06-17,118.61583707738873,stop,30,-0.13098477757772625,118.61583707738873,False,B,10.484018737769807,3.9009464976889063,3.1048068315208535,True,2,-9.598667402020011,9.546701509169097,4.450001707517903,0,120.61352882054769,False,-1.6051782843238938,pinned
PRESTIGE,2019-07-03,2019-07-04,285.0159287606961,285.0159287606961,-2.494761294547676,240.70410708241246,18.409250351142582,464.21791598686775,12.864103436324163,2.0,9.00150099263405,44,,,2019-07-08,254.73544905510067,stop,2,-0.6833499178941521,254.73544905510067,False,B,27.13895819112706,6.2673089167898155,3.985532758262152,True,1,-13.511143742627429,0.5843515066771499,6.37523006457599,0,263.6688887278643,False,-10.624135934177703,pinned
SOBHA,2019-06-28,2019-07-03,515.6542882140914,515.6542882140914,-1.204817139134684,430.5845416918345,19.756804595911515,241.61373828337096,12.123094502913094,2.0,19.788951483802645,25,,,2019-07-22,510.81377051003614,stop,13,-0.05690057749012807,510.81377051003614,False,B,11.871309012052844,5.390382073071387,4.165032499252648,True,3,-1.8531611362616496,7.3880626232776025,3.885040525544651,0,521.7314528694149,False,-0.9387137496363662,pinned
UPL,2019-07-04,2019-07-05,663.7920502559475,663.5627161473632,0.034561029877600014,570.2986601626338,16.39375937980494,219.88677186911534,14.199764274103899,2.0,362.8659198101297,3,,,2019-07-24,591.458895172299,stop,13,-0.7736713259777447,591.458895172299,False,B,17.535897517779155,7.064664965342526,3.564296674870107,True,1,-13.898724122527462,0.3041396668062468,4.355576833971233,0,606.558790253033,False,-10.896960133185996,pinned
SBILIFE,2019-10-16,2019-10-17,882.6269183276747,882.6269183276747,-1.4990586741122636,781.8268183295645,12.892893622334123,197.28706036845963,17.512421482602143,2.0,102.42181150542113,12,,,2019-11-05,963.373437187664,stop,12,0.8010559400387802,963.373437187664,False,B,19.015500980490717,6.8413947546484,2.9073226860740613,True,1,-1.4990586741122636,15.29087456249545,6.825428395725554,0,987.9498046566589,False,9.148431481444131,pinned
PIDILITIND,2019-10-31,2019-11-01,687.8432134091487,687.8432134091487,-0.4531738089397441,619.4235898091591,11.045692273532758,294.0621206557063,20.10660618160003,2.0,86.19832821864014,41,,,2019-11-11,641.3191724710513,stop,6,-0.6799809541498926,641.3191724710513,False,B,12.295203388907572,1.8035586620220423,2.5112539815644266,True,1,-6.882381146091332,0.6383759454726023,2.4406606111111886,0,660.9137948510925,False,-6.763756628129092,pinned
TORNTPHARM,2019-10-24,2019-10-29,815.8784807314316,815.8784807314316,-2.4544321688372284,708.6631678482793,15.129234557045091,189.08007381501406,15.21943943997271,2.0,63.19848370074402,44,,,2019-11-20,802.3682531739107,stop,15,-0.12601024232653146,802.3682531739107,False,B,8.936878090421562,4.968027249283091,3.3150667594765744,True,3,-3.609284101845023,2.8713245574838453,1.859517374723596,0,807.9740219415472,False,-1.655911741342786,pinned
INDIGO,2019-10-30,2019-10-31,1533.3432269935777,1533.3432269935777,-0.9397803157366269,1267.6793815880317,20.956706345791233,76.25326768202038,11.543484395875325,2.0,282.7589419315222,39,,,2019-11-21,1408.058589101537,stop,14,-0.4715908470751403,1408.058589101537,False,A,8.676848591754926,-11.26928406300195,4.399867436098708,True,1,-9.826877906313491,0.37863495815679826,3.378603377007308,0,1424.243219667597,False,-8.170684533409123,pinned
WHIRLPOOL,2019-12-03,2019-12-04,2251.7373566895358,2251.7373566895358,-2.386816069751152,1871.8393115426738,20.29544110994066,51.70627320453639,11.854429815868379,2.0,28.92693071560181,20,,,2019-12-16,2230.7450561505134,stop,8,-0.05525772192617397,2230.7450561505134,False,B,38.38184671938896,3.741782611022204,4.3452510737353585,True,1,-3.8205111804713865,6.839435360635049,4.2258409968823765,0,2273.6139414917047,False,-0.9322712738525141,pinned
ORIENTELEC,2019-12-11,2019-12-12,184.79562132959066,184.79562132959066,-0.4112699217994842,151.1209235012726,22.28327954072784,582.186777442953,10.975339542568403,2.0,8.084798474366837,31,,,2019-12-16,174.94162320554943,stop,2,-0.2926232085074482,174.94162320554943,False,B,18.854110093928746,1.4358016546001773,4.647130911958057,True,1,-5.93822654933912,0.9380334355751252,1.4539615817795555,0,176.45933857902153,False,-5.332376413002892,pinned
JMFINANCIL,2019-12-04,2019-12-06,77.93807815722111,77.93807815722111,-3.6456357529518923,60.52266945202493,28.775017465151677,1134.2116634876886,8.950473626721944,2.0,5.857556664292411,38,,,2019-12-24,78.96553400407647,stop,12,0.058996941401025044,78.96553400407647,False,B,11.993678664687902,7.955466194615068,5.649170311083729,True,2,-4.208453311156502,10.312221215896745,5.488136887867665,0,79.39550064505008,False,1.3182976423702808,pinned
GLAXO,2019-12-19,2019-12-20,1403.5442106056325,1403.5442106056325,-0.6042910320895656,1253.574332426243,11.96338137277657,130.55097244318418,18.71768154571353,2.0,6.88760381204712,44,,,2019-12-27,1344.6602340918637,stop,4,-0.39263869003969976,1344.6602340918637,False,B,33.56239296255738,2.857664751546185,2.7059280405550448,True,1,-4.437705565143157,0.1671383509449731,1.0815858053862657,0,1359.2490922435104,False,-4.19537739308976,pinned
GALAXYSURF,2019-12-11,2019-12-12,1327.2716425471046,1327.2716425471046,-0.0462794277892864,1122.631865955397,18.228573657808344,95.8023124172435,12.971785492077084,2.0,5.614816328213501,14,,,2020-01-13,1393.6357289339908,stop,21,0.32429710143445933,1393.6357289339908,False,A,20.329689768144288,-7.769729870808007,3.9030682967125876,True,1,-1.1187442407958215,12.179845317916161,4.9154990660999935,0,1419.6564371435306,False,5.000037992187489,pinned
GMRAIRPORT,2020-01-03,2020-01-07,21.057716901779173,21.057716901779173,-2.4530137397986596,18.208998071006818,15.644566601982412,6881.596124238073,14.783991087017823,2.0,29.487165289123677,45,,,2020-01-17,21.15064786720276,stop,8,0.03262202096596225,21.15064786720276,False,B,37.261827263015704,6.828173984138197,3.490045270131084,True,2,-2.4530137397986596,6.95942270435943,3.6480771123151983,0,21.622283935546875,False,0.44131548475578875,pinned
CDSL,2019-12-18,2019-12-20,107.79384648946265,107.79384648946265,-1.236617715334709,95.67479670260605,12.66691982061614,1615.5320572029289,17.789158124652253,2.0,12.477706049655076,39,2020-01-15,132.03194606317587,2020-01-24,125.7514873391902,stop,24,1.7408848534149532,125.7514873391902,True,B,15.674680308250256,1.7847284444242995,2.844005117240302,True,2,-3.3788958659722534,24.82046914239966,13.841296288618981,0,127.24404497504705,False,16.65924487765913,pinned
MFSL,2020-01-16,2020-01-17,537.9000244140625,536.3357877807616,0.29165248132581034,453.7147531523176,18.55466913448214,242.69136924918115,12.77895803748494,2.0,154.4261626427202,20,,,2020-01-28,509.49,stop,7,-0.3374702485156979,509.49,False,B,24.89533302631517,1.8783897059094112,3.9803910762054335,True,1,-5.930474617250924,0.0,2.4475787264363817,0,514.9500122070312,False,-5.281655163524057,pinned
POLYCAB,2020-01-10,2020-01-13,999.7957247053233,999.7957247053233,-0.6767914959988519,888.7127714662224,12.499308753697026,180.50006508391184,18.000884844199444,2.0,22.979146651949463,8,,,2020-01-29,946.8999832907434,stop,12,-0.4761823472655095,946.8999832907434,False,B,57.927945635906106,7.479054920487105,2.80675755340851,True,1,-5.676612920300938,10.284332335404267,8.169008864766427,0,965.1512295471608,False,-5.290654891544988,pinned
TATAMOTORS,2020-01-29,2020-01-30,186.0295790827406,184.216405113857,0.9842630289973009,158.44093358021604,17.41257443964561,710.5491124061781,13.485952332507049,2.0,663.183755415949,29,,,2020-02-03,170.22274215800817,stop,2,-0.572947190295587,170.22274215800817,False,B,46.76843906454036,4.447154431842004,3.764738028988377,True,1,-16.44409459642099,0.8379188945204952,7.219700612642041,0,159.2869120663538,True,-8.496948174946962,alias
ATGL,2020-01-24,2020-01-27,176.85688598219235,176.85688598219235,-2.266738903728216,144.2078781170854,22.64023872440488,610.2482151043857,10.833829114372872,2.0,56.43902415386231,24,,,2020-02-14,163.3279240947745,stop,14,-0.41437589599396973,163.3279240947745,False,B,13.960033185462839,9.132078322749425,4.679101127635978,True,1,-7.697940062936626,0.9976045027825231,3.3203625652057838,0,166.9752291361491,False,-7.649666459003523,pinned
IGL,2020-02-18,2020-02-19,214.11962195086687,214.11962195086687,-0.9537430636636923,187.02301016178095,14.488383951069173,712.0861095244687,15.80416205668273,2.0,158.31717913707047,45,,,2020-02-24,205.62880660714274,stop,2,-0.31335339672040097,205.62880660714274,False,B,25.7739720243938,1.4748180826821278,3.225384019740835,True,1,-5.951873493722626,0.6810616496059296,2.904607663770356,0,205.09889100575464,True,-3.9654541075513805,pinned
IBVENTURES,2020-02-19,2020-02-20,202.65244999999996,202.65244999999996,-1.35821205221055,156.5785586612643,29.425415416174605,418.4426745116539,8.796845419897243,2.0,34.7763177395,49,,,2020-03-12,189.85995,stop,13,-0.27765182467331423,189.85995,False,B,42.78656213817911,9.541760289193025,5.727733880996475,True,1,-16.976083930887565,13.297421274699639,9.833795013850416,0,188.7,True,-6.312531627424178,backfill
DIVISLAB,2020-05-29,2020-06-01,2338.2824546972147,2338.2824546972147,-0.34880652695647996,2019.3571178888405,15.793409396639957,59.71579837650488,14.663510137497596,2.0,135.40093888026124,34,,,2020-06-12,2264.709702152794,stop,9,-0.23068958170804388,2264.709702152794,False,B,17.808250362148126,6.547279487294988,3.4389398818785484,True,1,-4.464136763012549,5.286924720439368,2.7842236090146515,0,2240.7856861084183,True,-3.146444194396858,pinned
DMART,2020-05-28,2020-06-01,2320.10009765625,2312.5101511230464,0.32821246339254095,1916.18524233784,21.079113145951077,47.150732039787236,11.488065205362615,2.0,87.39144996575561,41,,,2020-06-25,2309.688,stop,18,-0.025777951761744293,2309.688,False,B,10.771873356796103,3.803044029552316,4.374308127336313,True,2,-1.61416291264036,8.917714479334693,3.5125528350276984,0,2348.0,False,-0.44877795000173304,pinned
AARTIIND,2020-06-16,2020-06-17,459.14246058274654,459.14246058274654,-0.7423461002453058,378.1128699879379,21.43000067609271,234.7521789911588,11.332710858153165,2.0,75.15446361660645,39,,,2020-06-30,449.8758739417481,stop,9,-0.11436052648144691,449.8758739417481,False,A,5.173267767809087,-6.299498766222412,4.458229876763442,True,1,-2.027247678920263,4.9325788955232985,3.056500898811959,0,458.6837090986155,False,-2.018237788166488,pinned
CIPLA,2020-07-16,2020-07-17,647.0534565834663,647.0534565834663,-0.5275802080618064,577.8993448451689,11.966463079625944,271.5730648481897,18.713376264079166,2.0000000000000004,432.4731022004187,27,,,2020-07-27,626.7900868007627,stop,6,-0.29301757008154644,626.7900868007627,False,B,49.51056372879539,6.03109920344449,2.686056761280174,True,1,-4.0817430397330545,2.7390121224308617,2.1404713627826397,0,643.1149068856893,False,-3.1316376686552405,pinned
IDEA,2020-07-17,2020-07-22,9.008999999999999,9.008999999999999,-6.204908322065295,5.1948217208869245,73.42269829544546,4932.679718114107,4.723953282065723,1.9999999999999998,471.57154621996295,1,,,2020-08-07,7.792200190544128,stop,12,-0.3190201716892,7.792200190544128,False,B,126.40958445087485,1.0580595628181033,10.713984389313207,True,3,-15.63991669849517,0.4551025722595803,7.272731896602746,0,7.900000095367432,False,-13.506491391451558,pinned
CAPLIPOINT,2020-07-13,2020-07-14,370.53170102245076,370.53170102245076,-1.44490167662098,287.91693880843235,28.6939568598938,228.5094022431571,8.97010875762292,2.0,20.33678330701019,17,2020-08-05,535.7612254504876,2020-08-25,510.36690078092045,stop,30,1.8463087952502868,510.36690078092045,True,B,16.080892561078564,9.67539946336955,5.680108771713764,True,1,-19.536633348202592,80.91729432409616,10.551192211823356,0,520.8451574083342,False,37.739065071249335,pinned
FDC,2020-07-14,2020-07-15,259.7503114506754,259.618763156648,0.05066979459724674,209.73012498286164,23.849786229756553,377.4790618757409,10.385819397847136,2.0,22.008563426773147,19,,,2020-08-25,310.01211882131133,stop,29,1.0048304678547666,310.01211882131133,False,B,13.512263622081843,2.371922177267627,4.932084731714947,True,1,-5.549276947674009,33.18283645704226,6.76917581177518,0,314.18255281194934,False,19.35004700857896,pinned
GLENMARK,2020-07-30,2020-07-31,440.11412768119965,440.11412768119965,-1.38778350262172,371.16378305701767,18.57679756798629,274.4725372775874,12.7661182864297,2.0000000000000004,177.30087934283264,49,,,2020-08-31,463.73974635369757,stop,21,0.3426468540697046,463.73974635369757,False,B,60.981369659060334,4.600821673812727,3.9960313077048415,True,1,-2.964336822572333,13.023224133323218,4.929638146716926,0,479.3516967896691,False,5.368066414266837,pinned
DCAL,2020-09-04,2020-09-07,186.48630305480955,186.48630305480955,-0.04628176810380635,148.06472670991118,25.94917587642196,540.1419005566238,9.707373866224584,1.9999999999999998,7.666971928599015,7,,,2020-09-10,167.2325939025879,stop,3,-0.501117106164182,167.2325939025879,False,B,145.77579486437767,2.8850305008257138,5.180903129688146,True,1,-13.10353607893109,2.125461134948714,4.9860707232547,0,164.5500030517578,True,-10.324462889139296,backfill
INFIBEAM,2020-08-19,2020-08-20,18.7187,18.7187,-0.5005689497667998,15.709549238812286,19.154914730164574,6647.453578443531,12.441184563721709,2.0,7.57459828125,38,,,2020-09-22,18.606375,stop,23,-0.03732780738299193,18.606375,False,B,74.17961027958204,6.438380595683957,4.033714157088085,True,1,-2.437135057455908,12.120499821034603,3.804347826086972,0,19.6875,False,-0.6000683808170315,backfill
VMART,2020-09-14,2020-09-15,524.1421908116951,524.1421908116951,-1.6019820630394532,408.2002784939711,28.40319285069679,180.709976996573,9.041461889559844,2.0,10.56965938515625,33,,,2020-09-29,498.23855675357174,stop,10,-0.22341906856890306,498.23855675357174,False,B,11.493358321598413,10.369983998671017,5.668043833687501,True,1,-6.060525340970823,3.7125099623947833,4.051143909349477,0,524.3433728499658,False,-4.942100542985961,pinned
DIXON,2020-10-13,2020-10-14,1820.0634796001923,1817.65850184514,0.13231185905442366,1479.6522883712055,23.00616123830754,60.67021669729798,10.693323407078454,2.0,58.49148867700806,41,,,2020-10-28,1845.12774803989,stop,10,0.07362939023599151,1845.12774803989,False,B,68.06995448523058,3.747735258513174,4.727652353260296,True,1,-3.0164044677263524,9.647323657070771,4.2166929123106645,0,1905.6468778728984,False,1.3771095745080064,pinned
ADANIGREEN,2020-08-07,2020-08-11,376.12575,376.12575,-0.8310385555894473,307.17829367032243,22.445419403128476,291.76207080077984,10.910504027923114,2.0,29.71199004997711,2,2020-09-02,514.0206626593551,2020-11-04,840.9000244140625,time,60,4.37049616588978,677.322,True,B,120.15269766350976,1.6678757534001054,4.652952764052368,True,2,-6.680146201104275,139.0689848294171,9.998678962848059,0,834.4000244140625,False,123.56885281426825,pinned
MINDTREE,2020-10-19,2020-10-20,1351.35,1351.35,-1.2099012099011985,1055.636188012319,28.012852850799575,69.89559528706873,9.139579858760847,2.0,313.53860718625003,20,,,2020-11-10,1303.74495,stop,15,-0.16098351876098055,1303.74495,False,B,37.62101130194979,5.204257923910127,5.509853027532718,True,1,-5.094905094905089,8.613608613608626,5.068882111683665,0,1370.0,False,-3.522777222777218,backfill
INDIAMART,2020-11-06,2020-11-09,2361.143990972875,2361.143990972875,-0.5661525544453871,1995.813925064034,18.304815961093148,58.18296760565764,12.92608636028352,2.0,25.290089215734863,13,2020-11-14,3091.8041227905574,2020-11-17,2361.143990972875,stop,6,1.0,2361.143990972875,True,B,111.11695326111337,0.4278141120621415,3.9288628090717133,True,1,-10.22918552264086,99.62324385213388,99.40137710129454,0,2337.799888814154,True,0.0,pinned
CDSL,2020-10-27,2020-10-30,227.41252972177756,227.41252972177756,-2.6946984248140793,192.10012132151977,18.38229364840176,597.7189284029337,12.88003509384635,2.0,44.46244658945419,43,,,2020-11-25,227.24341134697542,stop,18,-0.004789205337829751,227.24341134697542,False,B,67.43127629136426,2.432190845789073,3.936570932930292,True,3,-4.013034135352466,7.73683656670312,3.938425206844407,0,233.20523258890884,False,-0.07436633988858743,pinned
TRENT,2020-11-27,2020-12-01,736.0358529871256,736.0358529871256,-0.9245263084248778,582.3525584421479,26.39007802354232,150.2202116604205,9.578605861702345,2.0,184.66567752437408,44,,,2020-12-03,721.692989856981,stop,2,-0.0933274053800755,721.692989856981,False,B,15.436583753312227,4.333911052976269,5.360839555398043,True,1,-8.751598498148827,0.7246971887825859,3.3892297934528153,0,695.7992923972702,True,-1.9486636516326872,pinned
TIINDIA,2020-09-28,2020-10-01,621.6787514536751,621.6787514536751,-2.3308839407456317,487.50744049916955,27.521900141077758,155.65544435285588,9.26694010859702,2.0,11.731277805621032,36,,,2020-12-09,786.9024062370692,stop,47,1.2314380295458072,786.9024062370692,False,B,59.78432595110661,5.113719236106551,5.417772088703761,True,3,-12.800545477602887,36.71923521442135,5.220467968466524,0,807.4046496550696,False,26.57701496103102,pinned
EMAMILTD,2020-11-09,2020-11-10,341.2167731220844,341.2167731220844,-0.09988758704015943,286.96809767845275,18.904078844477425,395.31112639930296,12.579727351191591,2.0,17.135331682688292,23,,,2020-12-09,374.6912263036143,stop,20,0.6170556775402248,374.6912263036143,False,B,60.296294369732074,4.5658840619946295,3.9943909229707226,True,1,-2.2030478483656246,22.59413720879937,3.934915514057149,0,387.1242917761339,False,9.810318782175752,pinned
CYIENT,2020-10-20,2020-10-21,361.7823165422978,361.7823165422978,-0.69987475371317,306.778480441829,17.929496234954634,376.4467431331404,13.154803089787205,2.0,21.453317655798035,27,2020-12-14,471.78998874323537,2020-12-21,416.95084384262987,stop,42,1.5014970883081906,416.95084384262987,True,B,66.57106124693937,3.810539444685501,3.8333538531557645,True,1,-4.4955588289602115,37.807995492232195,7.741083501751031,0,466.803952963044,False,15.249094490742475,pinned
LAURUSLABS,2020-11-27,2020-12-01,315.5984603878761,315.5984603878761,-0.39556179649720136,252.64862288435643,24.91596304181456,366.741805074977,10.026982527801765,2.0,160.95259729506944,2,,,2020-12-21,314.33006987014323,stop,14,-0.020149226241639836,314.33006987014323,False,B,86.76613083026028,4.789438556325276,5.056908973481821,True,1,-3.2120560450466185,13.826989387929544,6.275617051165988,0,349.65986728926026,False,-0.40190009677930627,pinned
INDIAMART,2020-12-08,2020-12-09,2505.1781814407104,2505.1781814407104,-0.7173876852855199,1683.3241576625774,48.82327744403903,27.80812592287799,6.096406682841785,2.0,34.94807057299072,8,,,2020-12-21,2476.3007038805486,stop,8,-0.035136991150094575,2476.3007038805486,False,B,77.78614551251172,3.749315103089179,8.334594583809363,True,1,-7.969625121766977,18.996717669879782,6.3454126836386555,0,2905.027062996144,False,-1.1527115226412588,pinned
VARROC,2020-12-22,2020-12-23,369.65157205619533,369.65157205619533,-0.22142197791439333,295.1093371628346,25.259192274295962,305.328839837144,9.917909560533426,2.0,11.559831432493592,28,,,2021-02-10,404.8619518627936,stop,33,0.47235476447640506,404.8619518627936,False,B,31.33709150643835,6.220337673910659,5.112063039539995,True,1,-0.8695085225771781,28.983051922732894,7.685544372921632,0,430.57146922649343,False,9.525288803924115,pinned
CROMPTON,2021-02-16,2021-02-17,385.74300333958456,385.74300333958456,-1.06001274477453,320.903689439444,20.205225441129127,379.5886675805562,11.898429521745706,2.0,95.23625148954102,49,,,2021-02-22,376.2272837947756,stop,3,-0.14675848605468272,376.2272837947756,False,B,39.72784036717174,1.3119381773824879,4.237110465245751,True,1,-5.985178875244445,1.7330031721052075,2.4076671547404516,0,381.5579293926638,False,-2.466854735517243,pinned
PRSMJOHNSN,2021-01-28,2021-02-02,92.54244694519042,92.54244694519042,-0.7482495805189116,75.18849457492443,23.08059559960065,1331.1749849792263,10.665287649832592,2.0000000000000004,9.75230054496582,20,,,2021-02-24,96.903,stop,16,0.25127146610595147,96.903,False,B,46.645857725302456,4.402102526695617,4.775441018639453,True,3,-1.5586884923451838,29.670225892202428,6.140790246807672,0,110.44999694824219,False,4.711949163600759,pinned
HFCL,2021-02-17,2021-02-18,30.629299550840717,30.629299550840717,-1.23145969208458,23.23796939977216,31.80712576005469,3355.228172640333,8.287899180477734,2.0,39.85874261057437,38,,,2021-02-26,28.639049532269162,stop,6,-0.26926818013721476,28.639049532269162,False,B,72.5847988042019,7.61159065356376,6.15850756054219,True,1,-6.727574499034139,2.9714607216138944,3.1405023614353254,0,29.21235222546366,False,-6.497863313093378,pinned
NCC,2021-02-01,2021-02-02,63.40284720752794,63.40284720752794,-0.09990781130545523,51.29028627326909,23.615701557453672,1907.205867627906,10.468941712928928,2.0,53.93416375110893,41,2021-02-08,87.62796907604564,2021-03-09,81.42154008615105,stop,25,1.7438019497453885,81.42154008615105,True,B,72.43602912656834,16.028556797252435,4.848544777064621,True,1,-3.552335226128822,46.6915338710518,19.867553261156004,0,83.83170029984191,False,28.41937495274458,pinned
TATASTEEL,2021-02-23,2021-02-24,62.14240227936754,62.14240227936754,-0.23565643822757165,52.165084825219914,19.12642812252068,2443.428306056972,12.45673550329595,1.9999999999999998,1322.3577823693904,45,,,2021-03-09,59.92006202822746,stop,9,-0.22273925444922435,59.92006202822746,False,B,65.82460989329608,8.826398985408446,4.054818587877533,True,1,-4.680927529128287,6.211705400004153,5.662806311730128,0,62.839450693333006,False,-3.5762058910264183,pinned
CHOLAFIN,2021-02-01,2021-02-02,443.4591131990915,443.4591131990915,-0.5115983623483866,346.4430167960753,28.00347869621578,238.1166439624015,9.14196983059204,2.0,297.9762443280627,17,,,2021-03-15,509.82128278366946,stop,28,0.684032568254465,509.82128278366946,False,B,65.88685887727918,10.851814063850629,5.548290341469943,True,1,-3.4157980321056325,24.531142333246937,13.701854592625287,0,530.4716532523197,False,14.964664747972956,pinned
INTELLECT,2021-05-27,2021-05-28,770.6858873690227,770.6858873690227,-1.7586323281686744,612.5133150841036,25.823532058760314,150.53630258948377,9.744873921387237,2.0,52.87351299183502,9,,,2021-06-08,717.1295605346194,stop,7,-0.3385942711858498,717.1295605346194,False,B,105.65249817178936,7.189187132235331,5.238741149964308,True,1,-7.8767910112988115,0.5444463900952989,4.526612690934372,0,728.6642698954802,False,-6.949177052824284,pinned
HINDCOPPER,2021-06-11,2021-06-14,167.0331740903418,167.0331740903418,-0.7980905879689582,134.03366705110778,24.620312019554834,754.2842347778125,10.1233738971768,2.0,110.79761474655213,3,,,2021-06-16,152.4761127679222,stop,2,-0.4411296600616584,152.4761127679222,False,B,100.86381708598617,6.28535044115488,5.0126095273639315,True,1,-9.089160472033663,0.48193227400328276,3.3528224098590367,0,155.49569111627702,False,-8.715071962020104,pinned
HEG,2021-06-03,2021-06-04,419.7658595702924,417.5711276106293,0.5255947584837939,332.0638265807245,26.411197477496874,271.50553444929955,9.572545704162257,2.0,101.78130243234939,20,,,2021-06-17,411.95629877531206,stop,9,-0.08904651954771968,411.95629877531206,False,B,98.57567215487057,4.2803552749337115,5.305087489212241,True,1,-4.791108628960639,8.002226758923747,5.373623783128143,0,418.833055081581,False,-1.8604563989493617,pinned
ADANIPOWER,2021-06-01,2021-06-02,19.439420076370237,19.439420076370237,-1.2830606125735389,16.176110862440648,20.173632844633094,7261.116776858904,11.913930799687728,2.0,166.11575845592117,34,2021-06-08,25.966038504229413,2021-07-01,22.217759771347048,stop,21,1.4256936000911802,22.217759771347048,True,B,82.06000293642029,0.4886213759202285,4.278066683471528,True,1,-1.7460381717512963,71.71294687278555,19.9999981963606,0,22.690000534057617,False,14.292297219061844,pinned
ADANIENT,2021-06-14,2021-06-15,1546.5001966623108,1527.086128863612,1.2713145271737725,1185.502205286093,30.451060298879806,68.3499754605401,8.567915797905973,2.0,1911.0496028239074,6,,,2021-07-19,1380.7325105975601,stop,24,-0.45919282108136206,1380.7325105975601,False,B,106.25209283892025,14.211473529855901,6.028117420464071,True,1,-15.954731647413123,2.002010332665072,8.759240580043794,0,1386.903989655058,False,-10.718892013238278,pinned
SEQUENT,2021-07-15,2021-07-16,292.99269999999996,292.99269999999996,-0.5777277044786255,240.95474360139525,21.596568559235195,457.9228057916229,11.260730446665116,2.0,82.37567391275,22,,,2021-08-02,289.71,stop,10,-0.06308280007875167,289.71,False,B,14.443962386939146,4.468792622474593,4.515615793006309,True,1,-2.7108866534899856,8.927628572315971,4.185667752443004,0,293.5,False,-1.1204033411071235,backfill
RENUKA,2021-08-11,2021-08-12,27.22720076370239,27.22720076370239,-0.4671812697037758,18.773570048028724,45.029425378585984,2809.843536078052,6.441540133334928,2.0,23.57057411085224,4,,,2021-08-20,24.675300762176512,stop,5,-0.301870295421642,24.675300762176512,False,A,222.8375990930903,-19.704734140212942,7.915384339059274,True,1,-12.771054923640834,3.2056164177218793,4.952378045944941,0,24.0,True,-9.372612424145743,pinned
LUXIND,2021-09-13,2021-09-14,4163.294299611113,4152.573145601467,0.25818097920808913,3628.5059607848243,14.73852722321607,44.64600825368085,15.56987689278484,2.0,20.827178546879882,34,,,2021-09-20,3886.806906187204,stop,4,-0.5170034074241822,3886.806906187204,False,B,81.25168987242127,3.5082514952626154,3.245289486716803,True,1,-9.52381495957223,0.0,3.6822303811635377,0,3965.041951888139,False,-6.64107251437247,pinned
BALKRISIND,2021-09-02,2021-09-03,2325.684215109852,2325.684215109852,-0.4814178497499988,2077.0028307386765,11.973088369972684,94.5215805656798,18.704127942593352,2.0,94.80056464717286,43,,,2021-09-21,2327.78169434584,stop,11,0.008434403891114464,2327.78169434584,False,B,27.258667469984886,2.712593585412537,2.6982250460397665,True,1,-6.6935535371841715,5.726571225310639,2.2297333159136747,0,2377.370123229682,False,0.0901876197275886,pinned
FSL,2021-08-12,2021-08-13,184.5794807591281,184.5794807591281,-1.0745363877489034,139.7179462734671,32.108641503972876,530.0176261098915,8.228852752155632,2.0,183.24247587050996,24,,,2021-09-28,173.7421313080801,stop,30,-0.24157331164211335,173.7421313080801,False,B,67.46815158546937,5.603552677899937,6.169533477284672,True,1,-14.207728314269819,4.2859676459409135,6.350965063813866,0,176.56953790772096,False,-5.871372812664088,pinned
MAXHEALTH,2021-09-29,2021-09-30,360.259949699754,355.73753633684873,1.271278091559891,290.2052490800587,24.139708307057294,335.80519902675314,10.28510425461643,2.0,236.11181707953492,49,,,2021-10-06,343.93840692706567,stop,4,-0.23298283524602836,343.93840692706567,False,B,45.284875268956704,3.635001482414957,4.955190879190681,True,1,-5.761268509542051,1.8237080216048973,1.5890787288464128,0,353.3911997654507,False,-4.530490493403705,pinned
ICIL,2021-09-24,2021-09-27,274.21802071488935,274.21802071488935,-3.00141845514581,218.11553693871122,25.721452292480418,417.59795827380344,9.77561071302608,2.0,17.67381166092712,48,,,2021-10-20,267.0704532904995,stop,16,-0.1274019783670403,267.0704532904995,False,B,71.73856249119967,6.940554129185217,5.314464560674426,True,1,-9.033040323197616,10.785188391918354,6.145049495025958,0,276.3069605066976,False,-2.606527246369905,pinned
ECLERX,2021-10-14,2021-10-18,773.5005979294218,773.5005979294218,-0.3580354150699794,661.0516280262716,17.01061840493361,212.34364272500414,13.75736209225608,2.0,14.103430282315978,29,,,2021-10-20,742.3669154791763,stop,2,-0.2768694322149881,742.3669154791763,False,B,45.94967106634624,2.340780264242537,3.672691114834312,True,1,-6.639435408516714,1.9222021517107502,1.8735484764081773,0,744.2415113077637,False,-4.02503663650513,pinned
ANGELONE,2021-08-24,2021-08-25,102.38437606408601,102.38437606408601,-0.05544406624042875,73.7731007293796,38.782801660540976,817.6515341214705,7.156925014096833,2.0,44.69694611913071,7,,,2021-10-21,120.06471187428696,stop,39,0.6179499376860745,120.06471187428696,False,B,180.47287310362628,0.8104663953062419,7.0738185413259975,True,1,-5.0837856063872255,50.183577567048296,10.301852536700121,0,130.1854891113468,False,17.268587737580376,pinned
CDSL,2022-01-13,2022-01-14,779.2674056819761,779.2674056819761,-1.1912938967891362,674.2816394414248,15.570017052150732,220.24061215902933,14.845201089383098,2.0,101.2011885937799,29,,,2022-01-24,744.3235639015102,stop,6,-0.33284361329896833,744.3235639015102,False,B,20.20286752854108,6.316174093431748,3.4053086758238322,True,1,-8.385188390731956,1.6985780847209586,5.110229092054031,0,756.5681700390264,False,-4.484191373291802,pinned
BSE,2022-02-09,2022-02-10,243.25151952433532,243.25151952433532,-1.670451126376693,195.7942757614925,24.238320338155873,483.72232571158327,10.251396846387937,2.0,309.3877780202417,44,,,2022-02-22,222.8769423241271,stop,8,-0.42932491617140056,222.8769423241271,False,B,57.40093599651941,11.131156487015769,5.002300180867666,True,1,-11.43839414882547,2.2602996664556896,5.582452825960544,0,217.1837631854385,True,-8.375930082594984,pinned
M&MFIN,2022-08-01,2022-08-02,181.10667775096064,181.10667775096064,-1.1105670927776257,153.1290485398694,18.270621725835955,827.21065780208,12.946534989402462,2.0,113.65395193352256,5,,,2022-08-19,181.7763073624227,stop,11,0.023934465869488088,181.7763073624227,False,B,17.46534176947825,2.423714086343187,3.927020194163369,True,1,-2.8727541780411148,5.212542469475645,3.88134177515531,0,189.60828536573763,False,0.369743192121752,pinned
TANLA,2022-08-01,2022-08-02,705.1766245401259,705.1766245401259,-0.7015104989075649,460.4921631357006,53.13542357339103,94.58464559053901,5.763967360187853,2.0,123.86896369366913,45,,,2022-08-19,690.2148333385661,stop,11,-0.06114728788122866,690.2148333385661,False,A,-30.442970681318283,-27.325822080996275,8.747511225278844,True,1,-5.329266027552448,9.082887837684538,4.998622075227422,0,697.10784580468,False,-2.121708332478689,pinned
BAYERCROP,2022-08-30,2022-09-01,4987.536186135719,4987.536186135719,-1.4431901357420673,4484.065049518102,11.228006977100492,48.34988556268383,19.81260026003723,2.0,11.780978196889647,24,,,2022-09-08,4740.81467916885,stop,5,-0.4900410153089917,4740.81467916885,False,B,11.224929447365906,3.632016777191094,2.5376214651365165,True,1,-6.1702617040515495,0.10269524293935461,1.3015261842444856,0,4798.584774031263,False,-4.9467612416066675,pinned
HAL,2022-07-19,2022-07-20,873.9732066273135,869.5710907387968,0.506239907858097,771.9480131106449,13.216588654143635,222.9929453744396,17.13249789591481,2.0,117.37149136182678,17,2022-08-11,1078.023593660651,2022-09-21,1152.3322104911467,stop,42,2.364167977874776,1152.3322104911467,True,B,26.904437089038513,1.3593663559581692,2.944749221625086,True,1,-1.3229793817209012,43.96754425498681,8.108449714508973,0,1176.3057115870347,False,31.84983266684207,pinned
ELGIEQUIP,2022-08-01,2022-08-02,397.54133875504095,397.54133875504095,-0.21160594124484122,333.4317833956652,19.227187854284566,360.9975600940565,12.401937169164977,2.0,21.06343336732132,33,2022-09-02,525.7604494737925,2022-09-26,413.21548918016737,stop,36,1.1222450408309854,413.21548918016737,True,B,20.240076615451684,5.489271543454288,4.086429260016101,True,1,-0.22401440289383512,41.01884805778244,10.52318887110416,0,436.43539054885866,False,3.942772460899868,pinned
JSWENERGY,2022-10-31,2022-11-01,333.88797032919905,333.88797032919905,-0.335108085721314,279.92513996171067,19.277593421894746,444.82328066616503,12.374738984423635,2.0,67.85835471480866,44,,,2022-11-10,317.2364678690474,stop,6,-0.3085735560339308,317.2364678690474,False,B,39.98753045919465,3.103176498421556,4.07028338610405,True,1,-6.229725116601925,3.310449588115949,3.042911390676619,0,320.9896955021888,False,-4.987152560103924,pinned
VBL,2022-11-01,2022-11-02,221.0449408255868,221.0449408255868,-0.4586164576457774,189.28486757730306,16.77898167708154,757.8784614497911,13.9196744980764,2.0,203.546101190794,36,,,2022-11-11,220.2468254196138,stop,6,-0.025129520317341274,220.2468254196138,False,B,35.90037903188297,3.7685061624716187,3.618366800425734,True,1,-1.7903308520295425,10.571653698422878,5.45455253000108,0,227.1673093776382,False,-0.36106476945009236,pinned
ADANIENT,2022-11-01,2022-11-02,3604.4992913033607,3604.4992913033607,-0.8600693575728235,3164.332320505655,13.910263721206363,54.68441988120978,16.377872627612195,2.0,739.2140045434728,12,,,2022-11-24,3852.6764795234308,stop,15,0.5638251043014508,3852.6764795234308,False,B,52.496307789656285,4.7666520562727355,3.0830874153344756,True,1,-2.3554761326261997,13.429368527276786,6.763862974187935,0,3902.8988216421744,False,6.885205632273306,pinned
DEEPAKFERT,2022-11-21,2022-11-22,808.7537602479287,806.4141424270586,0.29012609002969647,643.7111001056167,25.639244082513525,145.9167076344928,9.80054198775712,2.0,65.07199452093414,30,,,2022-12-07,761.0557308855075,stop,11,-0.28900424484973997,761.0557308855075,False,A,36.4076064969304,-8.798564353084782,5.160420983027392,True,1,-6.659093537068483,1.35215838553433,2.151855562013138,0,766.4627874162629,False,-5.897719640623245,pinned
KRBL,2022-11-14,2022-11-15,404.5707597720162,404.5707597720162,-0.07577840509501721,341.0850229470966,18.612877304426934,382.1858575612651,12.745248933244266,2.0,28.463675854165043,28,,,2022-12-09,401.90987136688193,stop,18,-0.041913168818886355,401.90987136688193,False,B,67.21505864577304,8.859503707709449,3.946011762345579,True,1,-7.301109559486196,5.147204224696655,5.175139268086623,0,411.6818652718712,False,-0.6577065546293337,pinned
SOLARINDS,2022-12-01,2022-12-02,4088.1797237118662,4088.1797237118662,-0.24007039023804522,3602.946473707831,13.467678566556017,50.113062583601085,16.850369275715828,2.0,23.47802813932129,42,,,2022-12-12,3972.485486831172,stop,6,-0.23843015061258138,3972.485486831172,False,B,35.45177873490011,3.5798313698562456,2.9844260147323176,True,1,-3.4640369861259512,0.7399207282600351,1.484261032199266,0,4036.2582947964393,False,-2.829969441158764,pinned
TIINDIA,2022-11-28,2022-11-29,2765.983504909609,2765.983504909609,-0.7983106568017484,2284.6829136715023,21.06640656162886,49.418875861425825,11.493788103581343,2.0,163.96278117918212,39,,,2022-12-15,2840.037526654602,stop,12,0.153862312021049,2840.037526654602,False,B,34.14444581737974,2.113530945915354,4.398991635634527,True,1,-5.499918240175705,9.43648989966408,4.958969376369577,0,2957.392155271957,False,2.6773124862656372,pinned
KALYANKJIL,2022-11-23,2022-11-24,99.29259639288274,99.09401338391528,0.20039859340250654,82.7942200892464,19.926966261476032,1455.1076775174608,12.036650706166524,2.0,36.65192503731907,34,,,2022-12-23,106.03080898346317,stop,21,0.40841671123086737,106.03080898346317,False,A,56.70382050354856,-1.308977799240052,4.212901337511144,True,1,-2.6972996897099977,31.66832741822514,12.18916247285501,0,120.9663510197025,False,6.786218545357148,pinned
KARURVYSYA,2022-12-05,2022-12-07,81.42323559226234,81.42323559226234,-0.3465668574270997,68.02524566095465,19.69561418136547,1822.2878008750101,12.154544974242288,2.0,55.34872547130089,9,,,2023-01-10,86.31676807360887,stop,24,0.36524377958454696,86.31676807360887,False,B,74.57581354183509,4.51018162875414,4.196551437375395,True,2,-1.6785641119370087,14.650784935905016,9.693364080839013,0,87.08604294962525,False,6.009995114725664,pinned
MANAPPURAM,2023-05-08,2023-05-09,106.81931914613361,106.81931914613361,-0.6763364487075596,84.93216861961646,25.77015385600545,1097.4962674980827,9.760916023921688,1.9999999999999998,176.1683690760425,26,,,2023-06-06,104.52006455325596,stop,20,-0.10505043084946153,104.52006455325596,False,A,2.412346001238075,-6.986757799180376,5.206158820868141,True,1,-4.223616760316451,4.600213343404036,4.805213786413156,0,105.38768431079251,False,-2.1524707433607237,pinned
KPITTECH,2023-04-26,2023-05-02,907.4563932171285,901.6105143963766,0.6483818375460748,760.5332469902551,19.318438320521715,164.37248324138108,12.352803714342832,2.0,299.0880768028989,10,,,2023-06-13,1067.6192365260797,stop,30,1.0901130789946025,1067.6192365260797,False,B,21.035734640174162,6.981950479531096,4.118514443612829,True,3,-5.084923084994076,25.902213721132373,5.7708974069299614,0,1129.6050621901543,False,17.649646253649664,pinned
SONATSOFTW,2023-05-15,2023-05-16,429.1816296876023,429.1307879698193,0.011847604322112737,365.69923282631663,17.359182399880968,381.37472885154887,13.521279942387803,2.0,39.58447713752686,21,,,2023-06-22,480.99321863709065,stop,27,0.8161567853636807,480.99321863709065,False,B,43.65085165406961,6.490269819671801,3.739236357680395,True,1,-0.44134214603700483,20.446927797340408,5.252643217526341,0,489.0992433610497,False,12.072182350209527,pinned
PFC,2023-05-12,2023-05-15,116.074607717708,116.074607717708,-0.06966631798899225,101.37707864436223,14.49788183866072,1633.5091729843173,15.795118640481046,2.0,152.58585923628414,24,2023-06-20,145.46966586439956,2023-07-18,159.23920532729827,stop,45,2.4684304209974317,159.23920532729827,True,B,14.082690035480393,1.9985495358053162,3.179285325018629,True,1,-1.4303053293531653,42.52029745460626,4.7871327773296075,0,160.4038328548894,False,37.18694248320531,pinned
INGERRAND,2023-05-23,2023-05-24,2505.6875050044537,2500.4703707682893,0.2086461130335726,2179.411051330677,14.97085432665688,74.24379992778273,15.359291035507772,2.0,5.681057816887208,39,,,2023-07-21,2628.0283025516933,stop,41,0.3749605470137923,2628.0283025516933,False,B,31.440920742183632,1.7985332326201586,3.281356110843128,True,1,-3.3737582172984837,15.485135335937116,5.278928339900243,0,2672.6779276782445,False,4.882524149675338,pinned
ANURAS,2023-07-12,2023-07-13,1049.7697775482588,1049.7697775482588,-1.4306231661461166,901.4642944534694,16.451620325650573,184.19925564673156,14.156857260325278,2.0,20.84424851185608,29,,,2023-07-21,974.9035474399401,stop,6,-0.5048109385171416,974.9035474399401,False,A,55.83289549406081,-5.469577905784561,3.5886555360053882,True,1,-7.442693196436911,1.7061072441886926,1.996243016856758,0,975.8794185306521,False,-7.131680841790766,pinned
POLICYBZR,2023-06-13,2023-06-14,646.646,646.646,-1.1901392404760402,559.253011291241,15.626735474696885,298.7501899653,14.798578457019634,2.0000000000000004,155.86641701314787,18,,,2023-07-25,729.27,stop,28,0.9454305341970649,729.27,False,B,27.439457331032635,4.987831107167162,3.431212748675262,True,1,-3.192782449748388,20.93169987906831,6.324680268043695,0,755.9500122070312,False,12.777315563693282,pinned
EQUITASBNK,2023-06-26,2023-06-27,83.66309951917755,83.64892592231548,0.016944146868347332,71.25473446567736,17.414092055142195,2142.6100262342056,13.48495134668489,2.0,56.79459054787029,29,,,2023-07-31,92.75754943799855,stop,23,0.7329289458852283,92.75754943799855,False,B,32.271747042491405,4.038929044683637,3.74281641965014,True,1,-0.40887672939260433,18.956770066047657,4.0020264772991325,0,98.14065666983119,False,10.870323919491343,pinned
PRESTIGE,2023-07-28,2023-07-31,595.8407967133194,595.8407967133194,-0.7598322977594885,515.0650665526055,15.682626410941802,331.6941507747419,14.752965910127111,2.0,82.59324481856842,21,,,2023-08-10,564.0202720767635,stop,8,-0.39393670070508524,564.0202720767635,False,B,32.50515298675647,6.183600119957178,3.4365039527303445,True,1,-7.72668857030202,2.748657746277461,5.1074405656555095,0,581.408434419302,False,-5.340440737203478,pinned
RVNL,2023-07-20,2023-07-21,128.58337575917852,128.07063776858135,0.4003556158779009,112.77194145408173,14.020716590691018,1731.7813344506717,16.26460614237,2.0,150.3048240342779,9,,,2023-08-18,121.36492583406186,stop,19,-0.4565335304710339,121.36492583406186,False,B,83.70608068414379,6.357641839930794,3.115960530832325,True,1,-8.279017189360328,12.418562209732276,6.145251428857397,0,123.01424219721945,False,-5.613828290397327,pinned
ANGELONE,2023-07-19,2023-07-20,145.5600115466242,145.5600115466242,-0.779872419149219,119.4262035107763,21.88280902146382,1041.1919673446262,11.139594455347549,2.0,125.9872355110054,21,,,2023-08-23,166.53488154277164,stop,23,0.8025952424298862,166.53488154277164,False,A,36.568521633294225,-1.0411113183320775,4.564228125316334,True,1,-3.842334727376273,19.046094672177816,12.355090047932219,0,167.53929277273735,False,14.409774891663151,pinned
JBMA,2023-08-14,2023-08-16,671.081917839921,671.081917839921,-2.76667516280783,532.0023721500932,26.14265517797154,192.45685732259608,9.650332326171865,2.0,32.72915683647583,38,,,2023-08-31,732.6888838365865,stop,11,0.4429620882862246,732.6888838365865,False,B,80.1903275879136,2.358255083285976,5.3198555816201205,True,1,-3.43150845822362,19.421800774585773,10.728564741340477,0,762.061261218294,False,9.180245266474474,pinned
OLECTRA,2023-08-14,2023-08-16,1128.120361495184,1128.120361495184,-0.3567606553748215,856.8835505761567,31.65387067316805,98.68429064117485,8.318342614874378,2.0,138.7209534011908,41,,,2023-09-12,1212.809325637421,stop,19,0.31223256111619485,1212.809325637421,False,B,71.83506892572748,1.2717096474719636,6.03904379435212,True,1,-0.3567606553748215,13.814726939399957,4.631068875549523,0,1268.9790722044625,False,7.507085860057727,pinned
FIVESTAR,2023-09-08,2023-09-11,732.5111661153626,730.3009581886789,0.3026434378732734,595.6799305260765,22.970596888910322,199.97672635980356,10.706782891504028,2.0,65.31034781169129,36,,,2023-09-13,689.6171635669257,stop,2,-0.31348107297070643,689.6171635669257,False,B,35.64812124433621,0.022621243183862383,4.710630936545884,True,1,-7.298817424253079,0.6734252485186554,5.246512585368665,0,679.6444345050558,True,-5.855747261289057,pinned
KEI,2023-08-02,2023-08-04,2406.540819600748,2406.540819600748,-3.077975117446874,1999.5072743795183,20.356692393006636,64.71957448892574,11.824778806831521,1.9999999999999998,119.70216516364015,42,,,2023-09-22,2474.623916706163,stop,33,0.16726655064365972,2474.623916706163,False,B,36.77424273037495,2.120645144748523,4.302474985879116,True,2,-7.924074593676867,12.866531885948284,3.6485813610345947,0,2555.747469368213,False,2.829085488635519,pinned
360ONE,2023-09-22,2023-09-25,511.9104068689647,510.495944642189,0.27707609465283944,435.22595477579046,17.619457491380253,352.8894173716743,13.351087290732053,2.0,43.79822579867035,32,,,2023-09-29,489.2411264383149,stop,4,-0.2956176879650368,489.2411264383149,False,B,24.785926581531758,3.0102380900595582,3.7669633182673543,True,1,-6.437960515349317,0.0,1.645432896307317,0,492.76190455628193,False,-4.428368739229893,pinned
NCC,2023-09-26,2023-09-27,158.37296857097078,158.37296857097078,-0.6897297429537819,128.5897473496246,23.16142759062132,904.222457335,10.635046316444905,2.0,153.304837038481,48,,,2023-10-09,151.76964142313864,stop,7,-0.22171299399607647,151.76964142313864,False,B,30.89467498992957,4.312964778647621,4.748934816640142,True,1,-5.222190028023421,0.5209930724825673,3.5795041421569236,0,152.36404969663892,False,-4.169478672664417,pinned
IRFC,2023-11-17,2023-11-20,75.03865520945737,75.03865520945737,-0.35736387492909527,64.501557332656,16.33619142319005,2529.767189916924,14.242755659442738,2.0,314.76703881847936,4,,,2023-11-28,72.86211929936492,stop,5,-0.20655933308585356,72.86211929936492,False,B,112.24710544748567,3.549263450069162,3.54605463225487,True,1,-3.125201122942889,1.0587439485098216,0.9855420143792162,0,73.85277599838231,False,-2.900552927044109,pinned
COCHINSHIP,2023-11-15,2023-11-16,541.4606268406412,541.4606268406412,-0.5054551107294025,454.46842659224944,19.14152780660414,307.4631122954359,12.44848676765481,2.0,212.58820089083773,43,,,2023-12-20,605.6239970199176,stop,23,0.7375761274696875,605.6239970199176,False,B,69.06459976648603,6.064037993755633,4.0580930907810595,True,1,-3.209105386060218,21.431769617433226,8.346369423150266,0,646.321120394366,False,11.85005280137581,pinned
IDEA,2023-12-29,2024-01-01,16.26625,16.26625,-0.4072803323479368,13.146295071152805,23.732579498336204,8655.625414582923,10.42723396392799,1.9999999999999998,400.0875198540324,35,,,2024-01-31,14.23575,stop,20,-0.6508106835858228,14.23575,False,B,49.23407987845667,19.443501943610574,4.8749295763237415,True,1,-12.702683106031587,13.117649234029205,5.993683487234904,0,14.5,False,-12.482901713670946,pinned
PFC,2024-01-24,2024-01-25,386.82584747196864,385.3902924161259,0.37249382874768866,319.69711983477566,20.997601627404762,398.69037417529563,11.524897345369796,2.0,478.5593950403967,34,,,2024-02-09,404.7629789864415,stop,10,0.26720499770853273,404.7629789864415,False,B,69.19338154853946,10.074517605193268,4.371351015157282,True,1,-4.282854388582569,12.436777362384731,8.472961156403363,0,421.46222356543365,False,4.637004386262644,pinned
BSE,2024-02-01,2024-02-02,829.631776663106,829.631776663106,-0.02022955989241515,703.1883304754077,17.98144831303061,214.05778158798122,13.122574584554798,2.0,190.12596092449036,18,,,2024-02-12,785.8491716653456,stop,6,-0.34626235141335526,785.8491716653456,False,B,81.21095397973423,7.894958281390707,3.83629404307015,True,1,-7.381293245126763,3.5228728006238663,5.115269991047135,0,826.1592763516535,False,-5.277353909207793,pinned
SJVN,2024-02-13,2024-02-14,109.0536851388779,109.0536851388779,-6.935175143800487,62.82795453558341,73.57510035936943,580.1649074475,4.718310937030628,2.0,1090.3578479816258,6,,,2024-02-29,111.49998639181239,stop,11,0.05292076990471931,111.49998639181239,False,B,49.38913029425278,1.847059418126129,11.181391288775872,True,1,-8.556359596962238,12.916256575022288,4.813276556793909,0,114.79498995331869,False,2.2432082417198185,pinned
MCX,2024-01-24,2024-01-25,634.176124429018,634.176124429018,-0.0951967881404836,535.2154661440612,18.48987268583904,270.44664014378685,12.816732132134984,2.0,160.7929926598755,44,,,2024-03-05,723.5517336617687,stop,27,0.9031428325324388,723.5517336617687,False,B,73.8459109370441,0.5797423354054754,3.928928671605981,True,1,-2.4201341742428495,25.18888124439087,8.902321230343386,0,737.8064320609884,False,14.093184178641248,pinned
BORORENEW,2024-02-13,2024-02-14,552.6520755615234,552.6520755615234,-2.678375895095686,392.53490587052863,40.790555768766936,167.4932598977968,6.9030957345557615,2.0,171.74869820202147,23,,,2024-03-13,509.68981219482424,stop,19,-0.2683176541879343,509.68981219482424,False,B,19.28919589814191,7.048771226749984,7.411459772669337,True,1,-13.146078477621758,9.25499323954886,6.500368508803178,0,516.0,False,-7.773835522656314,pinned
NLCINDIA,2024-02-13,2024-02-15,238.90833077566353,238.90833077566353,-4.128130927584506,162.9787952263745,46.58859788712042,352.9717474752945,6.2928958816185085,2.0,200.50420235151648,13,,,2024-03-13,210.15224387045265,stop,18,-0.37872070067574826,210.15224387045265,False,B,74.46649134321042,3.234580592967662,8.170863617725306,True,2,-20.295688353247165,6.488523328922846,8.591455235635305,0,214.08965775410718,False,-12.036452145410125,pinned
NMDC,2024-02-29,2024-03-01,70.38847303174855,70.38847303174855,-1.057121464772759,59.89046288915129,17.528684261511863,2571.2505916105156,13.409869503961842,2.0,600.011206290431,47,,,2024-03-13,67.69309223881888,stop,7,-0.25675158971248796,67.69309223881888,False,B,43.47343983198686,3.0117911331196012,3.793456973474897,True,1,-11.49963495077061,6.6877371675317265,8.076062609899026,0,68.29682519958472,False,-3.829292889638225,pinned
PNB,2024-04-03,2024-04-04,127.91611363564355,127.71703649192602,0.15587360088027413,111.2812169455714,14.948521544483494,1614.8016683589929,15.379249540153136,2.0,554.035636876881,40,,,2024-04-15,122.38015503469502,stop,6,-0.33279188347784805,122.38015503469502,False,B,54.359497717109015,9.144975414106105,3.2968397353992227,True,1,-5.691360398126621,0.9120766641521616,2.8679320616950865,0,123.38933673151527,False,-4.327803936193031,pinned
NCC,2024-03-21,2024-03-26,237.608670095544,237.608670095544,-1.9207744948146033,172.55078620368124,37.703614873749444,408.2440152655449,7.304531161526554,2.0,240.80425021284088,49,,,2024-04-19,238.50920711308876,stop,15,0.013842088977895578,238.50920711308876,False,B,41.242162009876296,4.786077767175612,6.968827960636985,True,2,-4.403787074554366,15.067201340332259,7.693879285285286,0,236.04384780352666,True,0.37900006644651096,pinned
MEDANTA,2024-03-27,2024-03-28,1351.5135585682935,1349.8631527369519,0.12226467757086024,1095.573473300095,23.36128899664336,103.67321127310572,10.56117143316607,2.0,69.2045073512439,48,,,2024-05-03,1388.1103479912738,stop,22,0.1429896742615781,1388.1103479912738,False,B,46.41043694648583,5.177584785889455,4.776185490726969,True,1,-4.933428341115009,11.760351523618496,3.1572955790246944,0,1436.4829675960068,False,2.707837386533396,pinned
MRPL,2024-04-24,2024-04-25,246.24549596683985,246.24549596683985,-1.1827782009970478,196.0468690084932,25.60542140368074,547.0345073839022,9.810845869197463,2.0000000000000004,132.4360475130693,13,,,2024-05-07,208.99217694406047,stop,7,-0.7421182864959849,208.99217694406047,False,B,82.51139335997415,8.06689943308012,5.2040601902808294,True,1,-15.732674854172114,2.3414843451684986,8.92643733395403,0,224.13393565941408,False,-15.128528088000447,pinned
COLPAL,2024-04-15,2024-04-16,2546.018708449083,2546.018708449083,-0.6968558572399974,2267.017455313964,12.306974191183695,97.11101262989409,18.250948193526987,2.0,124.91365731288819,43,,,2024-05-15,2608.1460006482407,stop,19,0.22267746650252385,2608.1460006482407,False,B,14.737471085002007,2.09395085206181,2.7552997900798624,True,1,-2.2515383153641544,10.126475736683883,5.22702687481532,0,2675.149720031443,False,2.4401742215399036,pinned
HINDCOPPER,2024-03-26,2024-03-27,283.2965584141897,283.2965584141897,-0.7291790829058731,222.87483376534115,27.110160276087946,439.7976146199903,9.377307915674947,2.0,319.3145589881953,34,2024-05-22,404.14000771188677,2024-05-30,358.37273029371505,stop,41,1.6212680316214385,358.37273029371505,True,B,67.0777711112281,4.761011482479405,5.39780077286671,True,1,-4.452508172792891,45.36644203806948,11.436797212731982,0,369.42805200973845,False,26.500912083005712,pinned
OFSS,2024-04-26,2024-04-29,6825.313783604577,6773.630207174043,0.763011484975884,5798.545104294097,17.707350048033767,27.006531056770626,13.294744806957048,2.0,224.6282641335767,5,,,2024-05-30,6926.666566917519,stop,21,0.09871043532512573,6926.666566917519,False,A,91.63997058012967,-7.763383628564546,3.8107907941994403,True,1,-2.7667984189723382,8.503935053347323,2.2563585075185912,0,7002.88980802003,False,1.4849541944343514,pinned
ZYDUSLIFE,2024-05-02,2024-05-03,980.7411065941644,979.3031880653781,0.14683078195905086,871.3495060451361,12.554273548111915,253.3589041836108,17.930830185716225,2.0,134.4933054365869,30,,,2024-06-04,950.7454313257105,stop,21,-0.274204556089388,950.7454313257105,False,B,44.419324377978796,1.955996584568842,2.806697592336799,True,1,-6.098843332518877,17.904374352315557,4.202191876708177,0,1034.5391845591025,False,-3.058470279951908,pinned
ONGC,2024-05-16,2024-05-17,251.91078020883083,251.91078020883083,-0.29659647726864025,223.261939257634,12.831941282269966,950.7407910087998,17.586106232915995,2.0,379.5779280777303,46,,,2024-06-04,235.8378894848297,stop,11,-0.5610310990026166,235.8378894848297,False,B,26.158959810725225,2.1126156598449963,2.863422323616098,True,1,-20.251584415697454,2.4749205822980125,16.825061501496823,0,256.74903108627916,False,-6.380390196353214,pinned
EIHOTEL,2024-05-31,2024-06-03,441.036499673901,437.30138379157455,0.8541285302922086,361.78349365788716,21.90619732666901,337.65221353554205,11.12983650323081,2.0,31.945629550808107,21,,,2024-06-05,409.48584862664205,stop,2,-0.39810037036177326,409.48584862664205,False,A,51.3390615963002,-7.752462877371502,4.621497783273328,True,1,-15.011267674693807,0.09008871542441899,3.2682120123222336,0,405.72378430055596,True,-7.153750555926153,pinned
DATAPATTNS,2024-06-14,2024-06-18,2960.062270048411,2952.962643529903,0.24042385141795908,2289.3042693624097,29.299643986284664,39.18801845003843,8.826021507074326,2.0,201.35877761927122,23,,,2024-07-18,3132.1428984174445,stop,21,0.25654651631891434,3132.1428984174445,False,B,40.28958457918399,2.0540262340846605,5.739927453707782,True,1,-3.7647152607263368,22.85713582158211,6.6264130035100095,0,3290.3453293415055,False,5.8134124444017,pinned
VEDL,2024-06-26,2024-06-28,388.8828610104507,388.8828610104507,-0.6029260439055273,322.30177793829006,20.657994348671792,395.18954541646286,11.681481978566763,2.0,859.9547257163607,26,,,2024-07-19,383.5894382498929,stop,14,-0.0795034042149898,383.5894382498929,False,B,63.17716612479693,2.6013764472232914,4.330593161934924,True,2,-2.078456618058977,7.221853290457947,2.569782156900345,0,393.8411987454902,False,-1.3611869514649433,pinned
LINDEINDIA,2024-07-04,2024-07-08,9243.275981680621,9243.275981680621,-2.4181467248078237,7595.1198195588495,21.700199618674375,16.25191948138331,11.216505078961923,1.9999999999999998,151.84618872576416,34,,,2024-07-19,8084.177367596674,stop,8,-0.7032698968232287,8084.177367596674,False,B,48.38366039542454,5.302149572970127,4.559113841197691,True,2,-12.629196798701624,0.6333079135213859,4.075968029007684,0,8370.8361302139,False,-12.539911351572542,pinned
KPIL,2024-07-02,2024-07-03,1215.0242884538875,1215.0242884538875,-0.3693888443999538,1014.5966280724898,19.754418143707618,131.90759724608165,12.124317433449995,2.0,88.30057136159179,33,,,2024-07-23,1283.570198427784,stop,13,0.34199825435001874,1283.570198427784,False,B,30.51823154055471,1.8122054429296819,4.166039678469406,True,1,-1.888345348585363,16.604558390558832,3.6359996990504357,0,1302.814631799345,False,5.64152590407232,pinned
SCHAEFFLER,2024-07-24,2024-07-26,4102.109741664339,4102.109741664339,-1.8333501716150002,3368.7560348616844,21.769273263291232,35.64610668286964,11.187261218189267,2.0,117.33032284721801,31,,,2024-08-05,3728.8051909393944,stop,6,-0.5090375179973021,3728.8051909393944,False,A,48.94681645805174,-6.398527429983858,4.517641628978765,True,2,-9.253875785548459,2.7699997868942727,3.905394367514625,0,3845.740071629557,False,-9.100306287112748,pinned
POWERINDIA,2024-08-01,2024-08-02,12545.388608652838,12545.388608652838,-1.2852355580338148,9886.787612557277,26.89044308708375,9.82880849627579,9.437586630770902,2.0,78.62600493053223,31,,,2024-08-06,11491.313253947967,stop,2,-0.3964774542147894,11491.313253947967,False,B,71.45944893012526,5.081754793951654,5.366920641868584,True,1,-13.924794114845662,0.9579787788255967,5.852832502190807,0,11581.815869065382,False,-8.402094088802093,pinned
EMAMILTD,2024-08-06,2024-08-07,756.8061777531261,756.8061777531261,-1.5359393286445866,622.6683604126054,21.54241741970566,191.21607633837525,11.284009129683486,2.0,109.95349742527192,19,,,2024-08-20,765.0943226915898,stop,8,0.061788279418797276,765.0943226915898,False,B,66.40518860387326,3.566986657356397,4.508023642896183,True,1,-3.569270505158051,7.004044448139646,2.4932501779617167,0,783.8453545489857,False,1.0951476325246512,pinned
MAZDOCK,2024-08-14,2024-08-16,2509.4465652039153,2500.627586800405,0.3526706035741345,1929.7462903573623,30.04023263281934,44.351117356330796,8.657738055646663,2.0,1149.68305277281,1,,,2024-08-20,2300.6308482323298,stop,2,-0.36021324472695687,2300.6308482323298,False,B,126.00890212603284,4.261152331026352,5.892451836698806,True,1,-16.058821334015573,0.7843137254901933,8.999419579280566,0,2306.993237427364,False,-8.321186028307292,pinned
HINDZINC,2024-08-26,2024-08-27,493.0571869114753,491.6447998755219,0.2872779364921474,396.46971798674167,24.36187798029095,263.7777274670804,10.209547727059563,1.9999999999999998,244.21948137478762,2,,,2024-09-09,462.7454177678191,stop,9,-0.31382714011562746,462.7454177678191,False,A,55.589943064867796,-15.040591842035166,4.92427054749004,True,1,-6.8447100035012305,1.2429332553554717,2.8850846106007992,0,466.7714175265481,False,-6.147718753179521,pinned
SUPRAJIT,2024-09-10,2024-09-11,550.3518689804481,550.3518689804481,-0.36000281810782964,461.19931209818424,19.330591903242976,283.8800843006569,12.34629467121735,2.0,50.17352620863739,18,,,2024-09-20,510.84062112704186,stop,7,-0.44318692850935687,510.84062112704186,False,B,26.714272070191882,4.055861588642862,4.078747456315066,True,1,-9.150380776917311,0.3933530855330547,1.8024720774868483,0,518.0562810192412,False,-7.179270223357759,pinned
MINDACORP,2024-09-20,2024-09-23,578.3893258690692,578.3893258690692,-4.233691089295311,478.397018361095,20.9015323403416,250.753901074238,11.568676436893776,2.0,92.09437622438294,11,,,2024-10-16,549.8150710342277,stop,16,-0.2857645307621568,549.8150710342277,False,B,26.565613721612014,4.877104926987497,4.484052760785766,True,1,-6.033620086690339,7.444270790582563,5.774871428518611,0,562.2704227364026,False,-4.940315036399889,pinned
DEEPAKFERT,2024-09-18,2024-09-23,1030.2089685604662,1030.2089685604662,-5.839180612473571,839.992213927517,22.645061642126496,131.81520856783746,10.83194769617854,2.0000000000000004,120.87949145865358,15,,,2024-10-17,1021.2569277322887,stop,17,-0.0470623150176852,1021.2569277322887,False,B,73.09592686789111,4.961065786641683,4.700401163653486,True,3,-6.031935616337503,12.16894714874206,4.091864630250281,0,1057.1295266154912,False,-0.8689538823066667,pinned
ERIS,2024-09-30,2024-10-01,1335.5588916642653,1335.5588916642653,-1.3070098749954906,1125.3977189977122,18.674391205779607,119.96005470097091,12.709853820460893,2.0,49.35156041529175,28,,,2024-10-22,1289.4158698881993,stop,14,-0.2195601651370573,1289.4158698881993,False,B,39.0117417938032,3.0665761254415225,3.98605323035561,True,1,-7.4054302328850135,6.702040066261894,4.142042578940299,0,1320.377870369065,False,-3.4549597224100226,pinned
GRANULES,2024-09-27,2024-09-30,562.8433180354339,562.8433180354339,-1.5966342276183432,463.8777885330094,21.334397108212077,255.14138895082942,11.37453254411467,2.0,374.83714911977785,5,,,2024-10-25,535.7741351111613,stop,18,-0.2735213266717219,535.7741351111613,False,A,46.93404087475561,-12.687074998683823,4.462690333667138,True,1,-5.900836024664646,8.738778782889579,5.941090126438253,0,558.29323254011,False,-4.809363824155488,pinned
REDINGTON,2025-04-23,2025-04-24,235.00985903003854,235.00985903003854,-0.9323987970733305,185.8512829257859,26.45049059138462,500.536675829488,9.561296426960919,2.0,150.8236740785113,41,,,2025-05-09,238.01932243869908,stop,10,0.06121949916283667,238.01932243869908,False,B,16.091944525347103,1.7933401742927124,5.276639114227246,True,1,-1.2196126067131718,10.22310333650882,4.787881343204614,0,235.32288623252992,True,1.2805690029693118,pinned
INDIGO,2025-05-27,2025-05-28,5326.998045592581,5324.330192900454,0.05010682274522171,4625.665069114093,15.161776004089432,35.302357015461624,15.191066794949085,2.0,1315.5247131111353,14,,,2025-06-13,5216.453997371221,stop,12,-0.15761992082052145,5216.453997371221,False,B,22.29981371009142,0.4425042427401715,3.305345761987345,True,1,-2.998506782234711,7.365064405626143,3.9167362540691886,0,5191.227157865355,True,-2.075165924132849,pinned
GODREJAGRO,2025-05-06,2025-05-09,699.2169717876862,699.2169717876862,-6.42304366416081,563.4014587811923,24.106347417045026,181.66209925232212,10.29657005020117,2.0,45.32787546787354,33,,,2025-06-19,747.4600174569223,stop,29,0.35521012733596447,747.4600174569223,False,A,0.7067116117740024,-6.935034169877385,4.932975607320477,True,3,-6.430099026936009,16.72419789916011,3.7826138747360267,0,754.0802031556445,False,6.899581619978878,pinned
BERGEPAINT,2025-05-14,2025-05-15,561.9934370601428,561.9934370601428,-0.6655070820846043,495.36516358596367,13.450334898775473,370.44331709535385,16.869518231713915,2.0,43.624287911553346,23,,,2025-06-19,540.8748807933478,stop,25,-0.3169608811037143,540.8748807933478,False,B,13.213716946712628,5.022381662328912,3.032617888542164,True,1,-4.200542870635604,4.018414305212148,3.244634500926264,0,552.243673806827,False,-3.7577941082851174,pinned
GLAXO,2025-05-21,2025-05-22,2901.653978098235,2901.653978098235,-1.4003661748728802,2428.7424736689827,19.471455271865356,52.00660905463127,12.271445929826495,2.0,86.40978373026002,22,,,2025-06-19,3150.858993865712,stop,20,0.5269590894563623,3150.858993865712,False,B,30.28024269786527,5.821625467461522,4.115612294683613,True,1,-2.3989390726522064,18.154249461777503,7.376053890754944,0,3169.323186651814,False,8.588378133591522,pinned
NH,2025-06-13,2025-06-16,1928.389296156106,1928.389296156106,-0.4620435555969693,1702.8142427124146,13.247190902301398,111.47168980510614,17.09754041253038,2.0,87.46214270184997,46,,,2025-07-08,1966.7945404132975,stop,16,0.1702548383382222,1966.7945404132975,False,B,30.134365492148806,7.761881865033415,2.954865699048653,True,1,-3.9438046652600534,22.62207227287709,9.159301081030806,0,1985.324326260288,False,1.9915711176029305,pinned
GODFRYPHLP,2025-06-26,2025-06-27,2882.289778895032,2882.289778895032,-0.374404403930495,2491.7353402360795,15.673993636176053,64.16516061633212,14.759989868720758,1.9999999999999998,57.2080778261975,4,,,2025-07-24,3011.8934626548344,stop,19,0.3318453739888926,3011.8934626548344,False,B,61.11007333138445,2.734328073332648,3.443358573292839,True,1,-6.911267588202829,12.413350640515098,7.730758141575316,0,3108.207555000536,False,4.496552869485848,pinned
NUVAMA,2025-07-07,2025-07-08,1489.0522673011021,1489.0522673011021,-0.5677737980424036,1194.5131096379928,24.657674770297987,84.12348924577354,10.11106488600924,2.0,146.5110294007324,24,,,2025-07-25,1467.746335923051,stop,13,-0.07233649864110978,1467.746335923051,False,B,29.33577779585781,5.572924330222451,5.004157394892063,True,1,-4.040557358030794,4.051623876075494,5.420014963683478,0,1517.100002239178,False,-1.4308383826356907,pinned
JMFINANCIL,2025-10-06,2025-10-09,173.42548783573525,173.17911903127526,0.14226241930213046,145.60766263500267,19.10464373737255,896.3106653052425,12.468658968434966,2.0,79.26276425115432,27,,,2025-10-27,165.32114561407502,stop,11,-0.29133629833315666,165.32114561407502,False,B,36.91397535336838,0.4094398007586264,4.056362102781279,True,3,-4.954456501773219,2.631867576295943,3.997191567046438,0,167.99312961289908,False,-4.67309754915407,pinned
ENDURANCE,2025-10-16,2025-10-17,2960.7578488769527,2960.7578488769527,-0.3093042959989578,2571.3919907236286,15.142221005508794,63.61878543991479,15.20810202989636,2.0,48.89724843058227,49,,,2025-10-29,2893.8032512207033,stop,7,-0.17195806014887968,2893.8032512207033,False,B,15.018453033973799,2.6075345337373212,3.3194020302926166,True,1,-5.0243166266832,0.987657640902273,2.9389652598948,0,2947.89990234375,False,-2.2614006640781503,pinned
DELHIVERY,2025-10-07,2025-10-09,471.47099999999995,471.47099999999995,-0.8846805438788796,420.8972661666818,12.01569549118673,493.0111250078858,18.64489584865862,2.0,140.30145528349718,21,,,2025-11-06,461.8376878051758,stop,18,-0.19048054127412867,461.8376878051758,False,B,32.279184563215836,0.7145880517823278,2.6961153916651868,True,2,-7.438634847851844,3.930040235772725,8.714035158943489,0,470.0,False,-2.043245967371088,pinned
PAYTM,2025-10-06,2025-10-09,1231.2299999999998,1231.2299999999998,-0.5059980669736563,1088.463674109206,13.11631515931233,174.64491894318192,17.248184994853826,2.0,350.4465564831372,43,,,2025-11-19,1287.711,stop,27,0.39561850210535116,1287.711,False,B,34.12310048787295,3.247418808235669,2.9155026054797974,True,3,-0.5628478165635054,9.955089530642148,4.148263058827879,0,1300.0,False,4.587363855656568,pinned
HINDALCO,2025-11-06,2025-11-07,795.795,795.795,-0.916693369523558,717.9863558609363,10.83706445170025,319.48644532984446,20.455182295111427,1.9999999999999998,561.6210087987268,41,,,2025-11-21,787.5616256103516,stop,10,-0.10581567743210188,787.5616256103516,False,B,16.6489577909944,1.7074112165052169,2.4672958437847248,True,1,-2.4560345315062238,2.6018007150082623,2.763187787351925,0,786.0,True,-1.0346099673469111,pinned
TVSMOTOR,2025-12-01,2025-12-02,3656.784358864113,3656.784358864113,-0.26612849063826216,3368.2826329638738,8.56524696225911,85.6353694245904,25.35017319188301,2.0,332.96844672088014,37,,,2025-12-30,3545.446223637755,stop,19,-0.38591843732975684,3545.446223637755,False,B,19.635583632543828,4.380684648732225,1.9765560178763353,True,1,-3.4490728752288202,1.7804310281657854,2.0544519240435504,0,3562.5479250062567,False,-3.044700597574823,pinned
GMRAIRPORT,2025-12-12,2025-12-15,104.84473786163329,104.84473786163329,-0.8533961089892017,92.65463696081831,13.156493080826515,2046.9782911131265,17.201619365533517,2.0,335.71475166715726,23,,,2026-01-09,100.80909365844727,stop,18,-0.33105913035684686,100.80909365844727,False,B,8.486775045391282,6.7548392981238825,2.920764167304316,True,1,-5.3266724103723355,3.028534236619107,2.66223085979253,0,102.02999877929688,False,-3.849162376190962,pinned
GRANULES,2025-12-09,2025-12-12,566.9500122070312,564.9644244384765,0.35145359294583844,506.35196311559025,11.967574632984611,404.24065421872547,18.711823918671616,2.0,64.62184116086762,37,,,2026-01-12,592.407,stop,20,0.4200958310482043,592.407,False,B,17.959468055797622,0.21192780082237572,2.7030978575951914,True,3,-0.626155342893342,10.591760560901186,3.4586486561455723,0,601.9500122070312,False,4.490164431581789,pinned
LTF,2025-12-30,2025-12-31,304.6211543908167,304.6211543908167,-1.090943279370571,276.0945713323756,10.332178181112962,921.5266270882354,21.357002608181535,2.0,164.49833946184572,20,,,2026-01-12,295.11314658070785,stop,8,-0.33330342405994523,295.11314658070785,False,B,35.62795114365818,2.941619719250488,2.358838181609921,True,1,-4.990116459789762,7.048582822999583,2.4731443441087717,0,296.645829309179,False,-3.121256574948972,pinned
GMDCLTD,2025-11-26,2025-12-01,542.0,535.3347877807616,1.245054939707746,435.06627593528964,24.57872052593093,230.65701072263576,10.13712006648177,2.0,206.53241626162185,32,,,2026-01-20,534.0653756103516,stop,35,-0.07420132852426274,534.0653756103516,False,A,44.60271841176255,-8.891694257028337,5.062191299387264,True,3,-12.60147376254036,16.697416974169734,7.944648336172655,1,550.4000244140625,False,-1.4639528394185253,pinned
HINDCOPPER,2025-12-01,2025-12-03,343.6928587859395,343.6928587859395,-0.6518347740807173,294.86588950375636,16.559042948086102,504.7451885739852,14.077992709301835,2.0,279.57879045779464,48,2025-12-26,441.3467973503058,2026-02-05,580.0384353895038,stop,44,3.420235989230303,580.0384353895038,True,B,30.893838016306496,1.0035270556667975,3.603393326985005,True,2,-2.3221621134053794,120.7882283920417,19.995263011902118,1,587.0587866154412,False,68.76650781701758,pinned
ONGC,2026-03-27,2026-03-30,285.28499999999997,285.28499999999997,-0.8885850991114053,252.56471434903636,12.955208622588987,791.2626445964004,17.43780620030121,2.0,769.9654128872122,28,,,2026-05-06,280.719,stop,24,-0.1395464589981508,280.719,False,B,12.087857807223013,5.717897381177384,2.9012488237575975,True,1,-3.6927984296405203,7.786949892213069,5.386496755946151,1,289.95001220703125,False,-1.6005047583994902,pinned
ANANDRATHI,2026-06-02,2026-06-03,1780.2785,1780.2785,-0.026875074426546686,1614.6847098916924,10.2554875941951,155.81477272162525,21.50175436935889,2.0,159.73411092906738,43,,,2026-06-09,1719.279,stop,4,-0.3683682821686903,1719.279,False,B,16.77386442430766,0.19801187753329952,2.339357893139582,True,1,-3.9139114702594235,2.3042208748869974,1.938156874988974,0,1765.0,False,-3.426402105063897,pinned
