tkr,sig_date,entry_date,entry,trig,stop0,stop_pct,risk_pct,notional_pct,half_date,half_px,exit_date,exit_px,reason,held,R,gap_through
STAR,2017-01-09,2017-01-10,1014.13,1013.26,952.31,6.49,2.0,32.81,,,2017-02-01,952.31,stop,15,-1.0,True
FCONSUMER,2017-01-20,2017-01-23,23.15,23.15,21.83,6.06,2.0,35.03,2017-02-07,25.793698093414307,2017-02-08,27.12,target3,11,2.5,False
HCC,2017-01-02,2017-01-03,38.76,38.22,35.9,7.97,2.0,27.08,,,2017-02-14,35.9,stop,29,-1.0,False
GAYAPROJ,2017-02-01,2017-02-03,131.27,127.85,122.03,7.57,2.0,28.41,,,2017-03-14,132.98,ma_breach,25,0.185,False
GREENPLY,2017-02-03,2017-02-07,275.09,264.43,253.14,8.67,2.0,25.06,,,2017-03-23,267.68,ma_breach,30,-0.338,False
EROSMEDIA,2017-02-10,2017-02-13,209.8,205.4,187.31,12.01,2.0,18.66,2017-03-23,254.77500915527344,2017-03-27,277.26,target3,28,2.5,False
GAYAPROJ,2017-03-15,2017-03-16,134.31,133.45,127.53,5.31,2.0,39.64,,,2017-03-27,129.23,ma_breach,7,-0.75,False
GREENPLY,2017-03-27,2017-03-28,276.01,276.01,262.23,5.25,2.0,40.07,,,2017-04-03,274.46,ma_breach,4,-0.113,False
GAYAPROJ,2017-03-28,2017-03-29,136.59,136.21,128.57,6.23,2.0,34.09,2017-04-17,152.61159338378906,2017-04-18,160.62,target3,12,2.5,False
GAYAPROJ,2017-04-19,2017-04-20,156.72,156.72,150.87,3.88,2.0,53.58,,,2017-04-26,150.87,stop,4,-1.0,False
HCC,2017-04-24,2017-04-26,42.62,41.45,39.21,8.68,2.0,25.04,,,2017-05-05,39.21,stop,6,-1.0,False
RNAVAL,2017-04-27,2017-05-03,18823.75,17998.75,17609.87,6.89,2.0,31.01,,,2017-05-05,17609.87,stop,2,-1.0,False
SUVEN,2017-05-05,2017-05-08,6.58,6.58,6.35,3.75,2.0,55.35,,,2017-05-19,6.35,stop,9,-1.0,False
DCAL,2017-03-28,2017-03-29,299.67,278.39,244.48,22.57,2.0,10.86,,,2017-05-23,294.22,ma_breach,36,-0.099,False
MANPASAND,2017-05-17,2017-05-19,399.37,399.37,385.11,3.7,2.0,56.01,,,2017-05-23,385.11,stop,2,-1.0,False
COFFEEDAY,2017-05-23,2017-05-26,257.0,257.0,245.4,4.73,2.0,44.33,,,2017-05-29,245.4,stop,1,-1.0,False
LAXMIMACH,2017-03-29,2017-04-03,4067.71,3996.65,3897.85,4.36,2.0,47.89,2017-04-17,4407.427633384834,2017-06-01,4577.29,target3,40,2.5,False
RUPA,2017-05-25,2017-05-29,344.32,333.58,319.91,7.63,2.0,28.22,2017-06-02,393.12565348444457,2017-06-02,417.53,target3,4,2.5,False
SUVEN,2017-05-29,2017-06-01,6.52,6.52,6.22,4.83,2.0,43.43,,,2017-06-19,6.22,stop,12,-1.0,False
GAYAPROJ,2017-06-15,2017-06-20,162.66,157.48,151.77,7.17,2.0,29.89,,,2017-06-27,151.77,stop,4,-1.0,False
MANPASAND,2017-05-25,2017-05-29,427.22,390.42,366.63,16.53,2.0,14.1,,,2017-07-13,382.19,ma_breach,32,-0.743,False
RUPA,2017-06-02,2017-06-05,428.48,417.92,350.86,22.12,2.0,11.04,,,2017-07-31,434.75,ma_breach,39,0.081,False
LAXMIMACH,2017-06-01,2017-06-05,4786.38,4623.4,4448.0,7.61,2.0,28.29,2017-07-28,5463.156898320111,2017-08-07,5801.54,target3,44,2.5,False
RELCAPITAL,2017-06-23,2017-06-27,550.69,550.69,519.71,5.96,2.0,35.55,2017-07-31,612.646114745465,2017-08-07,643.62,target3,29,2.5,False
JETAIRWAYS,2017-07-28,2017-07-31,599.75,599.75,567.83,5.62,2.0,37.58,,,2017-08-10,567.83,stop,8,-1.0,False
FCONSUMER,2017-07-17,2017-07-20,44.35,39.65,37.26,19.02,2.0,12.52,,,2017-08-11,37.26,stop,16,-1.0,False
FCONSUMER,2017-08-14,2017-08-16,41.9,41.8,39.46,6.18,2.0,34.35,2017-08-23,46.77900457763671,2017-08-28,49.22,target3,7,2.5,False
FRETAIL,2017-08-07,2017-08-08,425.42,425.42,393.87,8.01,2.0,26.97,2017-08-17,488.5088668212891,2017-08-31,520.05,target3,15,2.5,False
GREENPLY,2017-08-22,2017-08-24,285.41,266.72,260.1,9.73,2.0,22.56,,,2017-09-14,260.1,stop,14,-1.0,False
GVKPIL,2017-06-28,2017-07-03,8.9,6.7,6.29,41.41,2.0,6.83,,,2017-09-25,11.65,ma_breach,58,1.055,False
DCAL,2017-09-28,2017-09-29,324.54,321.29,290.44,11.74,2.0,19.03,,,2017-10-13,298.62,ma_breach,9,-0.76,False
EROSMEDIA,2017-10-12,2017-10-13,230.3,230.3,216.78,6.24,2.0,34.08,,,2017-10-18,216.78,stop,3,-1.0,False
MANPASAND,2017-09-11,2017-09-13,451.69,433.26,411.93,9.65,2.0,22.72,,,2017-10-26,445.71,ma_breach,29,-0.15,False
EROSMEDIA,2017-10-24,2017-10-25,220.9,220.25,208.79,5.8,2.0,36.49,,,2017-10-31,208.79,stop,4,-1.0,False
FCONSUMER,2017-10-27,2017-10-31,62.0,61.75,56.84,9.07,2.0,24.05,,,2017-11-06,59.85,ma_breach,4,-0.417,False
GREENPLY,2017-11-03,2017-11-06,286.38,286.38,273.0,4.9,2.0,42.81,2017-11-08,313.1361574927055,2017-11-08,326.51,target3,2,2.5,False
GVKPIL,2017-10-26,2017-10-27,17.0,16.2,15.43,10.14,2.0,21.72,,,2017-11-14,15.43,stop,12,-1.0,True
GAYAPROJ,2017-08-28,2017-08-29,172.87,172.87,163.49,5.74,2.0,36.87,2017-09-19,191.62489141845703,2017-11-20,201.0,target3,57,2.5,False
SUVEN,2017-11-16,2017-11-17,6.95,6.95,6.53,6.37,2.0,33.38,,,2017-12-01,6.81,ma_breach,10,-0.328,False
AVANTIFEED,2017-08-11,2017-08-14,596.38,511.53,428.11,39.3,2.0,7.09,,,2017-12-06,789.75,ma_breach,78,1.149,False
JETAIRWAYS,2017-11-08,2017-11-09,627.0,627.0,593.46,5.65,2.0,37.38,2017-11-10,694.0881243896483,2017-12-20,727.63,target3,29,2.5,False
RUPA,2017-12-01,2017-12-04,446.77,446.77,391.89,14.0,2.0,16.28,,,2018-01-23,421.25,ma_breach,35,-0.465,False
CUB,2017-12-01,2017-12-04,113.71,113.71,109.22,4.11,2.0,50.72,,,2018-01-25,114.26,ma_breach,37,0.124,False
GNFC,2018-01-18,2018-01-23,424.71,412.66,388.4,9.35,2.0,23.39,,,2018-01-29,388.4,stop,3,-1.0,False
DEN,2017-12-05,2017-12-08,110.5,107.5,93.51,18.17,2.0,13.0,2018-01-15,144.48720304870605,2018-02-02,106.0,ma_breach_half,38,0.868,False
ABB,2018-01-22,2018-01-25,1443.12,1407.48,1365.75,5.66,2.0,37.31,,,2018-02-06,1365.75,stop,7,-1.0,False
PFIZER,2018-01-24,2018-01-29,1973.14,1924.3,1780.14,10.84,2.0,20.45,,,2018-03-14,1888.06,ma_breach,30,-0.441,False
LTTS,2018-01-22,2018-01-25,1121.29,932.15,881.74,27.17,2.0,9.36,,,2018-03-19,1121.24,ma_breach,34,-0.0,False
ESCORTS,2018-02-01,2018-02-06,846.6,846.6,780.15,8.52,2.0,25.48,,,2018-03-19,800.07,ma_breach,27,-0.7,False
OBEROIRLTY,2018-03-09,2018-03-14,538.51,515.9,477.19,12.85,2.0,17.57,,,2018-03-19,477.19,stop,3,-1.0,False
AARTIIND,2017-12-15,2017-12-20,239.97,224.84,215.71,11.25,2.0,19.78,,,2018-03-23,255.58,ma_breach,63,0.643,False
FDC,2018-02-06,2018-02-07,238.42,235.98,212.03,12.45,2.0,18.07,2018-03-07,291.19521064215064,2018-03-26,239.58,ma_breach_half,31,1.022,False
JUBLFOOD,2018-03-14,2018-03-19,208.41,204.6,200.39,4.0,2.0,51.99,2018-03-22,224.44370664164882,2018-03-27,232.46,target3,6,2.5,False
LTI,2018-03-20,2018-03-22,1364.0,1339.0,1270.23,7.38,2.0,29.09,,,2018-04-02,1335.0,ma_breach,5,-0.309,False
TVTODAY,2018-03-14,2018-03-16,362.26,362.26,298.22,21.47,2.0,11.31,,,2018-04-17,306.01,ma_breach,20,-0.878,False
RADICO,2018-03-23,2018-03-26,342.27,342.27,319.51,7.12,2.0,30.07,2018-04-19,387.80047805101395,2018-04-19,410.56,target3,16,2.5,False
CHAMBLFERT,2018-04-18,2018-04-23,167.5,150.03,144.98,15.53,2.0,14.88,,,2018-05-10,144.98,stop,12,-1.0,False
AARTIIND,2018-04-16,2018-04-19,314.45,302.86,284.61,10.48,2.0,21.08,,,2018-05-21,284.61,stop,21,-1.0,False
CHOLAFIN,2018-03-26,2018-04-02,285.92,284.75,266.08,7.46,2.0,28.81,2018-04-23,325.62037746490245,2018-05-23,300.36,ma_breach_half,36,1.364,False
ASTRAL,2018-03-22,2018-03-27,392.18,380.2,366.49,7.01,2.0,30.53,2018-05-30,443.56315435325604,2018-06-01,469.25,target3,45,2.5,False
MERCK,2018-04-19,2018-04-23,1332.07,1332.07,1138.04,17.05,2.0,13.73,2018-05-30,1720.128691693231,2018-06-01,1914.16,target3,28,2.5,False
CUB,2018-05-30,2018-06-01,127.97,121.12,117.47,8.94,2.0,24.38,,,2018-06-21,119.81,ma_breach,14,-0.777,False
DMART,2018-05-25,2018-05-30,1544.0,1506.0,1418.58,8.84,2.0,24.62,,,2018-06-22,1496.0,ma_breach,17,-0.383,False
FSL,2018-06-21,2018-06-22,59.18,59.18,53.74,10.12,2.0,21.75,,,2018-06-27,53.74,stop,3,-1.0,False
AIAENG,2018-05-16,2018-05-21,1519.01,1457.58,1374.65,10.5,2.0,21.04,,,2018-06-29,1428.92,ma_breach,29,-0.624,False
BERGEPAINT,2018-05-18,2018-05-23,235.18,225.5,213.69,10.06,2.0,21.89,,,2018-07-02,224.78,ma_breach,28,-0.484,False
JUSTDIAL,2018-06-28,2018-07-02,555.1,549.8,515.58,7.66,2.0,28.09,,,2018-07-26,558.0,ma_breach,18,0.073,False
IBVENTURES,2018-04-13,2018-04-17,384.0,324.7,276.77,38.74,2.0,7.16,2018-07-31,598.4540999999999,2018-08-10,705.68,target3,82,2.5,False
BATAINDIA,2018-06-18,2018-06-21,787.99,761.18,723.74,8.88,2.0,24.53,2018-08-13,916.4917061250563,2018-08-23,980.74,target3,43,2.5,False
GSKCONS,2018-06-26,2018-06-29,6485.95,6485.95,6113.88,6.09,2.0,34.86,2018-08-23,7230.089999999999,2018-08-23,7602.16,target3,37,2.5,False
BRITANNIA,2018-08-17,2018-08-23,3072.48,2949.21,2874.71,6.88,2.0,31.07,,,2018-09-04,2874.71,stop,8,-1.0,False
MERCK,2018-08-23,2018-08-27,2399.28,2300.79,2180.9,10.01,2.0,21.97,,,2018-09-06,2180.9,stop,8,-1.0,False
LALPATHLAB,2018-07-23,2018-07-26,444.65,425.92,412.83,7.71,2.0,27.94,2018-08-27,508.31040329090825,2018-09-21,456.75,ma_breach_half,37,1.19,False
BBTC,2018-08-21,2018-08-24,1941.16,1655.35,1525.11,27.28,2.0,9.33,,,2018-09-21,1525.11,stop,18,-1.0,False
SUVEN,2018-09-05,2018-09-10,12.47,11.18,10.45,19.32,2.0,12.35,,,2018-09-21,10.45,stop,7,-1.0,False
GAIL,2018-09-17,2018-09-21,93.07,89.73,87.65,6.18,2.0,34.34,,,2018-09-25,87.65,stop,2,-1.0,False
INTELLECT,2018-08-07,2018-08-10,250.75,240.28,194.66,28.82,2.0,8.94,,,2018-09-27,224.3,ma_breach,30,-0.472,False
VINATIORGA,2018-08-10,2018-08-14,649.39,627.01,575.82,12.78,2.0,17.65,,,2018-09-28,575.82,stop,29,-1.0,False
MINDTREE,2018-08-30,2018-09-04,1109.4,1059.9,1032.37,7.46,2.0,28.8,,,2018-09-28,1032.37,stop,16,-1.0,False
ERIS,2018-09-19,2018-09-25,727.01,724.62,673.52,7.94,2.0,27.18,,,2018-09-28,673.52,stop,3,-1.0,False
AIAENG,2018-09-25,2018-09-28,1696.5,1696.5,1642.0,3.32,2.0,62.26,,,2018-10-04,1642.0,stop,3,-1.0,False
ABFRL,2018-09-25,2018-09-28,184.33,184.28,170.36,8.2,2.0,26.39,,,2018-10-08,177.38,ma_breach,5,-0.497,False
ATUL,2018-10-01,2018-10-05,3098.48,3098.48,2994.76,3.46,2.0,59.75,,,2018-10-08,2994.76,stop,1,-1.0,True
PRAJIND,2018-10-05,2018-10-08,89.53,89.53,86.07,4.02,2.0,51.69,2018-10-10,96.46060405303515,2018-10-11,99.92,target3,3,2.5,False
TCS,2018-10-05,2018-10-08,1735.53,1735.53,1652.75,5.01,2.0,41.93,,,2018-10-11,1652.75,stop,3,-1.0,True
AUROPHARMA,2018-10-09,2018-10-11,738.67,738.67,704.8,4.81,2.0,43.61,,,2018-10-12,704.8,stop,1,-1.0,False
PRAJIND,2018-10-11,2018-10-12,101.78,101.78,91.78,10.9,2.0,20.36,,,2018-10-23,91.78,stop,6,-1.0,False
DRREDDY,2018-10-09,2018-10-12,473.37,473.37,447.11,5.87,2.0,36.06,,,2018-10-26,457.01,ma_breach,9,-0.623,False
NAUKRI,2018-10-24,2018-10-25,310.71,310.71,287.71,7.99,2.0,27.02,,,2018-11-01,287.71,stop,5,-1.0,False
TIINDIA,2018-10-05,2018-10-10,282.35,282.35,264.65,6.69,2.0,31.9,,,2018-11-26,285.23,ma_breach,30,0.163,False
VINATIORGA,2018-10-31,2018-11-02,777.61,760.78,694.69,11.94,2.0,18.75,,,2018-11-27,694.69,stop,15,-1.0,False
HEG,2018-10-25,2018-10-26,718.63,718.63,661.56,8.63,2.0,25.18,,,2018-12-10,668.72,ma_breach,29,-0.874,False
AUROPHARMA,2018-10-29,2018-11-01,765.81,743.65,688.88,11.17,2.0,19.91,,,2018-12-11,692.24,ma_breach,26,-0.956,False
PRAJIND,2019-01-07,2019-01-10,130.16,112.05,108.97,19.44,2.0,12.29,,,2019-01-25,108.97,stop,11,-1.0,False
COLPAL,2018-11-26,2018-11-27,1014.16,1014.16,968.95,4.67,2.0,44.86,2018-12-13,1104.5755094449419,2019-01-30,1069.48,ma_breach_half,45,1.612,False
MUTHOOTFIN,2018-12-07,2018-12-10,423.27,423.27,376.82,12.33,2.0,18.22,,,2019-02-05,438.41,ma_breach,40,0.326,False
AARTIIND,2018-12-11,2018-12-13,344.79,333.83,319.23,8.0,2.0,26.99,2019-02-04,395.8938080867429,2019-02-05,421.45,target3,37,2.5,False
ASTRAL,2019-01-30,2019-02-04,510.8,510.8,480.1,6.39,2.0,33.28,,,2019-02-21,480.1,stop,12,-1.0,False
TIINDIA,2018-12-07,2018-12-12,328.9,328.9,307.44,6.98,2.0,30.65,2019-01-03,371.8237314688379,2019-03-15,393.28,target3,64,2.5,False
PRAJIND,2019-01-29,2019-01-30,118.9,118.9,106.72,11.41,2.0,19.53,2019-03-06,143.24998939631044,2019-04-10,129.89,ma_breach_half,46,1.452,False
ABFRL,2019-02-19,2019-02-21,215.87,214.59,199.9,7.99,2.0,27.03,,,2019-04-10,218.48,ma_breach,31,0.164,False
EIHOTEL,2019-03-26,2019-04-01,200.64,197.41,177.58,12.99,2.0,17.4,,,2019-04-25,187.25,ma_breach,16,-0.581,False
MERCK,2019-04-05,2019-04-10,2925.09,2828.08,2722.42,7.44,2.0,28.87,,,2019-04-30,2722.42,stop,11,-1.0,False
AMBUJACEM,2019-04-24,2019-04-30,201.89,201.31,191.96,5.17,2.0,40.66,,,2019-05-07,196.77,ma_breach,4,-0.515,False
BATAINDIA,2019-01-31,2019-02-05,1111.95,1052.37,1014.23,9.63,2.0,22.76,2019-03-28,1307.392664609998,2019-05-09,1264.5,ma_breach_half,59,1.781,False
JUSTDIAL,2019-03-13,2019-03-18,654.0,654.0,552.9,18.29,2.0,12.94,,,2019-05-09,562.0,ma_breach,32,-0.91,False
STAR,2019-05-07,2019-05-10,466.24,466.24,427.67,9.02,2.0,24.18,,,2019-05-13,427.67,stop,1,-1.0,False
DCMSHRIRAM,2019-05-08,2019-05-13,465.98,439.29,425.99,9.39,2.0,23.31,,,2019-05-14,425.99,stop,1,-1.0,True
IPCALAB,2019-02-28,2019-03-06,427.63,397.15,389.48,9.8,2.0,22.42,,,2019-05-16,448.54,ma_breach,45,0.548,False
DCMSHRIRAM,2019-05-14,2019-05-16,479.12,463.56,403.2,18.83,2.0,12.62,,,2019-06-20,451.75,ma_breach,24,-0.361,False
LALPATHLAB,2019-06-20,2019-06-24,550.78,542.71,510.96,7.79,2.0,27.66,,,2019-06-28,510.96,stop,4,-1.0,False
BLUESTARCO,2019-05-03,2019-05-08,347.6,333.41,320.42,8.48,2.0,25.58,,,2019-07-09,354.3,ma_breach,43,0.246,False
MANAPPURAM,2019-05-14,2019-05-17,108.11,107.23,98.78,9.44,2.0,23.18,2019-06-14,126.76165570380833,2019-07-11,112.91,ma_breach_half,38,1.257,False
MERCK,2019-05-10,2019-05-15,3013.21,2768.84,2711.4,11.13,2.0,19.97,2019-05-17,3616.8396415654897,2019-07-16,3918.65,target3,43,2.5,False
DCMSHRIRAM,2019-06-26,2019-07-01,518.87,498.29,474.09,9.45,2.0,23.17,,,2019-07-16,486.98,ma_breach,11,-0.712,False
BALRAMCHIN,2019-07-12,2019-07-15,154.47,154.47,139.02,11.11,2.0,20.0,,,2019-07-18,139.02,stop,3,-1.0,False
FEDERALBNK,2019-05-02,2019-05-07,95.23,90.19,86.85,9.66,2.0,22.71,,,2019-07-22,94.44,ma_breach,53,-0.095,False
OBEROIRLTY,2019-07-09,2019-07-10,583.19,583.19,517.94,12.6,2.0,17.88,,,2019-07-25,517.94,stop,11,-1.0,True
LALPATHLAB,2019-07-17,2019-07-19,529.09,520.94,492.51,7.43,2.0,28.93,,,2019-08-02,505.08,ma_breach,10,-0.656,False
BRIGADE,2019-07-31,2019-08-02,129.24,129.24,123.31,4.81,2.0,43.61,2019-08-19,141.08885851020275,2019-08-28,147.02,target3,16,2.5,False
GSPL,2019-07-12,2019-07-16,204.75,198.7,189.81,7.87,2.0,27.41,,,2019-10-07,207.25,ma_breach,54,0.167,False
BRIGADE,2019-09-26,2019-10-01,160.87,146.18,141.12,14.0,2.0,16.29,,,2019-10-07,141.12,stop,3,-1.0,False
NAM-INDIA,2019-10-01,2019-10-07,226.32,222.56,211.01,7.25,2.0,29.58,2019-10-22,256.9198832164656,2019-10-23,272.22,target3,10,2.5,False
HDFCLIFE,2019-08-14,2019-08-19,535.56,530.51,471.84,13.51,2.0,16.81,,,2019-11-20,561.38,ma_breach,61,0.405,False
BPCL,2019-09-18,2019-09-23,132.43,124.65,118.22,12.02,2.0,18.64,2019-10-01,160.85277629027263,2019-11-20,175.06,target3,38,2.5,False
ASIANPAINT,2019-07-22,2019-07-25,1394.09,1326.99,1277.76,9.1,2.0,23.97,2019-09-23,1626.750868815268,2019-11-21,1629.18,ma_breach_half,77,2.01,False
GODFRYPHLP,2019-08-23,2019-08-28,300.96,293.33,260.2,15.67,2.0,14.77,2019-11-14,382.49385332138576,2019-12-03,423.26,target3,63,2.5,False
CHOLAFIN,2019-10-17,2019-10-22,292.51,284.61,264.38,10.64,2.0,20.79,,,2019-12-06,296.0,ma_breach,32,0.124,False
JUBLFOOD,2019-10-17,2019-10-23,290.03,267.3,256.66,13.0,2.0,17.38,,,2019-12-26,310.35,ma_breach,44,0.609,False
NMDC,2019-12-03,2019-12-06,18.13,18.0,16.71,8.51,2.0,25.5,2019-12-30,20.973491675021155,2020-01-20,22.4,target3,30,2.5,False
AUBANK,2019-11-13,2019-11-14,405.42,405.42,357.85,13.29,2.0,17.04,2020-01-23,500.5667172797241,2020-01-27,548.14,target3,51,2.5,False
MHRIL,2019-12-20,2019-12-26,157.9,150.67,142.12,11.1,2.0,20.02,,,2020-02-06,150.93,ma_breach,30,-0.442,False
ATGL,2020-01-24,2020-01-27,176.68,176.68,147.91,19.45,2.0,12.28,,,2020-02-19,164.69,ma_breach,17,-0.417,False
CHOLAFIN,2020-02-03,2020-02-06,339.99,325.42,310.15,9.62,2.0,22.78,,,2020-02-26,310.15,stop,13,-1.0,False
ESSELPACK,2019-11-18,2019-11-21,131.98,122.06,115.41,14.37,2.0,15.92,2020-01-24,165.14145811179023,2020-02-27,181.72,target3,68,2.5,False
INFIBEAM,2019-12-26,2019-12-30,13.99,13.99,11.88,17.78,2.0,13.25,,,2020-03-04,14.2,ma_breach,46,0.101,False
JCHAC,2020-01-21,2020-01-24,2380.0,2126.55,2033.11,17.06,2.0,13.72,2020-03-04,3073.7702999999997,2020-03-04,3420.66,target3,27,2.5,False
MIDHANI,2020-02-17,2020-02-19,205.43,202.67,173.56,18.36,2.0,12.89,,,2020-03-12,173.56,stop,14,-1.0,False
TASTYBITE,2020-02-20,2020-02-26,12808.75,12287.81,10788.76,18.72,2.0,12.68,,,2020-03-12,10788.76,stop,10,-1.0,True
GARFIBRES,2020-02-24,2020-02-27,318.47,297.62,263.57,20.83,2.0,11.6,,,2020-03-12,263.57,stop,9,-1.0,True
PIIND,2020-02-28,2020-03-04,1533.72,1516.95,1412.36,8.59,2.0,25.28,,,2020-03-12,1412.36,stop,5,-1.0,False
INDOCO,2020-03-03,2020-03-04,236.19,232.77,184.91,27.73,2.0,9.21,,,2020-03-12,184.91,stop,5,-1.0,False
BHARTIARTL,2019-11-15,2019-11-20,428.54,380.93,341.16,25.61,2.0,9.81,,,2020-03-13,433.79,ma_breach,79,0.06,False
RALLIS,2020-01-15,2020-01-20,203.5,184.24,173.93,17.0,2.0,13.76,,,2020-03-13,164.8,ma_breach,37,-1.309,False
SFL,2020-03-11,2020-03-12,776.6,776.6,741.13,4.79,2.0,43.79,,,2020-03-13,741.13,stop,1,-1.0,True
BAYERCROP,2020-03-09,2020-03-13,3676.04,3676.04,3512.25,4.66,2.0,44.89,,,2020-03-16,3512.25,stop,1,-1.0,True
RATNAMANI,2020-03-09,2020-03-13,816.52,816.52,757.96,7.73,2.0,27.89,,,2020-03-16,757.96,stop,1,-1.0,False
JCHAC,2020-03-12,2020-03-13,3096.0,3096.0,2507.49,23.47,2.0,10.52,,,2020-03-16,2507.49,stop,1,-1.0,False
IPCALAB,2020-03-13,2020-03-17,663.78,663.78,608.09,9.16,2.0,23.84,,,2020-03-19,608.09,stop,2,-1.0,False
NAVINFLUOR,2020-03-13,2020-03-17,1359.26,1359.26,1106.29,22.87,2.0,10.75,,,2020-03-19,1106.29,stop,2,-1.0,True
PIDILITIND,2020-03-17,2020-03-18,777.07,777.07,716.71,8.42,2.0,25.75,,,2020-03-19,716.71,stop,1,-1.0,True
PFIZER,2020-03-13,2020-03-16,3797.74,3797.74,3022.05,25.67,2.0,9.79,,,2020-03-20,3527.04,ma_breach,4,-0.349,False
JBCHEPHARM,2019-11-21,2019-11-22,181.62,181.62,145.86,24.52,2.0,10.16,2020-02-06,253.1484349962416,2020-03-23,224.82,ma_breach_half,83,1.604,False
IPCALAB,2020-03-20,2020-03-23,796.22,741.24,647.0,23.06,2.0,10.67,,,2020-03-24,647.0,stop,1,-1.0,False
NAVINFLUOR,2020-03-26,2020-03-27,1322.02,1293.6,1091.6,21.11,2.0,11.48,,,2020-04-03,1180.65,ma_breach,4,-0.614,False
HINDUNILVR,2020-03-31,2020-04-01,2069.06,2069.06,1952.6,5.96,2.0,35.53,,,2020-04-03,1952.6,stop,1,-1.0,False
IPCALAB,2020-03-31,2020-04-03,694.92,694.92,644.14,7.88,2.0,27.37,2020-04-08,796.5025762138079,2020-04-08,847.29,target3,2,2.5,False
AJANTPHARM,2020-03-30,2020-03-31,832.25,832.25,743.27,11.97,2.0,18.71,,,2020-04-23,815.41,ma_breach,13,-0.189,False
NAVINFLUOR,2020-04-03,2020-04-07,1288.7,1255.13,1165.03,10.61,2.0,20.84,2020-04-27,1536.028131082598,2020-04-28,1659.69,target3,13,2.5,False
HINDUNILVR,2020-04-07,2020-04-09,2236.29,2200.56,1983.88,12.72,2.0,17.72,,,2020-04-30,1983.88,stop,13,-1.0,False
PFIZER,2020-04-23,2020-04-28,4369.36,3969.92,3676.93,18.83,2.0,12.62,,,2020-06-02,3676.93,stop,23,-1.0,False
ABBOTINDIA,2020-03-26,2020-03-30,15487.62,13578.23,13015.65,18.99,2.0,12.53,,,2020-06-11,14955.46,ma_breach,47,-0.215,False
DEEPAKNTR,2020-04-27,2020-04-30,509.6,475.78,457.63,11.36,2.0,19.61,,,2020-06-12,457.11,ma_breach,29,-1.01,False
DIVISLAB,2020-04-07,2020-04-08,2085.58,2085.58,1861.82,12.02,2.0,18.64,,,2020-06-18,2236.81,ma_breach,47,0.676,False
TRIDENT,2020-06-10,2020-06-11,6.67,6.35,5.67,17.72,2.0,13.29,,,2020-07-16,5.67,stop,25,-1.0,False
GMMPFAUDLR,2020-04-20,2020-04-23,1270.27,1166.73,1061.3,19.69,2.0,12.16,,,2020-07-20,1306.7,ma_breach,60,0.174,False
AVANTIFEED,2020-06-12,2020-06-15,450.82,450.82,397.61,13.38,2.0,16.95,,,2020-07-20,424.3,ma_breach,25,-0.498,False
ZYDUSLIFE,2020-04-03,2020-04-07,291.32,269.57,248.88,17.05,2.0,13.73,,,2020-07-30,348.66,ma_breach,78,1.351,False
GRSE,2020-06-17,2020-06-18,183.61,183.61,168.48,8.98,2.0,24.26,,,2020-08-04,181.52,ma_breach,33,-0.138,False
FDC,2020-07-14,2020-07-16,259.36,259.36,234.3,10.69,2.0,20.7,2020-08-03,309.472242352385,2020-08-05,334.53,target3,14,2.5,False
ALKYLAMINE,2020-04-22,2020-04-27,678.46,678.46,554.79,22.29,2.0,10.97,2020-07-09,925.7985899429601,2020-08-11,1049.47,target3,74,2.5,False
AJANTPHARM,2020-07-30,2020-08-04,1042.12,963.21,910.31,14.48,2.0,15.81,,,2020-09-01,910.31,stop,20,-1.0,False
ESSELPACK,2020-07-30,2020-08-03,213.36,184.91,178.15,19.76,2.0,12.12,,,2020-09-23,225.71,ma_breach,37,0.351,False
GMMPFAUDLR,2020-08-05,2020-08-10,1753.66,1405.9,1376.08,27.44,2.0,9.29,,,2020-09-24,1325.2,ma_breach,33,-1.135,False
ADVENZYMES,2020-07-31,2020-08-05,199.49,184.33,172.18,15.86,2.0,14.61,2020-09-24,254.095173431352,2020-09-25,281.4,target3,37,2.5,False
DIVISLAB,2020-08-07,2020-08-11,3045.87,2735.5,2638.19,15.45,2.0,14.94,,,2020-10-05,2987.71,ma_breach,38,-0.143,False
GODREJIND,2020-09-22,2020-09-24,410.55,410.55,379.62,8.15,2.0,26.55,,,2020-10-08,404.0,ma_breach,9,-0.212,False
CIPLA,2020-07-15,2020-07-20,657.48,614.06,603.53,8.94,2.0,24.38,2020-08-10,765.3694198433034,2020-10-27,715.69,ma_breach_half,70,1.54,False
GODREJPROP,2020-10-29,2020-11-03,1126.95,1004.4,975.52,15.52,2.0,14.88,,,2020-11-04,975.52,stop,1,-1.0,False
SUPREMEIND,2020-07-27,2020-07-30,1198.43,1117.58,1087.71,10.18,2.0,21.65,,,2020-11-17,1330.65,ma_breach,77,1.194,False
INDIAMART,2020-11-13,2020-11-14,4713.39,2359.04,2298.44,105.07,2.0,3.9,,,2020-11-17,2298.44,stop,1,-1.0,False
THYROCARE,2020-11-13,2020-11-14,935.57,313.67,306.29,205.45,2.0,2.97,,,2020-11-17,306.29,stop,1,-1.0,False
GRANULES,2020-08-31,2020-09-03,322.69,312.88,276.68,16.63,2.0,14.02,2020-11-25,414.7317458286583,2020-12-16,378.84,ma_breach_half,72,1.61,False
CROMPTON,2020-09-29,2020-10-05,277.95,270.38,245.38,13.27,2.0,17.07,2020-12-16,343.0833323433927,2020-12-17,375.65,target3,52,2.5,False
INDOCO,2020-12-02,2020-12-07,299.74,283.87,258.92,15.77,2.0,14.68,,,2020-12-21,258.92,stop,10,-1.0,False
RENUKA,2020-12-14,2020-12-16,13.5,13.0,11.79,14.52,2.0,15.77,,,2020-12-21,11.79,stop,3,-1.0,False
BSOFT,2020-12-16,2020-12-21,201.22,193.43,186.29,8.02,2.0,26.95,2020-12-23,231.0945436768461,2020-12-23,246.03,target3,2,2.5,False
INFY,2020-10-05,2020-10-08,929.24,899.32,867.04,7.17,2.0,29.88,2020-12-22,1053.6554618156356,2021-01-05,1115.86,target3,61,2.5,False
KOLTEPATIL,2021-01-05,2021-01-08,269.64,250.12,231.01,16.72,2.0,13.96,,,2021-01-22,231.01,stop,10,-1.0,False
ASAHIINDIA,2020-11-12,2020-11-17,240.44,236.5,221.5,8.55,2.0,25.38,2020-12-07,278.33437152240265,2021-01-27,255.08,ma_breach_half,48,1.386,False
WOCKPHARMA,2020-11-26,2020-12-01,424.04,400.67,361.92,17.17,2.0,13.65,,,2021-02-01,444.14,ma_breach,42,0.323,False
TASTYBITE,2020-12-18,2020-12-22,12291.37,11392.0,11048.27,11.25,2.0,19.78,,,2021-02-01,11771.93,ma_breach,27,-0.418,False
GRAPHITE,2021-01-27,2021-02-01,293.02,293.02,272.57,7.5,2.0,28.65,2021-02-08,333.9265266471651,2021-02-08,354.38,target3,5,2.5,False
HONAUT,2020-12-18,2020-12-23,34609.93,32634.08,31727.08,9.09,2.0,24.01,2021-01-08,40375.61411337902,2021-02-17,43258.46,target3,38,2.5,False
AUROPHARMA,2021-01-22,2021-01-27,967.88,918.84,852.22,13.57,2.0,16.74,,,2021-02-22,860.2,ma_breach,18,-0.931,False
POLYMED,2020-12-21,2020-12-23,513.02,513.02,444.18,15.5,2.0,14.91,2021-02-17,650.6846845170702,2021-02-23,719.52,target3,42,2.5,False
IDEA,2020-12-31,2021-01-05,11.8,10.9,10.09,16.95,2.0,13.8,,,2021-02-23,10.8,ma_breach,34,-0.585,False
ABCAPITAL,2021-02-03,2021-02-08,91.55,90.3,84.32,8.58,2.0,25.31,2021-02-18,106.01880610656738,2021-02-23,113.25,target3,11,2.5,False
ARVINDFASN,2021-02-12,2021-02-17,158.53,158.53,143.53,10.45,2.0,21.14,,,2021-03-19,143.53,stop,21,-1.0,False
ADANIGREEN,2021-02-18,2021-02-23,1161.2,1129.4,1084.41,7.08,2.0,30.25,,,2021-03-19,1084.41,stop,17,-1.0,False
APOLLOTYRE,2021-01-19,2021-01-22,204.73,177.51,167.06,22.55,2.0,10.87,,,2021-03-22,210.31,ma_breach,39,0.148,False
KARURVYSYA,2021-02-04,2021-02-09,45.26,37.88,33.47,35.23,2.0,7.68,,,2021-03-31,42.65,ma_breach,34,-0.222,False
STRTECH,2021-02-15,2021-02-18,203.9,178.87,171.67,18.77,2.0,12.65,,,2021-03-31,196.48,ma_breach,27,-0.23,False
QUESS,2021-03-18,2021-03-22,646.16,618.57,594.91,8.62,2.0,25.21,,,2021-04-05,594.91,stop,8,-1.0,False
NIACL,2021-02-17,2021-02-22,172.36,132.95,130.31,32.27,2.0,8.2,,,2021-04-16,141.4,ma_breach,35,-0.736,False
KEI,2021-03-16,2021-03-19,520.88,520.88,483.17,7.8,2.0,27.63,,,2021-04-19,487.43,ma_breach,18,-0.887,False
EMAMILTD,2021-04-13,2021-04-19,491.81,474.89,451.45,8.94,2.0,24.37,,,2021-04-26,451.45,stop,4,-1.0,False
GICRE,2021-02-18,2021-02-23,165.17,154.13,132.93,24.25,2.0,10.25,,,2021-05-04,187.63,ma_breach,45,0.697,False
CENTURYPLY,2021-03-25,2021-03-31,316.14,299.63,282.2,12.02,2.0,18.63,2021-05-19,384.0027404864747,2021-05-24,417.94,target3,34,2.5,False
CGCL,2021-03-30,2021-04-05,373.68,365.7,332.01,12.55,2.0,17.94,2021-05-28,457.0134426183361,2021-06-01,498.68,target3,38,2.5,False
POLYCAB,2021-04-20,2021-04-26,1446.26,1389.05,1325.77,9.09,2.0,24.01,2021-06-07,1687.2520547382394,2021-06-15,1807.75,target3,35,2.5,False
GRAPHITE,2021-04-06,2021-04-08,593.53,542.39,493.5,20.27,2.0,11.87,,,2021-06-21,538.74,ma_breach,49,-0.548,False
ADANIENT,2021-06-18,2021-06-22,1549.59,1499.69,1327.4,16.74,2.0,13.95,,,2021-07-07,1416.84,ma_breach,11,-0.597,False
DCMSHRIRAM,2021-04-15,2021-04-19,594.44,538.07,480.75,23.65,2.0,10.46,2021-06-25,821.8043272851745,2021-07-16,935.49,target3,62,2.5,False
IBREALEST,2021-06-02,2021-06-07,114.0,102.15,98.55,15.68,2.0,14.76,2021-07-19,144.89729695129395,2021-07-19,160.35,target3,30,2.5,False
JINDALSAW,2021-04-29,2021-05-04,43.32,38.78,35.14,23.28,2.0,10.59,2021-07-12,59.68138851514897,2021-07-27,67.86,target3,58,2.5,False
ABB,2021-05-27,2021-06-01,1647.7,1564.58,1458.0,13.01,2.0,17.37,,,2021-07-28,1638.07,ma_breach,40,-0.051,False
IIFL,2021-07-23,2021-07-28,295.58,274.9,266.01,11.12,2.0,19.99,,,2021-08-11,266.01,stop,10,-1.0,False
JAMNAAUTO,2021-05-19,2021-05-24,74.21,67.32,63.08,17.64,2.0,13.33,,,2021-08-18,75.27,ma_breach,61,0.095,False
BIRLACORPN,2021-05-17,2021-05-20,1274.81,1146.0,1009.74,26.25,2.0,9.62,,,2021-08-25,1252.38,ma_breach,67,-0.085,False
EQUITAS,2021-07-07,2021-07-08,112.8,112.8,93.66,20.44,2.0,11.78,,,2021-08-31,116.75,ma_breach,36,0.206,False
TRITURBINE,2021-08-16,2021-08-18,129.31,129.31,111.52,15.96,2.0,14.53,,,2021-08-31,119.75,ma_breach,8,-0.537,False
BSE,2021-08-26,2021-08-31,127.75,118.2,113.12,12.93,2.0,17.47,,,2021-09-23,124.69,ma_breach,16,-0.209,False
VTL,2021-07-08,2021-07-13,304.51,275.58,259.55,17.32,2.0,13.55,,,2021-09-24,347.09,ma_breach,50,0.947,False
BORORENEW,2021-09-09,2021-09-14,335.0,308.45,292.71,14.45,2.0,15.84,,,2021-09-29,297.0,ma_breach,11,-0.898,False
HIKAL,2021-08-11,2021-08-12,646.02,646.02,560.08,15.34,2.0,15.03,,,2021-09-30,608.06,ma_breach,33,-0.442,False
ECLERX,2021-06-10,2021-06-15,598.08,458.71,432.66,38.23,2.0,7.23,,,2021-10-04,731.8,ma_breach,76,0.808,False
BCG,2021-09-27,2021-09-30,34.66,29.99,28.83,20.22,2.0,11.89,2021-10-08,46.31649266238924,2021-10-13,52.15,target3,9,2.5,False
TATAMOTORS,2021-10-05,2021-10-08,375.96,342.44,329.79,14.0,2.0,16.29,2021-10-13,468.2915857780239,2021-10-14,514.46,target3,4,2.5,False
LTTS,2021-07-14,2021-07-19,3175.15,2765.3,2636.41,20.43,2.0,11.79,2021-09-14,4252.629313235601,2021-10-19,4791.37,target3,62,2.5,False
LINDEINDIA,2021-08-20,2021-08-25,2294.16,1947.84,1853.99,23.74,2.0,10.42,,,2021-10-25,2327.26,ma_breach,41,0.075,False
BHEL,2021-10-08,2021-10-13,70.75,65.37,62.15,13.83,2.0,16.46,,,2021-11-16,63.25,ma_breach,22,-0.872,False
GUJALKALI,2021-09-22,2021-09-27,585.28,515.56,444.53,31.66,2.0,8.32,,,2021-11-17,622.89,ma_breach,35,0.267,False
GODREJPROP,2021-09-20,2021-09-23,1960.0,1675.0,1600.45,22.47,2.0,10.9,,,2021-11-23,2119.8,ma_breach,40,0.444,False
OBEROIRLTY,2021-09-21,2021-09-24,835.87,719.62,689.15,21.29,2.0,11.39,,,2021-11-25,852.59,ma_breach,41,0.114,False
CERA,2021-09-24,2021-09-29,5205.21,4915.38,4459.37,16.73,2.0,13.96,,,2021-11-25,4857.21,ma_breach,38,-0.467,False
JAMNAAUTO,2021-10-20,2021-10-25,91.46,89.1,82.88,10.36,2.0,21.31,,,2021-11-29,82.88,stop,23,-1.0,False
CYIENT,2021-07-14,2021-07-19,945.55,795.98,771.46,22.57,2.0,10.86,,,2021-12-01,924.64,ma_breach,91,-0.12,False
WELCORP,2021-11-26,2021-11-29,164.09,164.09,150.4,9.1,2.0,23.97,,,2021-12-01,150.4,stop,2,-1.0,False
RTNINDIA,2021-12-10,2021-12-15,61.25,52.05,49.6,23.49,2.0,10.52,,,2021-12-24,49.6,stop,7,-1.0,False
ELGIEQUIP,2021-11-26,2021-12-01,274.33,263.48,251.39,9.13,2.0,23.91,2021-12-15,320.23174144164153,2022-01-10,343.18,target3,28,2.5,False
TCIEXP,2021-12-21,2021-12-22,2299.32,2299.32,1745.46,31.73,2.0,8.3,,,2022-01-11,2057.24,ma_breach,14,-0.437,False
VEDL,2021-11-22,2021-11-25,175.84,169.42,157.64,11.55,2.0,19.32,,,2022-01-20,172.12,ma_breach,40,-0.204,False
NATIONALUM,2022-01-05,2022-01-10,89.69,83.87,81.69,9.79,2.0,22.42,,,2022-01-24,81.69,stop,10,-1.0,False
SFL,2021-11-11,2021-11-16,1555.07,1409.0,1328.92,17.02,2.0,13.75,,,2022-01-28,1635.68,ma_breach,51,0.356,False
ESCORTS,2021-11-18,2021-11-23,1777.93,1777.93,1569.38,13.29,2.0,17.05,,,2022-01-28,1811.1,ma_breach,47,0.159,False
TV18BRDCST,2022-01-18,2022-01-20,52.95,50.85,46.1,14.85,2.0,15.47,2022-02-03,66.6423,2022-02-10,73.49,target3,14,2.5,False
LINDEINDIA,2022-01-20,2022-01-24,2820.81,2615.93,2548.55,10.68,2.0,20.72,,,2022-02-14,2548.55,stop,14,-1.0,True
ABFRL,2022-01-25,2022-01-28,292.15,292.15,272.88,7.06,2.0,30.32,,,2022-02-14,272.88,stop,11,-1.0,False
BORORENEW,2021-10-11,2021-10-14,452.8,356.45,329.77,37.31,2.0,7.36,2021-12-16,698.860151184082,2022-02-15,610.0,ma_breach_half,84,1.639,False
JINDALSTEL,2022-02-09,2022-02-14,416.46,413.11,395.26,5.36,2.0,39.29,,,2022-02-15,395.26,stop,1,-1.0,False
AMBER,2022-01-31,2022-02-03,3650.0,3650.0,3150.45,15.86,2.0,14.61,,,2022-02-21,3322.2,ma_breach,12,-0.656,False
RENUKA,2022-02-09,2022-02-14,38.05,38.05,33.72,12.85,2.0,17.56,,,2022-02-21,33.72,stop,5,-1.0,False
FLUOROCHEM,2021-12-01,2021-12-03,2390.61,2092.13,1961.37,21.88,2.0,11.14,,,2022-02-24,2570.9,ma_breach,58,0.42,False
POONAWALLA,2022-01-06,2022-01-11,293.1,248.4,220.3,33.05,2.0,8.05,,,2022-02-24,223.48,ma_breach,31,-0.956,False
BLUESTARCO,2022-02-15,2022-02-17,549.17,518.01,488.41,12.44,2.0,18.08,,,2022-02-24,488.41,stop,5,-1.0,False
ELGIEQUIP,2022-02-23,2022-02-24,359.89,359.89,320.39,12.33,2.0,18.22,,,2022-02-25,320.39,stop,1,-1.0,False
JSWENERGY,2022-02-10,2022-02-15,316.82,316.82,294.16,7.7,2.0,27.96,,,2022-03-08,294.16,stop,14,-1.0,False
ADANIENSOL,2022-02-22,2022-02-24,1990.0,1985.0,1808.29,10.05,2.0,21.9,2022-03-04,2353.420248779297,2022-03-30,2535.13,target3,22,2.5,False
JKPAPER,2022-03-11,2022-03-14,254.55,254.55,219.52,15.96,2.0,14.53,2022-04-06,324.6230738628585,2022-04-18,359.66,target3,22,2.5,False
HINDALCO,2022-02-25,2022-03-03,596.55,531.45,507.81,17.48,2.0,13.44,,,2022-04-19,536.4,ma_breach,30,-0.678,False
POWERINDIA,2022-02-17,2022-02-21,3140.82,2980.38,2818.28,11.44,2.0,19.48,2022-03-03,3785.896888877592,2022-04-22,3267.63,ma_breach_half,40,1.197,False
TV18BRDCST,2022-03-08,2022-03-10,67.8,61.2,58.19,16.51,2.0,14.11,,,2022-04-29,58.19,stop,33,-1.0,False
VIPIND,2022-02-22,2022-02-25,646.71,646.71,543.94,18.89,2.0,12.58,,,2022-05-02,659.61,ma_breach,42,0.126,False
BALRAMCHIN,2022-03-03,2022-03-08,436.09,428.06,403.56,8.06,2.0,26.81,2022-03-14,501.14142000414864,2022-05-02,423.63,ma_breach_half,36,0.808,False
MAZDOCK,2022-04-12,2022-04-19,159.85,159.73,138.21,15.66,2.0,14.77,,,2022-05-05,138.21,stop,11,-1.0,False
RCF,2022-04-01,2022-04-06,91.62,89.17,81.59,12.29,2.0,18.27,,,2022-05-06,81.59,stop,19,-1.0,False
PVR,2022-04-26,2022-04-29,1827.0,1762.0,1699.45,7.51,2.0,28.65,,,2022-05-06,1699.45,stop,4,-1.0,False
CRISIL,2022-04-27,2022-05-02,3484.46,3184.24,3127.67,11.41,2.0,19.53,,,2022-05-06,3127.67,stop,3,-1.0,False
COALINDIA,2022-02-25,2022-03-03,140.05,121.81,112.35,24.66,2.0,10.11,,,2022-05-10,134.44,ma_breach,44,-0.203,False
TATACHEM,2022-05-02,2022-05-06,975.32,975.32,901.82,8.15,2.0,26.54,,,2022-05-10,901.82,stop,2,-1.0,False
LINDEINDIA,2022-05-06,2022-05-10,3499.78,3499.78,3254.03,7.55,2.0,28.48,,,2022-05-11,3254.03,stop,1,-1.0,False
GODFRYPHLP,2022-05-09,2022-05-11,375.25,373.31,345.9,8.48,2.0,25.57,,,2022-05-12,345.9,stop,1,-1.0,False
SOLARINDS,2022-05-02,2022-05-06,2961.19,2931.28,2700.18,9.67,2.0,22.69,,,2022-05-17,2793.96,ma_breach,7,-0.641,False
BDL,2022-05-11,2022-05-12,318.94,318.94,296.47,7.58,2.0,28.39,2022-05-20,363.86966501969414,2022-05-23,386.33,target3,7,2.5,False
BANDHANBNK,2022-05-13,2022-05-17,334.07,325.08,301.63,10.76,2.0,20.59,,,2022-05-24,308.23,ma_breach,5,-0.796,False
RCF,2022-05-18,2022-05-23,94.35,88.2,81.45,15.84,2.0,14.63,,,2022-05-26,81.45,stop,3,-1.0,False
EASEMYTRIP,2022-05-19,2022-05-24,28.67,26.12,24.77,15.75,2.0,14.7,,,2022-05-27,24.77,stop,3,-1.0,True
NLCINDIA,2022-05-17,2022-05-20,74.73,72.91,64.83,15.28,2.0,15.09,,,2022-06-09,67.31,ma_breach,14,-0.75,False
ATGL,2022-05-26,2022-05-27,2436.43,2435.03,2139.72,13.87,2.0,16.42,,,2022-06-15,2380.21,ma_breach,13,-0.189,False
HOMEFIRST,2022-05-02,2022-05-05,740.01,738.43,666.03,11.11,2.0,20.01,,,2022-06-16,739.51,ma_breach,30,-0.007,False
BDL,2022-05-26,2022-05-27,370.03,365.71,333.63,10.91,2.0,20.33,,,2022-06-20,333.63,stop,16,-1.0,False
VBL,2022-06-10,2022-06-15,156.01,149.74,144.41,8.03,2.0,26.89,,,2022-06-20,144.41,stop,3,-1.0,False
COROMANDEL,2022-06-13,2022-06-16,936.93,894.29,861.72,8.73,2.0,24.92,,,2022-06-20,861.72,stop,2,-1.0,False
ABB,2022-05-05,2022-05-10,2249.8,2248.82,2044.88,10.02,2.0,21.96,,,2022-06-21,2146.87,ma_breach,30,-0.502,False
RATNAMANI,2022-06-27,2022-06-30,1769.13,1692.35,1603.87,10.3,2.0,21.41,,,2022-07-01,1603.87,stop,1,-1.0,True
ASAHIINDIA,2022-06-15,2022-06-20,458.32,441.72,425.38,7.74,2.0,27.83,2022-06-24,524.1936084533454,2022-07-05,557.13,target3,11,2.5,False
GESHIP,2022-06-28,2022-07-01,344.21,344.21,316.86,8.63,2.0,25.17,,,2022-07-18,341.62,ma_breach,11,-0.095,False
ASHOKLEY,2022-06-17,2022-06-21,60.93,59.85,57.85,5.33,2.0,39.51,2022-06-30,67.0994910581478,2022-07-29,70.18,target3,28,2.5,False
JAMNAAUTO,2022-06-30,2022-07-05,121.94,115.77,112.18,8.7,2.0,24.98,,,2022-08-04,112.18,stop,22,-1.0,False
PHOENIXLTD,2022-06-17,2022-06-21,548.37,548.37,511.35,7.24,2.0,29.63,2022-07-07,622.3898085181632,2022-08-12,659.4,target3,37,2.5,False
DEVYANI,2022-08-08,2022-08-12,204.0,191.6,182.52,11.77,2.0,18.99,,,2022-08-26,182.52,stop,9,-1.0,False
FLUOROCHEM,2022-07-13,2022-07-18,3234.49,3234.49,3057.19,5.8,2.0,36.49,2022-08-16,3589.084268635146,2022-09-20,3766.38,target3,43,2.5,False
GNFC,2022-07-27,2022-07-29,638.9,619.67,573.19,11.46,2.0,19.45,,,2022-09-21,630.27,ma_breach,35,-0.131,False
CHOLAFIN,2022-08-01,2022-08-04,758.84,734.54,684.35,10.89,2.0,20.37,,,2022-09-28,711.82,ma_breach,36,-0.631,False
HOMEFIRST,2022-08-10,2022-08-16,940.39,817.31,777.04,21.02,2.0,11.51,,,2022-09-28,847.83,ma_breach,30,-0.567,False
NLCINDIA,2022-08-23,2022-08-26,67.4,64.48,61.82,9.02,2.0,24.17,,,2022-09-28,63.33,ma_breach,22,-0.729,False
RENUKA,2022-09-20,2022-09-23,60.8,57.75,49.5,22.83,2.0,10.76,,,2022-11-15,56.95,ma_breach,34,-0.341,False
KIMS,2022-09-23,2022-09-28,278.99,278.99,262.7,6.2,2.0,34.25,2022-09-30,311.57590777587893,2022-11-15,327.87,target3,31,2.5,False
ASTERDM,2022-09-27,2022-09-30,192.44,192.44,174.66,10.17,2.0,21.66,,,2022-11-15,174.66,stop,29,-1.0,True
CIPLA,2022-09-16,2022-09-21,1060.59,1022.02,995.96,6.49,2.0,32.82,,,2022-11-23,1069.17,ma_breach,42,0.133,False
EASEMYTRIP,2022-11-21,2022-11-23,34.91,28.58,25.76,35.53,2.0,7.63,,,2022-12-09,25.76,stop,12,-1.0,True
PNBHOUSING,2022-12-19,2022-12-22,421.5,421.5,379.34,11.11,2.0,20.0,,,2022-12-23,379.34,stop,1,-1.0,False
BLUESTARCO,2022-11-18,2022-11-23,587.21,587.21,542.94,8.15,2.0,26.53,,,2022-12-26,587.7,ma_breach,23,0.011,False
LINDEINDIA,2022-12-22,2022-12-23,3503.46,3503.46,3253.43,7.69,2.0,28.02,,,2022-12-26,3253.43,stop,1,-1.0,True
IDFCFIRSTB,2022-09-30,2022-10-06,53.67,49.84,46.9,14.45,2.0,15.84,,,2022-12-27,56.02,ma_breach,56,0.346,False
AEGISLOG,2022-12-26,2022-12-27,334.27,334.27,308.4,8.39,2.0,25.84,,,2023-01-30,323.06,ma_breach,23,-0.433,False
ABBOTINDIA,2022-11-10,2022-11-15,19178.39,18765.07,18338.0,4.58,2.0,45.64,2022-12-22,20859.179276616647,2023-02-01,20065.87,ma_breach_half,55,1.528,False
CGCL,2022-12-22,2022-12-26,728.23,728.23,693.97,4.94,2.0,42.52,,,2023-02-02,716.1,ma_breach,27,-0.354,False
360ONE,2023-01-30,2023-02-02,446.17,440.95,401.8,11.04,2.0,20.11,,,2023-02-24,425.36,ma_breach,16,-0.469,False
APOLLOTYRE,2023-01-31,2023-02-03,321.97,311.4,300.72,7.07,2.0,30.3,,,2023-02-27,300.72,stop,16,-1.0,False
PFC,2023-03-03,2023-03-09,118.94,109.15,105.67,12.55,2.0,17.93,,,2023-03-20,105.67,stop,7,-1.0,False
RATNAMANI,2023-01-27,2023-01-31,2041.59,1980.93,1910.58,6.86,2.0,31.17,2023-02-03,2303.6300991936478,2023-03-21,2069.58,ma_breach_half,34,1.107,False
INGERRAND,2023-02-22,2023-02-27,2057.18,1975.7,1938.1,6.14,2.0,34.55,2023-03-06,2295.3348456904023,2023-03-29,2414.41,target3,21,2.5,False
RADICO,2023-01-27,2023-02-01,1126.34,1064.94,1031.09,9.24,2.0,23.65,,,2023-04-12,1079.9,ma_breach,46,-0.488,False
KPRMILL,2023-04-10,2023-04-12,614.49,574.18,557.89,10.15,2.0,21.71,,,2023-04-27,581.8,ma_breach,10,-0.578,False
PFC,2023-04-24,2023-04-27,116.45,113.29,109.25,6.59,2.0,32.35,2023-06-02,130.84771982260474,2023-06-05,138.05,target3,26,2.5,False
DATAPATTNS,2023-03-16,2023-03-21,1403.3,1334.76,1269.7,10.52,2.0,21.01,2023-04-13,1670.5141494240286,2023-06-06,1804.12,target3,50,2.5,False
SUZLON,2023-05-26,2023-05-31,10.9,10.15,9.44,15.46,2.0,14.94,2023-06-07,13.818899236679076,2023-06-12,15.28,target3,8,2.5,False
ABCAPITAL,2023-03-28,2023-03-31,153.25,149.1,143.46,6.83,2.0,31.3,2023-05-04,172.8371878051758,2023-06-21,182.63,target3,54,2.5,False
JBMA,2023-06-07,2023-06-12,459.84,440.13,399.9,14.99,2.0,15.34,2023-06-28,579.7368551221556,2023-06-30,639.68,target3,13,2.5,False
EQUITASBNK,2023-02-21,2023-02-24,68.37,62.85,59.8,14.32,2.0,15.97,2023-05-30,85.49322769977621,2023-07-13,94.06,target3,92,2.5,False
APARINDS,2023-01-31,2023-02-02,1908.38,1648.39,1326.29,43.89,2.0,6.56,2023-05-08,3072.572394980568,2023-07-20,3654.67,target3,113,2.5,False
ENGINERSIN,2023-05-03,2023-05-04,92.54,92.54,77.68,19.12,2.0,12.46,2023-07-17,122.24408204960505,2023-07-25,137.1,target3,57,2.5,False
APOLLOHOSP,2023-05-31,2023-06-05,4926.9,4691.9,4483.12,9.9,2.0,22.2,,,2023-08-04,4983.48,ma_breach,43,0.127,False
VTL,2023-06-02,2023-06-06,352.58,330.28,318.65,10.65,2.0,20.78,,,2023-08-04,340.97,ma_breach,42,-0.342,False
FACT,2023-06-26,2023-06-30,458.49,425.4,408.24,12.31,2.0,18.25,,,2023-08-17,458.49,ma_breach,33,-0.0,False
CYIENT,2023-08-02,2023-08-04,1458.45,1458.45,1382.81,5.47,2.0,38.56,2023-09-01,1609.7449109870995,2023-09-01,1685.39,target3,19,2.5,False
APARINDS,2023-08-11,2023-08-17,4282.62,4040.15,3898.91,9.84,2.0,22.32,2023-08-21,5050.0296238283545,2023-09-20,5433.74,target3,23,2.5,False
AARTIDRUGS,2023-08-29,2023-09-01,566.51,553.29,524.39,8.03,2.0,26.9,,,2023-09-26,546.21,ma_breach,16,-0.482,False
EDELWEISS,2023-08-25,2023-08-29,54.24,49.42,47.47,14.26,2.0,16.03,2023-10-05,67.77362430064926,2023-10-05,74.54,target3,25,2.5,False
LAXMIMACH,2023-08-29,2023-09-01,15231.32,13727.47,13300.85,14.51,2.0,15.78,,,2023-10-12,14007.65,ma_breach,27,-0.634,False
JBCHEPHARM,2023-06-16,2023-06-21,1163.29,1101.41,1044.12,11.41,2.0,19.52,2023-08-28,1401.6343430931918,2023-10-19,1344.01,ma_breach_half,82,1.758,False
MHRIL,2023-07-17,2023-07-20,359.0,334.6,320.23,12.11,2.0,18.52,2023-10-06,436.5411243896484,2023-10-27,406.05,ma_breach_half,67,1.607,False
ABREL,2023-09-22,2023-09-26,1114.44,1106.37,1007.03,10.67,2.0,20.75,,,2023-10-27,1090.12,ma_breach,21,-0.226,False
NETWORK18,2023-10-03,2023-10-05,70.6,70.6,63.24,11.64,2.0,19.18,,,2023-10-27,69.25,ma_breach,15,-0.183,False
SWANENERGY,2023-10-25,2023-10-27,333.0,315.8,295.0,12.88,2.0,17.53,2023-11-08,408.9906,2023-11-13,446.99,target3,11,2.5,False
GSFC,2023-10-13,2023-10-17,199.11,183.32,166.64,19.48,2.0,12.27,,,2023-11-15,176.07,ma_breach,19,-0.71,False
PRESTIGE,2023-10-03,2023-10-06,669.89,618.69,590.26,13.49,2.0,16.83,2023-11-08,829.1340030884922,2023-11-16,908.76,target3,27,2.5,False
BHEL,2023-11-10,2023-11-16,137.0,129.82,123.31,11.1,2.0,20.02,2023-11-29,164.3638001361803,2023-12-05,178.05,target3,12,2.5,False
PFC,2023-11-10,2023-11-16,278.23,259.29,247.51,12.41,2.0,18.11,2023-12-04,339.6661781412173,2023-12-13,370.38,target3,18,2.5,False
BBTC,2023-10-19,2023-10-23,1446.79,1179.65,1143.19,26.56,2.0,9.53,,,2023-12-15,1345.71,ma_breach,36,-0.333,False
MAPMYINDIA,2023-10-25,2023-10-27,2001.44,1982.11,1863.65,7.39,2.0,29.05,2023-11-16,2277.027658669812,2023-12-21,1991.73,ma_breach_half,37,0.965,False
BLUESTARCO,2023-09-20,2023-09-25,938.38,938.38,794.27,18.14,2.0,13.02,,,2023-12-22,926.69,ma_breach,60,-0.081,False
AMBER,2023-11-03,2023-11-08,3372.0,3155.0,2920.78,15.45,2.0,14.95,,,2023-12-26,3063.0,ma_breach,31,-0.685,False
CDSL,2023-11-08,2023-11-13,904.19,801.02,782.55,15.55,2.0,14.87,,,2024-01-23,889.48,ma_breach,47,-0.121,False
DEEPAKNTR,2023-12-21,2023-12-26,2371.6,2274.7,2162.68,9.66,2.0,22.7,,,2024-01-29,2221.46,ma_breach,22,-0.719,False
EQUITASBNK,2023-12-12,2023-12-15,107.77,103.47,93.7,15.01,2.0,15.32,,,2024-02-05,103.18,ma_breach,33,-0.326,False
AIAENG,2024-01-31,2024-02-05,4429.53,4198.3,3855.6,14.89,2.0,15.44,,,2024-02-08,3855.6,stop,3,-1.0,False
CENTRALBK,2024-02-05,2024-02-08,73.3,67.76,59.41,23.38,2.0,10.55,,,2024-02-12,59.41,stop,2,-1.0,False
OIL,2023-12-19,2023-12-22,238.41,215.78,202.46,17.76,2.0,13.26,2024-02-06,310.3109184493149,2024-02-15,346.26,target3,36,2.5,False
GICRE,2024-01-17,2024-01-23,348.14,306.02,290.03,20.04,2.0,11.98,,,2024-03-13,327.22,ma_breach,34,-0.36,False
EIDPARRY,2024-01-23,2024-01-29,623.9,585.5,559.84,11.44,2.0,19.48,,,2024-03-13,559.84,stop,31,-1.0,False
UCOBANK,2024-02-02,2024-02-06,57.31,49.83,46.98,21.99,2.0,11.09,,,2024-03-13,46.98,stop,25,-1.0,False
SJVN,2024-02-13,2024-02-15,117.55,108.94,96.09,22.33,2.0,10.96,,,2024-03-13,96.09,stop,18,-1.0,False
NIACL,2023-11-24,2023-11-29,224.19,205.51,171.9,30.42,2.0,8.58,,,2024-03-14,214.85,ma_breach,72,-0.179,False
ASTERDM,2023-11-29,2023-12-04,311.73,301.46,252.04,23.68,2.0,10.44,,,2024-03-14,310.41,ma_breach,69,-0.022,False
GRAPHITE,2024-03-07,2024-03-13,619.4,619.4,572.66,8.16,2.0,26.5,,,2024-03-14,572.66,stop,1,-1.0,False
ADANIGREEN,2024-03-14,2024-03-15,1913.0,1913.0,1661.54,15.13,2.0,15.21,,,2024-04-18,1829.7,ma_breach,20,-0.331,False
ADANIPORTS,2023-12-05,2023-12-06,1031.15,1010.73,867.47,18.87,2.0,12.6,2024-04-01,1358.5154106125817,2024-04-22,1303.59,ma_breach_half,90,1.832,False
ASTERDM,2024-04-12,2024-04-18,400.28,376.0,363.82,10.02,2.0,21.95,,,2024-04-25,363.82,stop,5,-1.0,False
REDINGTON,2024-03-12,2024-03-14,195.84,195.84,184.82,5.96,2.0,35.53,2024-04-08,217.89102425817356,2024-05-09,195.75,ma_breach_half,35,0.996,False
DATAPATTNS,2024-03-14,2024-03-15,2398.05,2389.49,2088.36,14.83,2.0,15.49,2024-04-10,3017.423828916597,2024-05-21,3327.11,target3,41,2.5,False
EPIGRAL,2024-04-01,2024-04-02,1329.15,1179.86,1088.48,22.11,2.0,11.05,,,2024-05-30,1206.57,ma_breach,38,-0.509,False
CHAMBLFERT,2024-04-22,2024-04-25,389.44,360.85,353.66,10.12,2.0,21.77,,,2024-06-04,353.66,stop,26,-1.0,False
ZYDUSLIFE,2024-05-16,2024-05-21,1105.65,998.05,969.61,14.03,2.0,16.26,,,2024-06-04,969.61,stop,10,-1.0,False
ADANIENT,2024-05-29,2024-06-03,3720.04,3318.47,3204.51,16.09,2.0,14.43,,,2024-06-04,3204.51,stop,1,-1.0,False
ADANIENSOL,2024-05-30,2024-06-04,1219.75,1107.15,1080.12,12.93,2.0,17.47,,,2024-06-05,1080.12,stop,1,-1.0,True
INDUSTOWER,2024-05-30,2024-06-04,363.0,346.4,338.36,7.28,2.0,29.47,,,2024-06-05,338.36,stop,1,-1.0,True
BIKAJI,2024-05-31,2024-06-05,596.01,596.01,550.98,8.17,2.0,26.47,2024-06-07,686.0792670687556,2024-06-14,731.11,target3,7,2.5,False
HUDCO,2024-05-08,2024-05-09,216.72,216.72,192.69,12.47,2.0,18.03,2024-06-03,264.79466638093913,2024-07-04,288.83,target3,38,2.5,False
ABB,2024-06-12,2024-06-18,9027.85,8213.91,8003.63,12.8,2.0,17.63,,,2024-07-18,8124.82,ma_breach,21,-0.882,False
ASAHIINDIA,2024-07-22,2024-07-24,686.41,657.82,604.1,13.63,2.0,16.68,,,2024-08-05,604.1,stop,8,-1.0,False
VOLTAS,2024-04-03,2024-04-08,1293.93,1209.77,1168.3,10.75,2.0,20.6,2024-07-30,1545.173416903933,2024-08-08,1457.26,ma_breach_half,82,1.65,False
GICRE,2024-07-26,2024-07-31,412.36,412.36,350.21,17.75,2.0,13.27,,,2024-08-08,369.82,ma_breach,6,-0.685,False
TRENT,2024-02-07,2024-02-12,3758.35,3625.58,2944.64,27.63,2.0,9.24,2024-06-18,5385.769018694424,2024-08-09,6199.48,target3,120,2.5,False
ABFRL,2024-06-05,2024-06-07,321.5,311.45,267.93,19.99,2.0,12.0,,,2024-08-09,319.2,ma_breach,43,-0.043,False
KNRCON,2024-05-31,2024-06-05,330.04,330.04,294.76,11.97,2.0,18.71,2024-06-06,400.58929415195513,2024-08-16,349.3,ma_breach_half,49,1.273,False
GODREJCP,2024-06-03,2024-06-06,1380.07,1272.77,1238.41,11.44,2.0,19.48,,,2024-08-16,1324.94,ma_breach,48,-0.389,False
SRF,2024-08-05,2024-08-08,2603.58,2493.61,2405.03,8.26,2.0,26.23,,,2024-09-16,2449.05,ma_breach,26,-0.778,False
CASTROLIND,2024-07-03,2024-07-04,227.87,227.87,193.88,17.53,2.0,13.41,,,2024-09-18,233.05,ma_breach,52,0.152,False
BLS,2024-08-06,2024-08-09,400.12,389.49,355.7,12.49,2.0,18.02,,,2024-09-24,389.13,ma_breach,31,-0.247,False
MAXHEALTH,2024-09-19,2024-09-24,1069.27,997.85,940.02,13.75,2.0,16.55,,,2024-10-03,940.02,stop,6,-1.0,False
SAREGAMA,2024-09-30,2024-10-03,646.07,629.59,548.24,17.84,2.0,13.21,,,2024-10-14,548.24,stop,7,-1.0,False
PCBL,2024-08-01,2024-08-06,381.38,348.54,313.83,21.52,2.0,11.29,2024-09-18,516.4598004052219,2024-10-22,450.44,ma_breach_half,53,1.511,False
BLUESTARCO,2024-09-12,2024-09-17,1941.72,1816.28,1766.98,9.89,2.0,22.22,,,2024-10-28,1841.21,ma_breach,28,-0.575,False
FORTIS,2024-08-12,2024-08-16,523.38,502.81,484.94,7.93,2.0,27.23,2024-09-17,600.2620109215227,2024-11-01,638.7,target3,54,2.5,False
FLUOROCHEM,2024-09-11,2024-09-16,4393.16,4042.89,3855.31,13.95,2.0,16.34,,,2024-11-12,4196.69,ma_breach,40,-0.365,False
ASTRAZEN,2024-10-29,2024-11-01,7574.11,7471.91,6924.38,9.38,2.0,23.31,,,2024-11-14,6924.38,stop,9,-1.0,False
DCMSHRIRAM,2024-11-14,2024-11-18,1298.68,1298.68,1153.61,12.58,2.0,17.9,,,2024-11-26,1153.61,stop,5,-1.0,False
DIXON,2024-09-13,2024-09-18,14043.75,13109.48,12766.96,10.0,2.0,22.0,2024-12-02,16597.326722260757,2024-12-13,17874.12,target3,59,2.5,False
NEULANDLAB,2024-11-11,2024-11-13,15584.09,13945.1,12792.59,21.82,2.0,11.17,,,2024-12-19,14496.15,ma_breach,24,-0.39,False
KFINTECH,2024-11-21,2024-11-26,1100.43,1028.81,995.38,10.55,2.0,20.95,2024-12-18,1310.5320808553552,2024-12-19,1415.58,target3,17,2.5,False
JUBLINGREA,2024-12-10,2024-12-12,841.19,796.46,759.08,10.82,2.0,20.49,,,2024-12-20,759.08,stop,6,-1.0,False
KPRMILL,2024-12-13,2024-12-18,1090.7,1090.7,1000.58,9.01,2.0,24.2,,,2024-12-30,1000.58,stop,7,-1.0,False
TARIL,2024-10-22,2024-10-23,438.82,424.82,385.28,13.9,2.0,16.39,2024-12-12,545.8952090733765,2025-01-02,599.43,target3,48,2.5,False
BAJAJHLDNG,2024-12-27,2024-12-31,12249.24,11180.08,10871.01,12.68,2.0,17.78,,,2025-01-06,10871.01,stop,4,-1.0,False
KEC,2024-12-03,2024-12-05,1264.92,1103.99,1057.26,19.64,2.0,12.18,,,2025-01-08,1057.26,stop,23,-1.0,False
COFORGE,2024-10-23,2024-10-28,1525.43,1512.22,1369.74,11.37,2.0,19.6,2024-12-12,1836.7946740539676,2025-01-16,1700.67,ma_breach_half,55,1.563,False
CRISIL,2024-12-30,2025-01-02,6211.5,5965.92,5396.29,15.11,2.0,15.24,,,2025-01-20,5396.29,stop,12,-1.0,False
VIJAYA,2025-01-03,2025-01-08,1200.63,1146.39,1024.46,17.2,2.0,13.63,,,2025-01-22,1062.31,ma_breach,10,-0.785,False
BLS,2025-01-16,2025-01-20,496.67,451.51,431.58,15.08,2.0,15.26,,,2025-01-24,431.58,stop,4,-1.0,False
ANANTRAJ,2024-12-17,2024-12-20,848.98,842.99,789.31,7.56,2.0,28.46,,,2025-01-27,789.31,stop,25,-1.0,False
AMBER,2024-12-19,2024-12-24,6829.75,6189.0,5869.12,16.37,2.0,14.22,,,2025-01-30,6655.0,ma_breach,26,-0.182,False
BDL,2025-01-28,2025-01-31,1265.61,1234.74,1127.0,12.3,2.0,18.26,,,2025-02-03,1127.0,stop,2,-1.0,False
PTCIL,2025-01-03,2025-01-07,15750.0,14628.0,13256.78,18.81,2.0,12.63,,,2025-02-14,13625.0,ma_breach,29,-0.852,False
WOCKPHARMA,2025-01-31,2025-02-03,1558.45,1416.9,1351.9,15.28,2.0,15.09,,,2025-02-18,1410.25,ma_breach,11,-0.717,False
JKCEMENT,2025-01-21,2025-01-24,4776.45,4638.33,4477.48,6.68,2.0,31.95,,,2025-02-19,4464.25,ma_breach,19,-1.044,False
WIPRO,2025-01-22,2025-01-27,297.91,290.59,280.33,6.27,2.0,33.9,,,2025-02-25,280.33,stop,22,-1.0,False
BAJAJFINSV,2025-02-17,2025-02-19,1896.21,1896.21,1826.17,3.84,2.0,54.15,,,2025-03-03,1826.17,stop,7,-1.0,False
CHOLAHLDNG,2025-02-28,2025-03-03,1668.85,1668.85,1541.24,8.28,2.0,26.16,,,2025-03-17,1541.24,stop,9,-1.0,False
ABBOTINDIA,2025-02-24,2025-02-25,29439.97,29439.97,28118.34,4.7,2.0,44.55,,,2025-04-07,28118.34,stop,26,-1.0,True
NAVA,2025-03-26,2025-04-01,508.97,491.34,456.27,11.55,2.0,19.32,,,2025-04-07,456.27,stop,4,-1.0,True
PNBHOUSING,2025-04-04,2025-04-08,960.11,960.11,923.96,3.91,2.0,53.12,,,2025-04-09,923.96,stop,1,-1.0,False
GODFRYPHLP,2025-03-11,2025-03-17,1872.57,1744.31,1646.74,13.71,2.0,16.58,2025-04-01,2324.2326648450758,2025-04-22,2550.06,target3,22,2.5,False
AAVAS,2025-04-07,2025-04-09,2061.05,2025.0,1672.53,23.23,2.0,10.61,,,2025-05-07,1740.0,ma_breach,16,-0.826,False
ASTRAZEN,2025-04-07,2025-04-09,8052.48,8052.48,7169.44,12.32,2.0,18.24,,,2025-05-14,8162.1,ma_breach,21,0.124,False
NH,2025-02-25,2025-03-03,1511.14,1511.14,1382.86,9.28,2.0,23.56,2025-04-15,1767.711626073222,2025-06-09,1762.85,ma_breach_half,64,1.981,False
COROMANDEL,2025-04-07,2025-04-09,2047.57,1993.54,1838.93,11.35,2.0,19.63,2025-05-13,2464.8450045404543,2025-06-18,2294.31,ma_breach_half,46,1.591,False
INDIGO,2025-05-09,2025-05-14,5515.68,5114.86,4878.36,13.06,2.0,17.31,,,2025-06-18,5299.04,ma_breach,25,-0.34,False
AIIL,2025-05-09,2025-05-13,383.91,351.9,329.91,16.37,2.0,14.22,2025-06-03,491.90608312799753,2025-06-25,545.9,target3,31,2.5,False
NH,2025-06-13,2025-06-18,1926.46,1926.46,1782.31,8.09,2.0,26.73,2025-06-27,2214.7603432435394,2025-06-27,2358.91,target3,7,2.5,False
COROMANDEL,2025-06-24,2025-06-27,2401.38,2401.38,2280.02,5.32,2.0,39.57,,,2025-07-02,2280.02,stop,3,-1.0,False
BHARTIHEXA,2025-04-16,2025-04-22,1642.05,1525.0,1480.85,10.89,2.0,20.37,2025-06-27,1964.4580337109974,2025-07-11,1782.18,ma_breach_half,57,1.435,False
BDL,2025-06-27,2025-07-02,1977.16,1899.47,1818.26,8.74,2.0,24.89,,,2025-07-14,1818.26,stop,8,-1.0,False
SBFC,2025-07-09,2025-07-14,118.5,113.97,110.54,7.2,2.0,29.77,,,2025-07-25,110.54,stop,9,-1.0,False
CHOLAHLDNG,2025-04-08,2025-04-15,1812.75,1745.45,1571.79,15.33,2.0,15.05,,,2025-07-30,1911.18,ma_breach,74,0.409,False
JKCEMENT,2025-06-04,2025-06-09,5925.73,5591.54,5425.99,9.21,2.0,23.72,2025-08-05,6925.216909457209,2025-08-19,7424.96,target3,50,2.5,False
EIDPARRY,2025-06-27,2025-07-02,1116.4,1070.0,1012.54,10.26,2.0,21.5,,,2025-09-01,1105.0,ma_breach,41,-0.11,False
JMFINANCIL,2025-08-11,2025-08-14,181.22,162.68,148.83,21.76,2.0,11.19,,,2025-09-24,168.82,ma_breach,27,-0.383,False
FORTIS,2025-07-22,2025-07-25,844.35,816.83,793.62,6.39,2.0,33.29,2025-08-13,945.8178111652771,2025-10-01,996.55,target3,46,2.5,False
GODFRYPHLP,2025-08-04,2025-08-07,3666.02,3016.56,2872.74,27.61,2.0,9.24,,,2025-10-10,3300.38,ma_breach,43,-0.461,False
TATAINVEST,2025-09-26,2025-10-01,1060.53,887.03,812.29,30.56,2.0,8.54,,,2025-10-20,812.29,stop,12,-1.0,False
TVSMOTOR,2025-08-13,2025-08-19,3208.78,3034.19,2950.52,8.75,2.0,24.85,,,2025-11-10,3439.08,ma_breach,55,0.892,False
ADANIPOWER,2025-09-19,2025-09-24,163.25,144.6,132.94,22.8,2.0,10.77,,,2025-11-21,151.0,ma_breach,39,-0.404,False
ASTERDM,2025-08-29,2025-09-03,631.63,604.85,567.0,11.4,2.0,19.54,,,2025-11-24,647.36,ma_breach,55,0.243,False
GVT&D,2025-07-29,2025-07-31,2721.81,2496.33,2365.49,15.06,2.0,15.28,,,2025-11-26,2863.8,ma_breach,79,0.398,False
CHENNPETRO,2025-11-04,2025-11-10,1013.97,989.16,936.39,8.29,2.0,26.14,,,2025-11-26,936.39,stop,12,-1.0,False
NH,2025-11-19,2025-11-24,2043.5,2030.0,1920.78,6.39,2.0,33.3,,,2025-12-01,1920.78,stop,5,-1.0,False
NBCC,2025-11-24,2025-11-26,118.75,118.75,112.4,5.64,2.0,37.43,,,2025-12-03,112.4,stop,5,-1.0,False
NESTLEIND,2025-10-15,2025-10-20,1282.58,1218.42,1168.02,9.81,2.0,22.39,,,2025-12-08,1240.2,ma_breach,33,-0.37,False
NUVAMA,2025-11-26,2025-12-01,1478.86,1455.98,1379.91,7.17,2.0,29.89,,,2025-12-08,1420.12,ma_breach,5,-0.594,False
APLAPOLLO,2025-12-03,2025-12-08,1776.9,1757.4,1713.88,3.68,2.0,56.4,,,2025-12-11,1713.88,stop,3,-1.0,False
HINDZINC,2025-11-28,2025-12-03,491.03,480.42,467.87,4.95,2.0,42.41,2025-12-12,537.3361582071948,2025-12-15,560.49,target3,8,2.5,False
NAVINFLUOR,2025-12-09,2025-12-12,6032.74,5733.1,5428.03,11.14,2.0,19.95,,,2026-01-09,5743.09,ma_breach,19,-0.479,False
ADANIENSOL,2025-12-09,2025-12-11,986.0,976.95,945.4,4.29,2.0,48.58,2026-01-02,1067.1927487792968,2026-01-12,945.4,stop_half,21,0.5,False
GMRAIRPORT,2025-12-12,2025-12-15,104.74,104.74,98.13,6.73,2.0,31.7,,,2026-01-12,98.13,stop,19,-1.0,False
AIAENG,2025-12-30,2026-01-02,4080.0,4080.0,3753.04,8.71,2.0,24.96,,,2026-01-20,3753.04,stop,11,-1.0,False
BSE,2026-01-07,2026-01-12,2757.9,2757.9,2682.32,2.82,2.0,72.97,,,2026-01-20,2682.32,stop,6,-1.0,False
FORCEMOT,2026-01-16,2026-01-20,21260.0,20710.0,20134.85,5.59,2.0,37.79,,,2026-01-21,20134.85,stop,1,-1.0,False
BANKINDIA,2026-01-16,2026-01-20,157.89,152.6,148.45,6.36,2.0,33.43,,,2026-02-02,148.45,stop,8,-1.0,True
TECHM,2026-01-16,2026-01-21,1680.7,1680.7,1598.4,5.15,2.0,40.84,2026-02-03,1845.2998535156248,2026-02-04,1598.4,stop_half,9,0.5,False
CUB,2026-01-30,2026-02-03,243.0,228.52,216.53,12.22,2.0,18.36,,,2026-02-09,216.53,stop,4,-1.0,False
BSOFT,2026-02-05,2026-02-10,465.0,465.0,434.56,7.0,2.0,30.56,,,2026-02-12,434.56,stop,2,-1.0,False
BSE,2026-02-09,2026-02-12,3169.0,2997.7,2913.08,8.79,2.0,24.77,,,2026-02-16,2913.08,stop,2,-1.0,True
FORCEMOT,2026-01-30,2026-02-04,20008.0,19400.0,18111.87,10.47,2.0,21.1,2026-02-11,23800.260000000002,2026-02-17,25696.39,target3,9,2.5,False
GESHIP,2026-01-28,2026-02-02,1173.71,1173.71,1100.94,6.61,2.0,32.26,2026-02-10,1319.2654601173524,2026-03-05,1392.04,target3,22,2.5,False
CHENNPETRO,2026-02-27,2026-03-05,1010.99,965.35,902.99,11.96,2.0,18.72,,,2026-03-11,902.99,stop,4,-1.0,False
FEDERALBNK,2026-01-16,2026-01-20,278.4,278.4,247.2,12.62,2.0,17.85,,,2026-03-12,265.75,ma_breach,35,-0.405,False
GLENMARK,2026-03-06,2026-03-11,2243.0,2138.0,2092.31,7.2,2.0,29.77,,,2026-03-19,2092.31,stop,6,-1.0,False
GVT&D,2026-03-17,2026-03-19,3768.6,3713.7,3484.11,8.17,2.0,26.49,,,2026-03-23,3484.11,stop,2,-1.0,False
ASTRAL,2026-02-09,2026-02-12,1594.9,1498.3,1458.64,9.34,2.0,23.41,,,2026-04-02,1458.64,stop,32,-1.0,False
BHARATFORG,2026-02-12,2026-02-17,1754.89,1754.89,1616.13,8.59,2.0,25.29,,,2026-04-02,1616.13,stop,29,-1.0,False
KIRLOSENG,2026-03-24,2026-03-27,1378.0,1335.0,1253.65,9.92,2.0,22.16,2026-04-16,1626.7097512207033,2026-05-04,1751.06,target3,23,2.5,False
CHENNPETRO,2026-03-12,2026-03-17,973.29,952.45,861.65,12.96,2.0,17.44,,,2026-05-20,982.4,ma_breach,42,0.082,False
NATIONALUM,2026-03-27,2026-04-02,393.99,373.14,359.85,9.49,2.0,23.08,,,2026-05-21,407.0,ma_breach,33,0.381,False
GESHIP,2026-05-18,2026-05-21,1718.2,1718.2,1521.92,12.9,2.0,17.51,,,2026-05-27,1521.92,stop,4,-1.0,False
WELCORP,2026-04-10,2026-04-16,1061.48,963.8,944.12,12.43,2.0,18.09,2026-05-07,1296.1922150770492,2026-06-03,1413.55,target3,34,2.5,False
ACMESOLAR,2026-03-27,2026-04-02,274.0,274.0,250.91,9.2,2.0,23.73,2026-06-01,320.18231268310547,2026-06-04,343.27,target3,43,2.5,False
NMDC,2026-06-01,2026-06-03,96.1,93.7,87.41,9.94,2.0,22.12,,,2026-06-16,87.41,stop,9,-1.0,False
RRKABEL,2026-05-04,2026-05-07,1807.54,1794.48,1596.67,13.21,2.0,17.14,2026-06-04,2229.284845648367,2026-06-24,2440.16,target3,34,2.5,False
SAILIFE,2026-05-15,2026-05-20,1125.4,1118.7,948.35,18.67,2.0,12.71,,,2026-06-29,1247.9,eos,27,0.692,False
MINDACORP,2026-05-22,2026-05-27,596.95,590.0,531.52,12.31,2.0,18.25,,,2026-06-29,672.4,eos,22,1.153,False
NETWEB,2026-05-29,2026-06-01,4760.0,4760.0,4046.15,17.64,2.0,13.34,,,2026-06-29,4454.8,eos,20,-0.428,False
CHENNPETRO,2026-06-01,2026-06-04,1184.0,1114.2,1059.14,11.79,2.0,18.97,,,2026-06-29,1153.8,eos,16,-0.242,False
ABDL,2026-06-11,2026-06-16,624.1,606.75,554.64,12.52,2.0,17.97,,,2026-06-29,659.5,eos,9,0.51,False
