tkr,entry_date,entry,stop0,risk_pct,entry_to_stop_pct,half_date,half_px,exit_date,exit_px,reason,held_weeks,R,net_pnl,stt_paid
LAXMIMACH,2017-01-02,3814.38,3666.27,2.0,4.04,,,2017-02-20,3547.57,stop,7,-1.801,-42291.42,994.11
GREENPLY,2017-01-02,250.87,231.01,2.0,8.6,,,2017-04-03,274.46,time,13,1.188,20422.7,529.12
GAYAPROJ,2017-01-02,128.13,114.2,2.0,12.2,,,2017-04-03,138.2,time,13,0.723,12042.9,382.28
EROSMEDIA,2017-02-27,211.5,197.6,2.0,7.03,2017-03-27,268.8,2017-05-02,218.6,trail,9,1.255,45867.29,682.16
AVANTIFEED,2017-02-20,177.73,168.18,2.0,5.68,2017-02-27,202.64,2017-05-22,421.67,time,13,13.776,274089.76,1022.3
GREENPLY,2017-04-03,274.46,262.49,2.0,4.56,,,2017-06-05,256.2,stop,9,-1.526,-41320.3,1015.06
ALLCARGO,2017-05-02,39.93,36.65,2.0,8.94,,,2017-06-05,36.68,stop,5,-0.99,-24372.19,531.2
SUVEN,2017-06-05,6.52,6.22,2.0,4.86,,,2017-06-27,6.05,stop,3,-1.56,-45718.06,1043.42
EROSMEDIA,2017-05-29,217.5,205.0,2.0,6.1,2017-06-19,244.7,2017-07-03,217.45,trail,5,0.998,24989.6,933.75
HCC,2017-06-05,39.03,34.81,2.0,12.11,,,2017-08-14,31.4,stop,10,-1.809,-46847.16,419.1
COFFEEDAY,2017-07-03,249.7,240.1,2.0,4.0,,,2017-08-14,242.7,stop,6,-0.729,-26841.49,1308.31
GVKPIL,2017-06-27,6.65,6.05,2.0,9.92,2017-07-03,8.9,2017-08-28,11.95,trail,9,5.417,148555.21,690.81
COFFEEDAY,2017-09-07,246.0,237.3,2.0,3.67,,,2017-09-25,219.9,stop,3,-3.0,-86790.72,1392.65
GAYAPROJ,2017-07-10,166.98,142.48,2.0,17.2,,,2017-10-09,178.43,time,13,0.467,10600.83,357.7
EROSMEDIA,2017-10-09,228.8,211.1,2.0,8.38,,,2017-11-13,200.9,stop,5,-1.576,-40742.63,595.4
SUVEN,2017-09-18,6.22,5.45,2.0,14.19,,,2017-12-18,6.39,time,13,0.228,3223.36,419.9
QUESS,2017-10-03,742.95,703.18,2.0,5.66,2017-12-11,879.83,2018-01-01,1026.26,time,13,4.561,123359.28,1031.14
RUPA,2017-10-03,391.42,350.51,2.0,11.67,,,2018-01-01,443.05,time,13,1.262,27408.3,493.27
GREENPLY,2017-11-13,305.79,278.52,2.0,9.79,2018-01-08,368.8,2018-02-05,320.36,trail,12,1.267,30472.11,571.37
BAYERCROP,2018-01-01,3815.62,3646.86,2.0,4.63,,,2018-02-05,3530.51,stop,5,-1.689,-53279.57,1181.1
CROMPTON,2018-02-05,229.59,217.6,2.0,5.51,,,2018-02-19,213.38,stop,2,-1.352,-38602.95,963.08
CAPLIPOINT,2018-02-19,626.22,586.92,2.0,6.7,,,2018-03-05,575.72,stop,2,-1.285,-37091.06,767.66
ALKEM,2017-12-11,2000.56,1813.92,2.0,10.29,,,2018-03-12,2065.21,time,13,0.346,7007.21,565.04
AARTIIND,2017-12-26,267.43,215.14,2.0,24.31,,,2018-03-26,249.43,time,13,-0.344,-10064.86,262.56
PRSMJOHNSN,2018-01-08,134.9,110.59,2.0,21.98,,,2018-03-26,107.72,stop,11,-1.118,-32467.69,281.07
CENTURYPLY,2018-03-05,322.85,302.08,2.0,6.88,,,2018-03-26,297.85,stop,3,-1.204,-32323.95,738.29
BAJAJELEC,2018-02-12,484.94,356.77,2.0,35.92,,,2018-05-14,560.04,time,13,0.586,14554.09,212.88
CHAMBLFERT,2018-02-12,129.41,104.79,2.0,23.49,,,2018-05-14,144.63,time,13,0.618,15125.31,290.65
IBVENTURES,2018-03-12,263.45,236.5,2.0,11.4,2018-04-16,313.5,2018-05-21,425.6,trail,10,4.008,94610.63,570.58
ASHOKA,2018-03-26,159.14,149.67,2.0,6.33,2018-04-30,185.83,2018-05-28,174.47,trail,9,1.809,48247.39,825.99
JPASSOCIAT,2018-03-19,20.95,13.95,2.0,50.18,,,2018-06-18,14.4,time,13,-0.936,-23095.6,123.45
HONAUT,2018-04-02,16612.55,14744.91,2.0,12.67,,,2018-07-02,18178.46,time,13,0.838,16862.62,435.62
NCC,2018-05-28,106.87,86.73,2.0,23.23,,,2018-07-02,87.53,stop,5,-0.96,-25920.09,255.95
BBTC,2018-04-23,1494.38,1216.61,2.0,22.83,,,2018-07-23,1435.89,time,13,-0.211,-6266.01,287.96
YESBANK,2018-04-30,343.42,302.42,2.0,13.56,,,2018-07-30,366.97,time,13,0.574,15412.35,491.79
ELGIEQUIP,2018-05-14,140.86,120.1,2.0,17.28,,,2018-08-13,140.38,time,13,-0.023,-3003.9,376.08
BAJFINANCE,2018-05-21,205.7,178.39,2.0,15.3,2018-07-23,263.74,2018-08-20,279.06,time,13,2.344,63952.05,470.52
JUSTDIAL,2018-05-28,504.0,401.15,2.0,25.64,,,2018-08-27,558.0,time,13,0.525,13432.4,273.87
BBTC,2018-08-27,1892.39,1526.64,2.0,23.96,,,2018-09-24,1486.94,stop,4,-1.109,-31847.93,261.52
EIHOTEL,2018-07-02,162.28,145.81,2.0,11.3,,,2018-10-01,142.59,stop,13,-1.195,-34249.41,483.12
UBL,2018-08-20,1342.25,1149.12,2.0,16.81,,,2018-10-08,1095.94,stop,7,-1.275,-37173.56,361.53
3MINDIA,2018-07-23,21785.11,18158.42,2.0,19.97,,,2018-10-22,20438.05,time,13,-0.371,-11936.09,320.83
STRTECH,2018-07-27,314.46,270.17,2.0,16.39,,,2018-10-29,329.18,time,13,0.332,8397.22,398.66
ALKEM,2018-07-30,1956.42,1691.86,2.0,15.64,,,2018-10-29,1791.24,time,13,-0.624,-18607.98,391.13
VENKEYS,2018-08-08,2953.82,2004.72,2.0,47.34,,,2018-11-05,2787.97,time,13,-0.175,-5138.01,167.44
VINATIORGA,2018-08-13,625.07,483.05,2.0,29.4,,,2018-11-12,735.97,time,13,0.781,21131.21,270.96
TEAMLEASE,2018-09-24,2530.0,1989.65,2.0,27.16,,,2018-12-24,2928.0,time,13,0.737,18489.78,266.34
HAVELLS,2018-10-08,561.41,526.41,2.0,6.65,2018-11-19,640.92,2019-01-07,649.8,time,13,2.263,55908.23,825.02
COFORGE,2018-10-22,230.9,193.34,2.0,19.43,,,2019-01-21,225.95,time,13,-0.132,-3801.45,300.7
AIAENG,2018-10-29,1622.42,1413.16,2.0,14.81,,,2019-01-28,1536.26,time,13,-0.412,-11586.4,376.47
BAJFINANCE,2018-10-29,226.79,193.69,2.0,17.09,,,2019-01-28,253.08,time,13,0.794,19157.11,361.59
ASTRAL,2018-11-19,459.49,418.73,2.0,9.74,,,2019-02-18,504.57,time,13,1.106,27325.86,631.76
MUTHOOTFIN,2018-12-11,402.62,340.67,2.0,18.19,,,2019-03-11,501.86,time,13,1.602,41893.88,388.22
NAUKRI,2019-01-07,306.13,272.45,2.0,12.36,,,2019-04-08,357.48,time,13,1.525,41017.03,555.22
COFORGE,2019-01-28,239.19,223.81,2.0,6.87,,,2019-04-30,242.13,time,13,0.192,3809.48,881.65
ADANIPOWER,2019-02-18,7.87,6.67,2.0,17.99,2019-04-15,10.65,2019-04-30,9.71,trail,10,1.767,54485.23,431.81
SUVEN,2019-02-11,9.5,7.88,2.0,20.55,,,2019-05-13,11.99,time,13,1.537,42909.05,381.88
AUROPHARMA,2019-04-30,798.22,743.14,2.0,7.41,,,2019-05-13,715.48,stop,2,-1.502,-48935.94,866.76
ASTRAL,2019-03-11,538.38,482.32,2.0,11.62,,,2019-06-10,593.11,time,13,0.976,28419.02,633.39
INTELLECT,2019-04-08,223.32,202.57,2.0,10.24,2019-06-17,269.54,2019-07-08,258.52,time,13,1.848,59217.25,739.89
BLUESTARCO,2019-05-13,353.36,320.46,2.0,10.26,,,2019-08-13,345.78,time,13,-0.23,-9212.27,642.46
BRIGADE,2019-05-13,115.23,106.48,2.0,8.22,2019-07-22,130.4,2019-08-13,131.0,time,13,1.901,48069.13,849.37
OBEROIRLTY,2019-06-24,542.57,491.53,2.0,10.38,,,2019-08-26,458.61,stop,9,-1.645,-56169.37,642.95
APOLLOHOSP,2019-06-10,1371.67,1217.84,2.0,12.63,,,2019-09-09,1469.64,time,13,0.637,19936.69,610.01
DEN,2019-08-26,97.0,66.0,2.0,46.97,,,2019-09-23,62.15,stop,4,-1.124,-36590.86,163.15
INDIGO,2019-07-22,1474.93,1287.63,2.0,14.55,,,2019-10-22,1716.1,time,13,1.288,41610.28,563.99
VBL,2019-07-29,57.46,44.9,2.0,27.99,,,2019-10-29,54.74,time,13,-0.217,-8258.02,297.54
ABFRL,2019-08-13,203.6,179.89,2.0,13.18,,,2019-11-11,202.17,time,13,-0.06,-3931.84,559.9
BLUESTARCO,2019-08-13,345.78,305.29,2.0,13.26,,,2019-11-11,382.84,time,13,0.915,26228.88,588.61
ELGIEQUIP,2019-09-30,145.95,125.52,2.0,16.28,,,2019-11-25,120.65,stop,8,-1.238,-46199.84,456.56
DIXON,2019-09-03,536.16,448.46,2.0,19.56,,,2019-12-02,664.92,time,13,1.468,45847.21,442.1
BPCL,2019-09-11,121.85,109.76,2.0,11.01,2019-09-30,151.59,2019-12-09,156.3,trail,13,2.425,83650.51,730.05
BIRLACORPN,2019-11-11,601.64,560.04,2.0,7.43,,,2019-12-30,560.9,stop,7,-0.979,-38099.47,963.62
GODFRYPHLP,2019-10-22,324.12,289.17,2.0,12.09,2020-01-06,394.44,2020-01-20,435.66,time,13,2.596,88990.46,744.6
NMDC,2019-12-09,18.24,16.71,2.0,9.2,2020-01-20,22.07,2020-02-03,17.35,trail,8,0.709,30637.23,874.23
VBL,2019-11-11,65.13,54.23,2.0,20.1,,,2020-02-10,73.62,time,13,0.779,25318.26,438.85
ADVENZYMES,2020-01-20,172.64,156.79,2.0,10.11,,,2020-02-17,155.14,stop,4,-1.104,-46940.37,786.21
INFIBEAM,2019-11-26,12.95,10.85,2.0,19.35,,,2020-02-24,14.7,time,13,0.833,27602.49,461.65
JAICORPLTD,2020-01-06,97.43,82.19,2.0,18.54,,,2020-03-02,80.97,stop,8,-1.08,-40682.0,424.89
BALRAMCHIN,2020-02-17,165.86,148.81,2.0,11.46,,,2020-03-02,137.33,stop,2,-1.673,-65086.05,666.81
ATGL,2020-02-24,189.07,162.25,2.0,16.53,,,2020-03-02,139.65,stop,1,-1.842,-71262.79,463.22
ORIENTREF,2020-03-02,221.5,210.81,2.0,5.07,,,2020-03-09,183.17,stop,1,-3.586,-127327.47,1260.46
AARTIIND,2019-12-30,410.5,374.84,2.0,9.51,2020-02-03,470.33,2020-03-16,422.8,trail,11,1.172,33134.34,858.85
CROMPTON,2020-02-03,264.67,242.77,2.0,9.02,,,2020-03-16,224.21,stop,6,-1.848,-73476.03,851.74
ABFRL,2020-02-10,258.55,221.0,2.0,16.99,,,2020-03-23,165.6,stop,6,-2.475,-96672.97,434.19
BIOCON,2020-03-09,301.98,275.35,2.0,9.67,,,2020-03-23,251.44,stop,2,-1.898,-60947.35,654.53
BAYERCROP,2020-03-16,3469.23,2882.41,2.0,20.36,,,2020-03-30,2756.6,stop,2,-1.214,-35702.01,302.65
RATNAMANI,2020-03-16,816.59,614.69,2.0,32.85,,,2020-03-30,568.09,stop,2,-1.231,-36148.79,195.65
MRF,2020-03-16,61376.14,55466.21,2.0,10.66,,,2020-04-07,55931.48,stop,3,-0.921,-27300.24,566.24
FINEORG,2020-03-16,2149.84,1704.26,2.0,26.14,,,2020-06-15,1944.34,time,13,-0.461,-14545.72,262.12
ALKYLAMINE,2020-03-23,430.95,400.28,2.0,7.66,2020-04-13,552.48,2020-06-22,812.99,time,13,7.228,204167.57,917.29
DIVISLAB,2020-03-23,1794.52,1582.18,2.0,13.42,2020-04-13,2313.54,2020-06-22,2265.04,time,13,2.108,57989.2,485.86
AJANTPHARM,2020-03-30,762.17,601.85,2.0,26.64,,,2020-06-29,905.59,time,13,0.895,20886.4,253.19
METROPOLIS,2020-03-30,335.51,244.42,2.0,37.27,,,2020-06-29,347.43,time,13,0.131,2548.13,182.49
INDOCO,2020-04-07,217.3,166.4,2.0,30.59,,,2020-07-06,199.97,time,13,-0.34,-9364.41,195.83
ASTRAZEN,2020-04-07,2487.41,2037.21,2.0,22.1,2020-07-06,3487.2,2020-07-13,3396.22,time,14,2.009,49532.97,314.59
APLLTD,2020-04-13,641.32,516.12,2.0,24.26,,,2020-07-13,892.83,time,13,2.009,54074.54,337.03
BHARTIARTL,2020-04-13,469.35,414.05,2.0,13.36,,,2020-07-13,549.17,time,13,1.443,38786.19,506.57
GRSE,2020-06-17,170.78,136.48,2.0,25.13,,,2020-09-14,166.19,time,13,-0.134,-5381.95,314.27
BAJAJELEC,2020-06-22,384.3,355.85,2.0,8.0,2020-08-31,491.98,2020-09-14,429.69,trail,12,1.798,83261.2,956.37
ADANIENSOL,2020-06-29,271.1,222.2,2.0,22.01,,,2020-09-28,249.7,time,13,-0.438,-14567.78,339.65
APLAPOLLO,2020-07-06,175.58,150.43,2.0,16.72,2020-08-24,232.69,2020-10-05,294.73,time,13,3.368,109478.1,555.44
COFORGE,2020-07-13,299.37,267.56,2.0,11.89,2020-08-10,374.57,2020-10-12,463.19,time,13,3.575,117823.54,715.82
HINDCOPPER,2020-07-13,38.15,32.12,2.0,18.76,,,2020-10-12,31.97,stop,13,-1.024,-33756.31,368.88
BLISSGVS,2020-08-10,126.56,103.62,2.0,22.13,,,2020-11-09,163.94,time,13,1.63,54808.28,437.82
GMRAIRPORT,2020-08-24,22.16,18.69,2.0,18.55,,,2020-11-23,22.75,time,13,0.169,5375.28,478.27
AEGISLOG,2020-08-31,206.05,178.23,2.0,15.61,,,2020-12-01,245.22,time,13,1.408,52244.26,627.16
BLUEDART,2020-09-14,2817.11,2259.56,2.0,24.68,2020-11-17,4098.51,2020-12-14,3795.28,time,13,1.877,72473.74,443.19
INDOCO,2020-09-21,269.46,217.79,2.0,23.73,,,2020-12-21,266.53,time,13,-0.057,-3511.25,390.81
CROMPTON,2020-10-05,277.95,244.48,2.0,13.69,2020-12-21,354.38,2021-01-04,365.54,time,13,2.309,92545.24,739.97
ASAHIINDIA,2020-10-13,222.71,203.0,2.0,9.71,2020-12-07,269.86,2021-01-11,288.73,time,13,2.675,102764.95,965.61
MASFIN,2020-11-17,320.07,261.74,2.0,22.29,,,2021-02-15,275.15,time,13,-0.77,-33719.33,412.32
HATHWAY,2020-11-23,31.85,28.0,2.0,13.75,,,2021-02-22,29.7,time,13,-0.558,-26908.99,652.64
IGL,2020-12-01,224.91,196.31,2.0,14.57,,,2021-03-01,221.79,time,13,-0.109,-5770.97,656.89
IRCTC,2020-12-07,302.83,257.27,2.0,17.71,,,2021-03-08,374.47,time,13,1.573,68232.77,656.19
CAPLIPOINT,2020-12-28,498.22,440.18,2.0,13.18,,,2021-03-22,416.61,stop,12,-1.406,-63453.2,684.51
IRCON,2021-02-15,44.61,35.33,2.0,26.26,,,2021-03-22,35.11,stop,5,-1.024,-47098.72,383.79
COALINDIA,2021-03-01,99.19,86.18,2.0,15.1,,,2021-03-30,86.43,stop,4,-0.98,-42523.79,602.98
STARCEMENT,2021-01-04,102.82,88.34,2.0,16.4,,,2021-04-05,97.31,time,13,-0.38,-18822.83,607.01
INGERRAND,2021-01-11,682.83,559.89,2.0,21.96,,,2021-04-12,658.15,time,13,-0.201,-10744.12,490.49
INFIBEAM,2021-03-30,23.82,20.25,2.0,17.65,,,2021-04-26,20.25,stop,4,-1.0,-39916.06,481.43
CENTRALBK,2021-02-22,19.42,13.35,2.0,45.49,,,2021-05-24,18.02,time,13,-0.23,-10447.6,267.05
TCNSBRANDS,2021-02-22,508.0,396.4,2.0,28.15,,,2021-05-24,559.0,time,13,0.457,18340.62,414.03
CCL,2021-03-08,245.19,220.09,2.0,11.4,2021-05-10,308.11,2021-06-07,350.15,time,13,3.091,138381.18,972.97
ITC,2021-03-22,170.88,154.28,2.0,10.76,,,2021-06-21,159.92,time,13,-0.66,-28063.76,803.08
IRCON,2021-04-05,37.79,33.85,2.0,11.66,,,2021-07-05,40.9,time,13,0.787,29905.13,793.5
IDEA,2021-06-21,10.4,9.05,2.0,14.92,,,2021-07-05,8.8,stop,2,-1.185,-52616.95,618.05
GUJALKALI,2021-04-12,373.68,305.62,2.0,22.27,,,2021-07-12,399.85,time,13,0.385,13696.05,451.43
AUROPHARMA,2021-07-05,977.38,924.37,2.0,5.73,,,2021-07-12,928.16,stop,1,-0.929,-42662.95,1543.98
ASTRAZEN,2021-04-26,4258.17,3406.28,2.0,25.01,,,2021-07-26,3464.73,time,13,-0.931,-36990.57,353.85
IFBIND,2021-07-12,1074.0,1011.0,2.0,6.23,,,2021-08-02,1002.05,stop,3,-1.142,-54926.51,1402.72
BSE,2021-05-10,74.1,61.97,2.0,19.56,2021-07-05,101.19,2021-08-09,130.32,time,13,3.319,137366.38,636.17
BOSCHLTD,2021-05-24,14316.59,12774.02,2.0,12.08,,,2021-08-23,12896.18,time,13,-0.921,-40667.63,753.16
CREDITACC,2021-06-07,742.81,617.11,2.0,20.37,,,2021-09-06,685.07,time,13,-0.459,-22044.33,501.7
AUBANK,2021-07-12,592.51,508.33,2.0,16.56,,,2021-10-11,607.96,time,13,0.184,6718.85,607.05
CSBBANK,2021-07-26,350.0,274.4,2.0,27.55,,,2021-10-25,309.9,time,13,-0.53,-23751.27,369.57
CANBK,2021-08-02,26.19,24.05,2.0,8.87,2021-10-18,33.14,2021-11-01,36.39,time,13,3.393,166829.73,1200.26
CHOLAFIN,2021-08-09,522.66,465.82,2.0,12.2,,,2021-11-08,609.53,time,13,1.528,62687.71,836.64
ASTERDM,2021-08-23,148.78,121.22,2.0,22.74,,,2021-11-22,149.8,time,13,0.037,704.69,436.42
SANOFI,2021-08-30,7011.69,5628.94,2.0,24.57,,,2021-11-29,6501.17,time,13,-0.369,-16435.85,398.15
ZEEL,2021-09-20,242.11,174.64,2.0,38.64,,,2021-12-20,325.44,time,13,1.235,51442.47,354.72
BOSCHLTD,2021-10-11,16661.93,14401.99,2.0,15.69,,,2022-01-10,16085.11,time,13,-0.255,-12271.96,632.11
UNIONBANK,2021-10-18,39.12,32.47,2.0,20.48,,,2022-01-17,39.17,time,13,0.006,-668.07,535.14
IRCON,2021-10-25,46.64,39.46,2.0,18.21,,,2022-01-24,41.44,time,13,-0.723,-34735.01,555.81
ASAHIINDIA,2021-11-01,434.7,341.17,2.0,27.41,,,2022-01-31,573.15,time,13,1.48,64810.01,484.14
AMBER,2021-11-08,3540.0,3100.0,2.0,14.19,,,2022-02-07,3657.7,time,13,0.267,9632.28,749.45
BALAMINES,2021-11-24,3194.27,2835.72,2.0,12.64,,,2022-02-21,2924.72,time,13,-0.752,-36939.95,776.85
ELGIEQUIP,2021-11-29,261.51,205.26,2.0,27.4,2022-02-07,413.48,2022-02-28,323.43,trail,13,1.55,82369.93,495.41
ALOKINDS,2022-01-10,26.85,24.1,2.0,11.41,,,2022-02-28,23.5,stop,7,-1.218,-59891.36,876.45
CHOLAFIN,2022-01-24,654.13,581.78,2.0,12.44,,,2022-04-25,704.97,time,13,0.703,33378.86,937.28
MASTEK,2022-02-28,2671.43,2409.59,2.0,10.87,2022-04-04,3256.07,2022-04-25,2836.4,trail,8,1.315,62530.3,1007.69
AXISBANK,2022-01-31,772.23,685.34,2.0,12.68,,,2022-05-02,719.0,time,13,-0.613,-30605.91,816.29
AMBER,2022-02-07,3657.7,3153.6,2.0,15.98,,,2022-05-09,3725.05,time,13,0.134,4207.97,748.4
AFFLE,2022-02-21,1175.1,1069.95,2.0,9.83,,,2022-05-16,1045.0,stop,12,-1.237,-61269.5,1014.38
DCMSHRIRAM,2022-04-04,1156.67,994.46,2.0,16.31,,,2022-05-16,953.1,stop,6,-1.255,-64704.83,647.12
ALOKINDS,2022-05-02,25.6,23.4,2.0,9.4,,,2022-05-16,22.55,stop,2,-1.386,-69368.48,1064.85
BLUEDART,2022-05-16,6954.47,6512.48,2.0,6.79,,,2022-06-20,6448.48,stop,5,-1.145,-55624.19,1316.49
BANDHANBNK,2022-05-16,316.73,292.11,2.0,8.43,,,2022-06-27,282.63,stop,6,-1.385,-62028.01,1056.93
ACC,2022-04-25,2212.4,1987.97,2.0,11.29,,,2022-07-25,2160.23,time,13,-0.232,-12999.3,946.77
ABB,2022-05-09,2209.51,1960.61,2.0,12.69,,,2022-08-08,2641.88,time,13,1.737,77903.37,892.14
ASAHIINDIA,2022-06-20,458.32,416.32,2.0,10.09,2022-07-11,567.02,2022-08-16,545.43,trail,8,2.037,92461.58,999.05
VIPIND,2022-06-21,596.45,500.61,2.0,19.14,,,2022-09-19,644.96,time,13,0.506,18301.03,514.39
ATGL,2022-06-27,2298.58,1945.15,2.0,18.17,2022-08-01,3139.69,2022-09-26,3495.21,time,13,2.693,122152.54,680.06
CANBK,2022-07-11,36.59,32.42,2.0,12.88,,,2022-10-10,39.55,time,13,0.709,30710.16,828.87
ACC,2022-09-19,2577.86,2299.1,2.0,12.12,,,2022-10-17,2192.75,stop,4,-1.381,-75274.61,912.14
ANGELONE,2022-07-25,134.65,116.82,2.0,15.27,,,2022-10-24,151.39,time,13,0.939,43519.0,767.38
DEVYANI,2022-08-01,179.0,154.45,2.0,15.9,,,2022-10-31,193.0,time,13,0.57,24574.58,719.94
GRINDWELL,2022-08-08,1965.77,1701.8,2.0,15.51,,,2022-11-07,2076.48,time,13,0.419,17248.24,722.03
MAZDOCK,2022-08-16,150.45,132.09,2.0,13.9,2022-09-05,191.52,2022-11-14,382.62,time,13,7.321,352266.47,1140.96
GNFC,2022-10-17,632.34,575.44,2.0,9.89,,,2022-11-14,544.15,stop,4,-1.55,-84042.38,1094.83
AFFLE,2022-11-14,1266.85,1145.0,2.0,10.64,,,2022-12-19,1090.0,stop,5,-1.451,-82917.06,1055.78
GSFC,2022-12-19,134.03,120.21,2.0,11.49,,,2022-12-26,111.35,stop,1,-1.641,-94316.35,1000.97
BHARATFORG,2022-10-10,747.06,667.86,2.0,11.86,,,2023-01-09,857.12,time,13,1.39,72786.46,1089.46
SUZLON,2022-10-24,8.85,6.75,2.0,31.11,,,2023-01-23,10.05,time,13,0.571,29893.14,484.55
NH,2022-11-01,788.55,693.71,2.0,13.67,,,2023-01-30,718.12,time,13,-0.743,-43171.5,859.18
ATGL,2023-01-02,3694.93,3095.85,2.0,19.35,,,2023-01-30,2497.57,stop,4,-1.999,-110593.15,566.69
M&MFIN,2022-11-07,205.0,179.47,2.0,14.23,,,2023-02-06,237.48,time,13,1.272,68983.74,963.48
SWANENERGY,2022-11-14,246.2,211.6,2.0,16.35,2023-01-16,327.1,2023-02-06,272.5,trail,12,1.38,81154.74,861.35
HDFCLIFE,2023-01-09,607.1,554.0,2.0,9.59,,,2023-02-06,480.71,stop,4,-2.38,-129998.73,1101.75
360ONE,2023-02-06,450.65,402.2,2.0,12.04,,,2023-03-20,401.73,stop,6,-1.01,-52332.74,859.49
APLAPOLLO,2023-01-23,1187.5,1073.88,2.0,10.58,,,2023-04-24,1217.44,time,13,0.263,10444.31,1167.06
BAJAJ-AUTO,2023-01-30,3647.16,3305.59,2.0,10.33,,,2023-05-02,4109.95,time,13,1.355,68057.93,1176.25
ARE&M,2023-02-06,582.94,541.95,2.0,7.56,,,2023-05-08,599.23,time,13,0.398,14492.65,1409.01
DLF,2023-03-20,367.21,329.56,2.0,11.43,2023-05-22,462.51,2023-06-19,486.75,time,13,2.587,134484.3,1069.1
FDC,2023-04-24,280.66,256.04,2.0,9.62,2023-07-10,331.68,2023-07-24,330.36,time,13,2.009,98202.09,1253.23
ABB,2023-05-02,3358.08,3098.41,2.0,8.38,2023-05-29,3953.06,2023-07-31,4423.98,time,13,3.052,162360.97,1499.99
BIRLACORPN,2023-05-08,973.57,898.87,2.0,8.31,2023-06-05,1152.73,2023-08-07,1219.02,time,13,2.643,144086.67,1535.9
CREDITACC,2023-05-22,1213.82,1025.17,2.0,18.4,,,2023-08-21,1362.15,time,13,0.786,40318.04,745.53
JBCHEPHARM,2023-05-29,1003.42,849.12,2.0,18.17,2023-08-28,1379.93,2023-09-04,1372.13,time,14,2.195,130834.72,854.59
HEG,2023-06-05,251.56,214.36,2.0,17.35,2023-08-07,345.43,2023-09-04,346.33,time,13,2.274,144398.09,935.42
KALYANKJIL,2023-06-19,132.92,108.12,2.0,22.94,2023-08-14,201.26,2023-09-18,229.81,time,13,2.954,203658.52,865.56
ANGELONE,2023-07-24,156.04,138.19,2.0,12.91,2023-10-16,200.46,2023-10-23,226.09,time,13,2.963,210177.62,1371.95
CIPLA,2023-07-31,1148.7,1008.93,2.0,13.85,,,2023-10-30,1152.78,time,13,0.029,-28.88,1101.35
JINDWORLD,2023-08-07,68.72,61.28,2.0,12.15,,,2023-11-06,67.55,time,13,-0.157,-16413.91,1254.8
JMFINANCIL,2023-08-21,77.52,67.45,2.0,14.94,,,2023-11-20,78.36,time,13,0.083,4074.13,1136.11
MCX,2023-09-04,359.05,310.86,2.0,15.5,2023-10-23,459.45,2023-12-04,633.74,time,13,3.85,295458.5,1439.26
BBTC,2023-09-11,1249.36,960.39,2.0,30.09,,,2023-12-11,1353.51,time,13,0.36,25288.55,692.63
POWERINDIA,2023-10-16,4448.14,3893.4,2.0,14.25,2024-01-08,5621.19,2024-01-15,5934.09,time,13,2.339,179796.71,1421.16
KAJARIACER,2023-10-30,1260.59,1141.37,2.0,10.45,,,2024-01-29,1315.02,time,13,0.457,30223.03,1714.14
PRSMJOHNSN,2023-11-02,138.85,120.0,2.0,15.71,2023-12-04,184.7,2024-01-29,169.0,trail,13,1.8,153711.88,1315.27
TRITURBINE,2023-11-06,384.35,324.92,2.0,18.29,,,2024-02-05,360.6,time,13,-0.4,-35903.13,1014.55
SWSOLAR,2023-11-28,343.65,298.4,2.0,15.16,2023-12-26,444.0,2024-02-26,605.1,time,13,3.889,336324.62,1641.71
INDIACEM,2023-12-05,254.45,221.0,2.0,15.14,,,2024-03-04,233.05,time,13,-0.64,-59983.5,1312.62
TANLA,2023-12-18,1032.8,860.11,2.0,20.08,,,2024-03-18,814.42,stop,13,-1.265,-118333.39,985.97
ABFRL,2024-01-29,242.0,221.45,2.0,9.28,,,2024-03-18,207.5,stop,7,-1.679,-160171.74,2039.05
BORORENEW,2024-03-04,568.4,510.2,2.0,11.41,,,2024-03-18,495.1,stop,2,-1.259,-118404.97,1674.2
BIOCON,2024-01-08,292.4,248.97,2.0,17.44,,,2024-04-08,272.06,time,13,-0.468,-46542.37,1229.9
ABCAPITAL,2024-02-05,182.0,163.35,2.0,11.42,2024-04-29,233.0,2024-05-06,232.5,time,13,2.354,248774.11,2063.44
ABB,2024-02-26,5268.71,4374.14,2.0,20.45,2024-05-13,7449.25,2024-05-27,8347.06,time,13,2.721,267835.55,1353.37
HEG,2024-03-18,372.81,325.75,2.0,14.44,2024-04-22,488.72,2024-05-27,449.73,trail,10,1.817,169789.13,1506.52
BLS,2024-03-18,353.78,260.07,2.0,36.03,,,2024-06-18,348.54,time,13,-0.056,-5844.78,630.93
CAMS,2024-03-18,579.39,523.7,2.0,10.64,2024-06-18,698.37,2024-06-24,684.82,time,14,1.947,166141.9,1921.16
AAVAS,2024-04-08,1610.0,1330.2,2.0,21.03,,,2024-07-08,1779.0,time,13,0.604,53686.49,1116.9
USHAMART,2024-04-22,361.37,320.32,2.0,12.81,,,2024-07-22,362.2,time,13,0.02,-3834.64,1636.1
TEJASNET,2024-04-29,1036.28,772.22,2.0,34.19,,,2024-07-29,1304.11,time,13,1.014,96679.72,858.3
CHOLAFIN,2024-05-07,1322.53,1158.11,2.0,14.2,,,2024-08-05,1367.07,time,13,0.271,23740.63,1608.23
AARTIIND,2024-07-29,705.57,627.42,2.0,12.46,,,2024-08-19,604.54,stop,3,-1.293,-143084.02,1813.11
FINCABLES,2024-05-27,1288.71,1021.47,2.0,26.16,,,2024-08-26,1459.81,time,13,0.64,62276.75,1030.2
SAREGAMA,2024-05-27,470.72,396.19,2.0,18.81,,,2024-08-26,518.97,time,13,0.647,60188.72,1330.09
ADANIENSOL,2024-08-05,1200.0,1047.85,2.0,14.52,,,2024-09-02,1017.0,stop,4,-1.203,-130088.33,1542.35
CHEMPLASTS,2024-06-18,623.55,402.8,2.0,54.8,,,2024-09-16,490.3,time,13,-0.604,-70185.3,570.01
HOMEFIRST,2024-06-18,1054.79,844.58,2.0,24.89,,,2024-09-16,1199.66,time,13,0.689,75673.2,1211.53
MAPMYINDIA,2024-06-24,2472.4,1933.28,2.0,27.89,,,2024-09-23,2090.92,time,13,-0.708,-81319.14,952.23
ADANIPOWER,2024-08-19,139.6,124.0,2.0,12.58,,,2024-10-21,123.0,stop,9,-1.064,-107896.9,1659.59
ALOKINDS,2024-08-26,28.5,25.14,2.0,13.37,,,2024-10-21,23.64,stop,8,-1.446,-145417.38,1530.54
ASAHIINDIA,2024-07-29,690.24,604.71,2.0,14.14,,,2024-10-28,676.39,time,13,-0.162,-25287.55,1728.14
JMFINANCIL,2024-09-02,101.62,88.37,2.0,14.99,2024-09-30,139.77,2024-10-28,130.45,trail,8,2.088,241008.16,1725.47
AETHER,2024-09-16,997.0,909.05,2.0,9.67,,,2024-10-28,780.0,stop,6,-2.467,-257686.23,2042.26
RITES,2024-09-23,358.48,280.34,2.0,27.87,,,2024-10-28,266.54,stop,5,-1.177,-121961.69,819.11
BAJAJ-AUTO,2024-10-28,9815.69,9503.41,2.0,3.29,,,2024-11-04,9517.93,stop,1,-0.953,-96193.35,5592.32
ABBOTINDIA,2024-11-04,28749.59,27046.71,2.0,6.3,,,2024-11-18,27068.11,stop,2,-0.987,-103393.72,2986.14
USHAMART,2024-10-14,410.12,331.75,2.0,23.62,,,2025-01-13,329.37,time,13,-1.03,-106838.22,962.48
BEML,2024-10-21,2013.94,1828.64,2.0,10.13,,,2025-01-20,1803.38,stop,13,-1.136,-116811.28,2050.8
ACE,2024-11-04,1340.19,1113.13,2.0,20.4,,,2025-02-03,1265.2,time,13,-0.33,-31968.33,1045.31
ALIVUS,2024-11-04,1049.42,930.05,2.0,12.83,,,2025-02-03,1148.89,time,13,0.833,69168.44,1677.78
EICHERMOT,2024-11-18,4817.48,4477.99,2.0,7.58,,,2025-02-17,4639.84,time,13,-0.523,-49282.81,2394.23
APLAPOLLO,2025-01-20,1579.44,1410.48,2.0,11.98,,,2025-02-17,1302.2,stop,4,-1.641,-141610.37,1444.91
ASTRAZEN,2025-02-03,7325.01,6697.11,2.0,9.38,,,2025-03-03,6759.89,stop,4,-0.9,-84909.4,1946.47
SHYAMMETL,2025-01-13,774.21,623.83,2.0,24.11,,,2025-04-15,846.35,time,13,0.48,37601.17,916.8
BLUESTARCO,2025-02-03,1990.44,1702.87,2.0,16.89,,,2025-05-05,1668.58,stop,13,-1.119,-99106.32,1104.1
BAJAJFINSV,2025-02-17,1838.83,1724.94,2.0,6.6,,,2025-05-19,2036.17,time,13,1.733,133241.09,2712.27
GODFRYPHLP,2025-02-17,1928.62,1594.18,2.0,20.98,2025-04-28,2636.44,2025-05-19,2864.25,time,13,2.399,193867.79,1115.33
ABBOTINDIA,2025-03-03,30189.73,28146.49,2.0,7.26,,,2025-06-02,30036.66,time,13,-0.075,-9900.41,2280.4
AAVAS,2025-04-15,2026.8,1674.2,2.0,21.06,,,2025-07-14,1961.1,time,13,-0.186,-17050.92,933.03
CEATLTD,2025-05-05,3368.22,2956.61,2.0,13.92,,,2025-08-04,3142.75,time,13,-0.548,-47695.36,1309.24
BALRAMCHIN,2025-06-02,585.86,547.35,2.0,7.04,,,2025-08-11,541.0,stop,10,-1.165,-111428.32,2542.3
AFFLE,2025-05-19,1725.0,1530.0,2.0,12.75,,,2025-08-18,1976.0,time,13,1.287,104137.25,1619.06
ANGELONE,2025-05-19,273.16,232.78,2.0,17.35,,,2025-08-18,262.74,time,13,-0.258,-24044.73,1132.17
ECLERX,2025-05-19,1642.34,1242.69,2.0,32.16,,,2025-08-18,2041.99,time,13,1.0,82553.42,786.43
ABBOTINDIA,2025-08-18,33495.0,31910.0,2.0,4.97,,,2025-08-25,32145.0,stop,1,-0.852,-87251.31,3480.76
360ONE,2025-08-25,1069.92,1027.18,2.0,4.16,,,2025-09-01,1007.1,stop,1,-1.47,-129108.49,4029.3
ETERNAL,2025-07-28,310.0,256.65,2.0,20.79,,,2025-10-27,326.2,time,13,0.304,24012.84,1014.75
KAYNES,2025-08-04,6375.0,5405.0,2.0,17.95,,,2025-11-03,6709.0,time,13,0.344,26925.48,1134.79
CAPLIPOINT,2025-08-11,2092.14,1879.75,2.0,11.3,,,2025-11-10,1952.53,time,13,-0.657,-59906.6,1575.79
ASTRAZEN,2025-09-01,8460.0,7955.0,2.0,6.35,2025-11-03,9555.0,2025-12-01,9040.0,time,13,1.574,122317.94,2801.4
POWERINDIA,2025-11-03,17805.0,16608.0,2.0,7.21,2025-11-10,20970.0,2025-12-08,19395.0,trail,5,1.664,164697.11,2709.44
INTELLECT,2025-09-15,1017.1,890.25,2.0,14.25,,,2025-12-15,1031.0,time,13,0.11,6798.81,1363.36
GODFRYPHLP,2025-12-15,2851.6,2572.0,2.0,10.87,,,2026-01-05,2256.6,stop,3,-2.128,-184183.33,1557.19
BHEL,2025-11-03,265.0,231.57,2.0,14.44,,,2026-02-02,253.5,time,13,-0.344,-31752.89,1324.18
3MINDIA,2025-11-10,35060.0,29490.0,2.0,18.89,,,2026-02-09,35355.0,time,13,0.053,2658.19,1112.47
REDINGTON,2025-11-10,289.0,249.5,2.0,15.83,,,2026-02-09,273.5,time,13,-0.392,-36786.94,1253.15
TIMKEN,2025-12-01,3158.1,2800.5,2.0,12.77,,,2026-03-02,3351.0,time,13,0.539,42621.35,1630.79
ZFCVINDIA,2025-12-08,2453.5,2169.33,2.0,13.1,,,2026-03-09,2341.67,time,13,-0.394,-36046.93,1434.87
ANGELONE,2026-01-19,272.1,226.11,2.0,20.34,,,2026-03-09,213.44,stop,7,-1.275,-102645.16,837.16
DATAPATTNS,2026-02-02,2495.0,2131.0,2.0,17.08,2026-03-09,3491.2,2026-04-06,3068.0,trail,9,1.787,168541.47,1257.11
ABSLAMC,2026-02-09,815.0,749.0,2.0,8.81,2026-04-13,985.0,2026-05-11,1067.0,time,13,2.909,252841.68,2275.56
ADANIENSOL,2026-02-09,1023.8,842.8,2.0,21.48,2026-04-27,1425.0,2026-05-11,1350.8,time,13,1.903,162148.3,1086.99
CREDITACC,2026-05-11,1515.0,1305.9,2.0,16.01,,,2026-05-25,1288.0,stop,2,-1.086,-108319.59,1308.45
J&KBANK,2026-03-02,116.2,104.0,2.0,11.73,2026-05-11,140.0,2026-06-01,140.36,time,13,1.99,165909.44,1808.61
ASTERDM,2026-03-09,666.43,609.93,2.0,9.26,,,2026-06-08,751.25,time,13,1.501,125603.37,2164.47
ABCAPITAL,2026-04-13,330.1,295.2,2.0,11.82,,,2026-06-29,385.3,eos,12,1.582,137774.54,1828.23
ASHOKLEY,2026-04-15,173.99,142.72,2.0,21.92,,,2026-06-29,157.36,eos,12,-0.532,-49164.42,945.58
ABDL,2026-05-11,587.91,520.49,2.0,12.95,,,2026-06-29,659.5,eos,8,1.062,97331.04,1806.06
3MINDIA,2026-05-25,33950.0,30280.0,2.0,12.12,,,2026-06-29,32710.0,eos,6,-0.338,-37260.04,1685.83
CANBK,2026-06-08,130.52,121.49,2.0,7.43,,,2026-06-29,125.86,eos,4,-0.516,-52491.27,2625.53
