tkr,sig_date,entry_date,entry,stop0,risk_pct,half_date,half_px,exit_date,exit_px,reason,held,R,gap_through,net_pnl,stt_paid
STAR,2017-01-09,2017-01-10,1014.13,952.31,2.0,,,2017-02-01,952.31,stop,15,-1.0,True,-21989.63,629.41
FCONSUMER,2017-01-20,2017-01-23,23.15,21.83,2.0,2017-02-07,25.793698093414307,2017-02-08,27.12,target3,11,2.5,False,44287.69,734.22
HCC,2017-01-02,2017-01-03,38.76,35.9,2.0,,,2017-02-14,35.9,stop,29,-1.0,False,-21825.9,521.68
GAYAPROJ,2017-02-01,2017-02-03,131.27,122.03,2.0,,,2017-03-14,132.98,stall,25,0.185,False,92.79,545.2
GAYAPROJ,2017-03-15,2017-03-16,134.31,127.53,2.0,,,2017-03-20,132.83,stall,2,-0.217,False,-9250.4,783.2
STAR,2017-03-20,2017-03-21,1020.23,975.66,2.0,,,2017-03-23,1005.41,stall,2,-0.333,False,-9716.64,898.18
GREENPLY,2017-02-03,2017-02-07,275.09,253.14,2.0,,,2017-03-27,265.45,stall,32,-0.439,False,-11629.54,481.96
EROSMEDIA,2017-02-10,2017-02-13,209.8,187.31,2.0,2017-03-23,254.77500915527344,2017-03-27,277.26,target3,28,2.5,False,48917.08,433.46
GREENPLY,2017-03-27,2017-03-28,276.01,262.23,2.0,,,2017-03-30,267.05,stall,2,-0.65,False,-18315.96,803.37
FCONSUMER,2017-03-28,2017-03-31,29.25,27.32,2.0,2017-04-05,33.10469923782349,2017-04-06,35.03,target3,3,2.5,False,47411.21,653.07
FCONSUMER,2017-04-06,2017-04-07,35.6,32.97,2.0,,,2017-04-13,32.97,stop,4,-1.0,False,-23115.34,551.67
GAYAPROJ,2017-03-28,2017-03-29,136.59,128.57,2.0,2017-04-17,152.61159338378906,2017-04-18,160.62,target3,12,2.5,False,45703.58,736.95
MANPASAND,2017-04-11,2017-04-17,359.58,347.89,2.0,,,2017-05-03,347.89,stop,11,-1.0,False,-29474.17,1291.57
HCC,2017-04-24,2017-04-26,42.62,39.21,2.0,,,2017-05-05,39.21,stop,6,-1.0,False,-23086.53,511.95
RNAVAL,2017-04-27,2017-05-03,18823.75,17609.87,2.0,,,2017-05-05,17609.87,stop,2,-1.0,False,-23010.69,624.99
THYROCARE,2017-05-08,2017-05-10,208.49,192.06,2.0,,,2017-05-12,197.53,stall,2,-0.667,False,-16150.19,484.86
SUVEN,2017-05-05,2017-05-08,6.58,6.35,2.0,,,2017-05-19,6.35,stop,9,-1.0,False,-24879.71,1086.44
HCC,2017-05-17,2017-05-18,41.9,39.12,2.0,,,2017-05-19,39.12,stop,1,-1.0,False,-21393.9,566.62
MANPASAND,2017-05-17,2017-05-19,399.37,385.11,2.0,,,2017-05-23,385.11,stop,2,-1.0,False,-23600.73,1040.62
DCAL,2017-03-28,2017-03-29,299.67,244.48,2.0,,,2017-05-25,270.2,deep,38,-0.534,False,-11481.55,207.97
COFFEEDAY,2017-05-23,2017-05-26,257.0,245.4,2.0,,,2017-05-29,245.4,stop,1,-1.0,False,-22849.41,777.71
LAXMIMACH,2017-05-25,2017-05-29,4295.9,4157.1,2.0,2017-06-01,4573.47721433054,2017-06-02,4712.27,target3,4,2.5,False,38068.94,1170.73
SUVEN,2017-05-29,2017-06-01,6.52,6.22,2.0,,,2017-06-05,6.52,stall,2,0.029,False,-3030.67,789.79
RUPA,2017-05-30,2017-06-02,351.26,334.33,2.0,2017-06-05,385.12604818452274,2017-06-05,402.06,target3,1,2.5,False,41217.63,815.68
RUPA,2017-06-05,2017-06-06,454.05,422.28,2.0,2017-06-14,517.5888759501015,2017-06-28,422.28,stop_half,15,0.5,False,7760.44,566.81
MANPASAND,2017-05-25,2017-05-26,390.91,366.63,2.0,2017-05-29,439.49318803126135,2017-07-11,383.11,stall_half,31,0.839,False,12989.72,592.84
GVKPIL,2017-06-28,2017-06-30,7.4,6.29,2.0,2017-07-21,9.612599905014038,2017-07-24,10.72,target3,16,2.5,False,46367.98,304.75
LAXMIMACH,2017-06-02,2017-06-05,4787.34,4559.25,2.0,2017-07-03,5243.5406545947035,2017-07-28,5471.64,target3,38,2.5,False,44318.77,887.98
MANPASAND,2017-07-24,2017-07-26,396.19,376.39,2.0,,,2017-07-28,395.84,stall,2,-0.018,False,-4219.18,854.17
QUESS,2017-06-20,2017-06-23,812.99,750.78,2.0,,,2017-08-02,799.79,stall,27,-0.212,False,-7484.69,516.76
JETAIRWAYS,2017-07-28,2017-07-31,599.75,567.83,2.0,,,2017-08-10,567.83,stop,8,-1.0,False,-23054.87,791.25
FCONSUMER,2017-07-12,2017-07-13,37.8,33.82,2.0,2017-07-20,45.76770075988769,2017-08-28,49.75,target3,30,2.5,False,48803.3,432.25
FRETAIL,2017-08-07,2017-08-08,425.42,393.87,2.0,2017-08-17,488.5088668212891,2017-08-31,520.05,target3,15,2.5,False,53990.05,650.26
MANPASAND,2017-08-14,2017-08-17,402.88,388.27,2.0,2017-09-11,432.0944112695477,2017-09-12,446.7,target3,17,2.5,False,49713.65,1262.54
GAYAPROJ,2017-09-13,2017-09-15,172.4,165.34,2.0,2017-09-18,186.49947592163085,2017-09-19,193.55,target3,2,2.5,False,51090.33,1206.55
GVKPIL,2017-09-15,2017-09-19,12.4,11.99,2.0,,,2017-09-20,11.99,stop,1,-1.0,False,-31733.18,1483.31
DCAL,2017-09-28,2017-09-29,324.54,290.44,2.0,,,2017-10-16,290.44,stop,10,-1.0,False,-27388.82,443.51
FRETAIL,2017-09-29,2017-10-03,524.52,499.88,2.0,,,2017-10-18,499.88,stop,11,-1.0,False,-26566.24,1027.46
MANPASAND,2017-09-12,2017-09-13,451.69,424.37,2.0,2017-09-15,506.3187671786024,2017-10-25,434.16,stall_half,28,0.679,False,12810.95,794.07
EROSMEDIA,2017-10-24,2017-10-25,220.9,208.79,2.0,,,2017-10-31,213.3,stall,4,-0.628,False,-17525.11,834.39
GVKPIL,2017-10-26,2017-10-31,18.7,15.43,2.0,,,2017-11-14,15.43,stop,10,-1.0,True,-25040.15,246.67
FCONSUMER,2017-10-27,2017-10-31,62.0,56.84,2.0,,,2017-11-22,59.4,stall,16,-0.504,False,-13841.75,555.52
SUVEN,2017-11-21,2017-11-23,7.12,6.72,2.0,,,2017-11-27,6.97,stall,2,-0.372,False,-12472.18,822.11
GAYAPROJ,2017-10-19,2017-10-23,182.99,175.35,2.0,2017-11-07,198.250016784668,2017-11-29,205.88,target3,27,2.5,False,52001.49,1202.34
QUESS,2017-11-27,2017-11-30,832.01,799.08,2.0,2017-12-11,897.87417605813,2017-12-11,930.8,target3,7,2.5,False,54577.83,1250.59
AVANTIFEED,2017-08-11,2017-08-14,596.38,428.11,2.0,,,2017-12-21,776.2,stall,89,1.069,False,21924.22,171.94
3MINDIA,2017-12-06,2017-12-11,14746.94,14032.66,2.0,2017-12-26,16175.501104344647,2017-12-27,16889.78,target3,11,2.5,False,54581.67,1074.69
GREENPLY,2017-11-03,2017-11-07,295.02,273.0,2.0,2018-01-01,339.0559667149435,2018-01-04,361.07,target3,41,2.5,False,53485.97,676.76
AARTIIND,2017-12-20,2017-12-26,267.43,239.73,2.0,,,2018-01-05,239.73,stop,8,-1.0,False,-28813.68,472.98
BOMDYEING,2017-12-15,2017-12-19,272.98,221.96,2.0,,,2018-01-29,227.05,deep,27,-0.9,False,-23091.05,246.51
HFCL,2018-01-01,2018-01-04,33.35,28.46,2.0,,,2018-01-30,28.46,stop,17,-1.0,False,-28229.53,341.63
NBVENTURES,2018-01-02,2018-01-05,74.26,64.75,2.0,,,2018-01-30,64.75,stop,16,-1.0,False,-28317.97,393.59
ALLCARGO,2017-12-21,2017-12-27,45.23,40.18,2.0,,,2018-02-01,41.04,stall,25,-0.83,False,-23215.06,445.95
BLISSGVS,2018-01-24,2018-01-30,201.47,190.05,2.0,,,2018-02-02,190.05,stop,3,-1.0,False,-27903.58,854.13
KNRCON,2017-12-21,2017-12-27,170.75,135.39,2.0,,,2018-02-05,135.39,stop,27,-1.0,False,-26885.0,225.96
PHILIPCARB,2018-01-02,2018-01-04,95.75,74.25,2.0,,,2018-02-05,74.24,deep,21,-1.0,False,-27795.18,213.72
ELGIEQUIP,2018-01-30,2018-02-01,161.49,136.48,2.0,,,2018-02-05,136.48,stop,2,-1.0,False,-25619.96,283.92
GAYAPROJ,2018-01-31,2018-02-02,223.0,201.05,2.0,,,2018-02-05,201.05,stop,1,-1.0,True,-25161.92,455.29
GRAPHITE,2017-12-05,2017-12-08,501.61,421.9,2.0,2018-01-03,661.0443773079469,2018-02-06,487.84,deep_half,40,0.914,False,21448.06,325.56
GVKPIL,2018-01-30,2018-02-02,21.1,19.18,2.0,,,2018-02-06,19.18,stop,2,-1.0,True,-25299.72,494.66
APOLLOTYRE,2018-02-08,2018-02-14,247.52,228.94,2.0,,,2018-02-16,241.41,stall,2,-0.328,False,-8336.88,583.83
AARTIIND,2018-01-31,2018-02-05,251.04,239.71,2.0,2018-02-14,273.693476591023,2018-03-14,285.02,target3,25,2.5,False,50737.43,1037.67
OBEROIRLTY,2018-03-09,2018-03-14,538.51,477.19,2.0,,,2018-03-19,477.19,stop,3,-1.0,False,-23252.83,364.08
ESCORTS,2018-02-01,2018-02-06,846.6,780.15,2.0,,,2018-03-20,787.6,stall,28,-0.888,False,-20045.82,528.88
3MINDIA,2017-12-27,2018-01-01,18487.15,15962.86,2.0,,,2018-03-27,18020.42,stall,58,-0.185,False,-7206.39,377.6
HEG,2018-03-16,2018-03-19,566.28,505.23,2.0,,,2018-04-04,505.23,stop,10,-1.0,False,-22057.3,375.29
TVTODAY,2018-03-14,2018-03-16,362.26,298.22,2.0,,,2018-04-18,303.99,stall,21,-0.91,False,-21217.11,228.72
FSL,2018-02-12,2018-02-16,37.2,34.3,2.0,2018-04-02,43.00927549520105,2018-04-19,45.91,target3,41,2.5,False,52618.29,616.54
IBVENTURES,2018-04-13,2018-04-16,324.7,276.77,2.0,2018-04-24,420.5540999999999,2018-04-25,468.48,target3,7,2.5,False,55091.27,357.82
COFORGE,2018-04-25,2018-04-27,212.78,179.67,2.0,,,2018-05-04,179.67,stop,4,-1.0,False,-23343.6,270.91
AARTIIND,2018-04-16,2018-04-19,314.45,284.61,2.0,,,2018-05-21,284.61,stop,21,-1.0,False,-24179.77,453.58
DBL,2018-03-28,2018-04-04,1151.83,977.96,2.0,,,2018-05-25,1011.41,deep,36,-0.808,False,-18339.06,268.07
FLFL,2018-03-26,2018-04-02,407.63,377.47,2.0,2018-04-13,467.93837622017855,2018-05-29,430.25,stall_half,40,1.375,False,26966.81,600.62
ASTRAL,2018-03-22,2018-03-27,392.18,366.49,2.0,2018-05-30,443.56315435325604,2018-06-01,469.25,target3,45,2.5,False,49439.93,684.88
CUB,2018-05-30,2018-06-01,127.97,117.47,2.0,,,2018-06-19,121.15,stall,12,-0.65,False,-16792.87,543.67
TEAMLEASE,2018-06-15,2018-06-19,3295.0,2987.01,2.0,,,2018-06-25,2987.01,stop,4,-1.0,False,-24371.28,463.97
AIAENG,2018-05-16,2018-05-21,1519.01,1374.65,2.0,,,2018-06-28,1418.52,stall,28,-0.696,False,-18566.06,458.34
DMART,2018-05-25,2018-05-30,1544.0,1418.58,2.0,,,2018-06-28,1455.8,stall,21,-0.703,False,-16485.95,528.36
MPHASIS,2018-06-27,2018-06-28,942.64,880.99,2.0,,,2018-06-29,880.99,stop,1,-1.0,False,-23840.83,639.11
GSKCONS,2018-06-26,2018-06-28,6485.95,6113.88,2.0,,,2018-07-02,6594.0,stall,2,0.29,False,3615.67,759.48
GAIL,2018-06-29,2018-07-04,83.26,76.47,2.0,,,2018-07-06,83.43,stall,2,0.025,False,-411.42,515.91
VIPIND,2018-05-22,2018-05-25,400.45,356.36,2.0,,,2018-07-09,406.48,stall,31,0.137,False,1587.75,400.05
VBL,2018-06-27,2018-07-02,43.86,41.71,2.0,,,2018-07-17,41.71,stop,11,-1.0,False,-24969.1,844.37
VMART,2018-07-04,2018-07-09,706.69,617.46,2.0,,,2018-07-17,617.46,stop,6,-1.0,True,-22217.79,313.43
MERCK,2018-04-19,2018-04-24,1397.15,1138.04,2.0,2018-06-01,1915.3699636864515,2018-07-20,1650.53,stall_half,62,1.489,False,32797.83,278.38
JUSTDIAL,2018-05-25,2018-05-29,609.0,457.79,2.0,,,2018-08-30,552.0,stall,65,-0.377,False,-8694.8,170.84
ZYDUSWELL,2018-07-04,2018-07-06,278.7,255.87,2.0,2018-08-27,324.36407164477123,2018-09-03,347.2,target3,39,2.5,False,48799.33,563.55
GMRAIRPORT,2018-08-29,2018-09-03,18.96,17.01,2.0,,,2018-09-05,17.01,stop,2,-1.0,False,-23080.81,411.3
SUVEN,2018-09-05,2018-09-06,11.18,10.45,2.0,2018-09-07,12.647471324865268,2018-09-11,13.38,target3,3,2.5,False,52026.82,721.76
MAHINDCIE,2018-09-06,2018-09-11,284.94,258.87,2.0,,,2018-09-19,258.87,stop,5,-1.0,False,-23854.88,463.63
ASTRAL,2018-07-12,2018-07-17,480.25,456.87,2.0,2018-08-16,527.0093189353547,2018-09-21,479.87,stall_half,44,0.992,False,16829.81,859.32
VMART,2018-08-01,2018-08-06,709.18,603.21,2.0,,,2018-09-21,663.24,stall,30,-0.433,False,-10042.94,271.65
BBTC,2018-08-21,2018-08-27,1892.39,1525.11,2.0,,,2018-09-21,1525.11,stop,17,-1.0,False,-22245.64,200.47
PRAJIND,2018-09-12,2018-09-18,104.62,86.92,2.0,,,2018-09-21,86.92,stop,2,-1.0,False,-22610.05,235.8
AIAENG,2018-09-17,2018-09-21,1749.02,1670.77,2.0,,,2018-09-24,1670.77,stop,1,-1.0,False,-27082.02,928.09
EXCELCROP,2018-07-17,2018-07-20,3889.9,3500.5,2.0,2018-08-01,4668.7080000000005,2018-09-26,3899.9,deep_half,44,1.013,False,17594.98,419.43
VINATIORGA,2018-08-10,2018-08-16,659.05,575.82,2.0,,,2018-09-28,575.82,stop,28,-1.0,False,-22315.77,314.78
ERIS,2018-09-19,2018-09-24,736.12,673.52,2.0,,,2018-09-28,673.52,stop,4,-1.0,False,-23554.15,464.49
UBL,2018-09-25,2018-09-28,1393.07,1280.0,2.0,,,2018-10-01,1280.0,stop,1,-1.0,False,-20269.63,459.64
INDHOTEL,2018-09-28,2018-10-01,131.79,120.54,2.0,,,2018-10-03,120.54,stop,1,-1.0,False,-20219.53,420.41
SANOFI,2018-09-21,2018-09-24,4770.0,4362.13,2.0,,,2018-10-04,4362.13,stop,7,-1.0,False,-22244.37,461.85
ZENSARTECH,2018-09-27,2018-10-03,293.92,252.09,2.0,,,2018-10-05,263.27,stall,2,-0.733,False,-14208.54,242.87
ABFRL,2018-09-25,2018-09-28,184.33,170.36,2.0,,,2018-10-08,177.38,stall,5,-0.497,False,-11432.88,503.38
LTI,2018-09-21,2018-09-24,1889.95,1640.56,2.0,,,2018-10-11,1730.0,stall,12,-0.641,False,-13768.83,299.42
PRAJIND,2018-10-05,2018-10-08,89.53,86.07,2.0,2018-10-10,96.46060405303515,2018-10-11,99.92,target3,3,2.5,False,40335.32,946.17
AUROPHARMA,2018-10-09,2018-10-11,738.67,704.8,2.0,,,2018-10-12,704.8,stop,1,-1.0,False,-19512.91,772.25
DRREDDY,2018-10-09,2018-10-12,473.37,447.11,2.0,,,2018-10-16,490.55,stall,2,0.654,False,10480.74,654.08
ATUL,2018-10-12,2018-10-16,3184.02,3034.64,2.0,,,2018-10-22,3034.64,stop,3,-1.0,False,-20666.92,750.98
PRAJIND,2018-10-11,2018-10-12,101.78,91.78,2.0,,,2018-10-23,91.78,stop,6,-1.0,False,-19023.81,344.87
BIOCON,2018-10-19,2018-10-22,330.99,311.64,2.0,,,2018-10-23,311.64,stop,1,-1.0,False,-18657.11,584.49
ICICIBANK,2018-10-22,2018-10-24,318.25,304.68,2.0,,,2018-10-25,304.68,stop,1,-1.0,False,-18199.02,771.59
TIINDIA,2018-10-05,2018-10-10,282.35,264.65,2.0,,,2018-11-27,275.51,stall,31,-0.386,False,-10237.34,551.6
HEG,2018-10-25,2018-10-26,718.63,661.56,2.0,,,2018-12-10,668.72,stall,29,-0.874,False,-15114.91,400.17
ATUL,2018-10-23,2018-10-25,3126.28,2966.56,2.0,2018-11-15,3445.723646768622,2018-12-14,3286.93,stall_half,34,1.503,False,22567.44,674.22
GLENMARK,2018-12-11,2018-12-14,659.23,612.16,2.0,,,2019-01-15,651.16,stall,21,-0.171,False,-3725.41,468.26
ADANIENSOL,2019-01-10,2019-01-15,223.0,205.44,2.0,,,2019-01-24,205.44,stop,7,-1.0,True,-19426.16,419.8
BERGEPAINT,2018-12-10,2018-12-13,257.04,238.78,2.0,,,2019-01-28,252.61,stall,31,-0.242,False,-5643.95,463.3
COLPAL,2018-11-26,2018-11-27,1014.16,968.95,2.0,2018-12-13,1104.5755094449419,2019-02-05,1088.73,stall_half,49,1.825,False,28256.46,794.08
MUTHOOTFIN,2018-12-07,2018-12-10,423.27,376.82,2.0,,,2019-02-07,430.45,stall,42,0.154,False,2018.57,305.61
KSCL,2019-01-24,2019-01-28,564.56,524.73,2.0,,,2019-02-08,524.73,stop,9,-1.0,False,-18143.37,452.82
DIVISLAB,2019-02-04,2019-02-07,1567.27,1471.71,2.0,,,2019-02-15,1471.71,stop,5,-1.0,False,-17008.76,511.64
ICICIGI,2019-02-12,2019-02-15,865.93,815.52,2.0,2019-03-05,966.7438096612238,2019-04-09,1017.15,target3,34,2.5,False,37898.42,589.14
PRAJIND,2019-02-05,2019-02-08,127.45,109.55,2.0,,,2019-04-15,129.35,stall,42,0.106,False,1304.47,233.28
PFIZER,2019-02-27,2019-03-05,2862.97,2652.1,2.0,,,2019-04-30,2756.65,stall,35,-0.504,False,-9750.71,434.92
MERCK,2019-04-05,2019-04-10,2925.09,2722.42,2.0,,,2019-04-30,2722.42,stop,11,-1.0,False,-18794.77,477.19
AMBUJACEM,2019-04-24,2019-04-30,201.89,191.96,2.0,,,2019-05-03,197.0,stall,2,-0.493,False,-9461.01,672.76
BATAINDIA,2019-01-31,2019-02-05,1111.95,1014.23,2.0,2019-03-28,1307.392664609998,2019-05-15,1219.68,stall_half,63,1.551,False,24495.45,395.01
GILLETTE,2019-04-12,2019-04-16,7004.01,6093.46,2.0,,,2019-05-16,6093.46,stop,18,-1.0,False,-18506.09,247.34
MANAPPURAM,2019-05-14,2019-05-17,108.11,98.78,2.0,,,2019-05-21,110.22,stall,2,0.226,False,2394.27,388.56
NAUKRI,2019-01-22,2019-01-24,339.41,294.81,2.0,,,2019-05-22,366.36,stall,76,0.604,False,9278.53,267.43
ACC,2019-05-23,2019-05-28,1647.3,1517.92,2.0,,,2019-06-06,1517.92,stop,6,-1.0,False,-18369.36,430.45
HEIDELBERG,2019-05-16,2019-05-21,157.5,138.36,2.0,,,2019-06-26,152.14,stall,25,-0.28,False,-6548.27,277.33
BLUESTARCO,2019-04-26,2019-05-03,327.51,304.18,2.0,2019-05-28,374.1696699433402,2019-07-08,353.73,stall_half,45,1.562,False,22982.87,489.78
BAJAJFINSV,2019-05-17,2019-05-22,816.14,755.06,2.0,,,2019-07-08,755.06,stop,32,-1.0,False,-17987.51,442.23
UPL,2019-07-02,2019-07-05,663.79,586.35,2.0,,,2019-07-09,619.75,stall,2,-0.569,False,-10316.57,285.69
MERCK,2019-05-10,2019-05-15,3013.21,2711.4,2.0,2019-05-17,3616.8396415654897,2019-07-16,3918.65,target3,43,2.5,False,39839.9,369.67
SOBHA,2019-07-08,2019-07-09,538.12,511.0,2.0,,,2019-07-22,511.0,stop,9,-1.0,False,-18567.45,632.7
DCMSHRIRAM,2019-04-25,2019-05-02,436.41,366.5,2.0,2019-05-23,576.2295083808567,2019-07-23,453.12,stall_half,57,1.119,False,17323.69,225.03
OBEROIRLTY,2019-07-09,2019-07-10,583.19,517.94,2.0,,,2019-07-24,552.12,stall,10,-0.476,False,-8765.59,283.95
LALPATHLAB,2019-07-17,2019-07-22,520.94,492.51,2.0,,,2019-07-24,519.97,stall,2,-0.034,False,-2638.97,595.33
IGL,2019-07-19,2019-07-24,144.31,140.16,2.0,,,2019-07-25,140.16,stop,1,-1.0,True,-18049.84,1102.07
MASFIN,2019-07-25,2019-07-29,201.47,183.27,2.0,,,2019-08-01,189.88,stall,3,-0.637,False,-12172.24,338.99
APOLLOHOSP,2019-05-31,2019-06-06,1309.94,1183.94,2.0,,,2019-08-07,1312.88,stall,44,0.023,False,-864.42,363.32
TRENT,2019-08-02,2019-08-05,446.25,407.18,2.0,,,2019-08-07,444.26,stall,2,-0.051,False,-2003.7,349.56
NAUKRI,2019-07-22,2019-07-25,434.04,403.56,2.0,,,2019-08-13,434.45,stall,12,0.013,False,-1324.28,436.92
NAM-INDIA,2019-08-08,2019-08-14,205.91,189.27,2.0,,,2019-09-17,189.27,stop,21,-1.0,False,-17039.81,373.6
ASTRAL,2019-09-17,2019-09-19,650.09,613.06,2.0,,,2019-09-20,613.06,stop,1,-1.0,False,-17243.35,525.49
BERGEPAINT,2019-08-02,2019-08-07,281.6,266.61,2.0,2019-09-20,311.59170292105335,2019-09-23,326.59,target3,29,2.5,False,36235.82,615.16
ADANIGREEN,2019-09-20,2019-09-25,53.4,49.15,2.0,2019-10-03,61.89840305328369,2019-10-07,66.15,target3,7,2.5,False,39252.29,460.88
ADANIENSOL,2019-09-18,2019-09-23,227.0,220.23,2.0,2019-09-25,240.54090609741212,2019-10-11,223.9,stall_half,12,0.771,False,5532.03,1091.54
KOLTEPATIL,2019-10-03,2019-10-04,242.92,219.68,2.0,,,2019-10-17,238.39,stall,8,-0.195,False,-5565.4,354.38
FINPIPE,2019-09-17,2019-09-20,99.14,93.75,2.0,2019-09-23,109.9311697744054,2019-11-21,102.27,stall_half,40,1.29,False,16061.88,581.7
NAM-INDIA,2019-10-17,2019-10-22,239.96,214.89,2.0,2019-10-24,290.11836928618266,2019-11-21,315.2,target3,21,2.5,False,42921.31,383.1
ASIANPAINT,2019-07-22,2019-07-25,1394.09,1277.76,2.0,2019-09-23,1626.750868815268,2019-11-25,1587.79,stall_half,79,1.833,False,27385.04,395.58
BAJFINANCE,2019-10-07,2019-10-11,386.5,370.63,2.0,,,2019-12-09,385.59,stall,39,-0.058,False,-2478.47,830.99
GRANULES,2019-10-18,2019-10-24,114.44,94.91,2.0,,,2020-01-07,121.22,stall,51,0.347,False,5483.88,217.13
SWANENERGY,2020-01-03,2020-01-07,127.8,111.89,2.0,,,2020-01-30,111.89,stop,17,-1.0,False,-20150.77,277.23
TATACOMM,2019-11-25,2019-11-28,389.1,330.91,2.0,,,2020-02-12,384.41,stall,53,-0.081,False,-2744.67,241.5
ATGL,2020-01-24,2020-01-27,176.68,147.91,2.0,,,2020-02-26,152.19,deep,21,-0.851,False,-17166.03,225.11
ESSELPACK,2019-11-18,2019-11-21,131.98,115.41,2.0,2020-01-24,165.14145811179023,2020-02-27,181.72,target3,68,2.5,False,43785.01,337.65
CHOLAHLDNG,2019-12-04,2019-12-09,496.7,471.64,2.0,2020-01-14,546.8136597678524,2020-03-02,526.26,stall_half,58,1.59,False,23983.16,731.7
LUXIND,2020-01-09,2020-01-14,1450.4,1294.52,2.0,,,2020-03-04,1360.58,deep,35,-0.576,False,-12156.26,342.89
AARTIIND,2020-01-27,2020-01-30,488.16,414.01,2.0,,,2020-03-12,414.01,stop,28,-1.0,False,-20036.4,233.82
ABBOTINDIA,2020-02-07,2020-02-12,13397.16,12035.45,2.0,,,2020-03-12,12035.45,stop,19,-1.0,False,-20731.36,363.44
GARFIBRES,2020-02-24,2020-02-27,318.47,263.57,2.0,,,2020-03-12,263.57,stop,9,-1.0,True,-21044.87,209.15
MIDHANI,2020-02-27,2020-02-28,237.26,183.57,2.0,,,2020-03-12,183.57,stop,8,-1.0,False,-20137.38,153.61
PIIND,2020-02-28,2020-03-04,1533.72,1412.36,2.0,,,2020-03-12,1412.36,stop,5,-1.0,False,-20399.13,456.43
INDOCO,2020-03-03,2020-03-04,236.19,184.91,2.0,,,2020-03-12,184.91,stop,5,-1.0,False,-19619.94,154.4
SFL,2020-03-11,2020-03-12,776.6,741.13,2.0,,,2020-03-13,741.13,stop,1,-1.0,True,-22701.96,765.19
BAYERCROP,2020-03-09,2020-03-13,3676.04,3512.25,2.0,,,2020-03-16,3512.25,stop,1,-1.0,True,-18762.76,713.79
RATNAMANI,2020-03-09,2020-03-13,816.52,757.96,2.0,,,2020-03-16,757.96,stop,1,-1.0,False,-19019.34,437.28
JCHAC,2020-03-12,2020-03-13,3096.0,2507.49,2.0,,,2020-03-16,2507.49,stop,1,-1.0,False,-17085.26,154.86
IPCALAB,2020-03-13,2020-03-17,663.78,608.09,2.0,,,2020-03-19,608.09,stop,2,-1.0,False,-15490.69,339.83
NAVINFLUOR,2020-03-13,2020-03-17,1359.26,1106.29,2.0,,,2020-03-19,1106.29,stop,2,-1.0,True,-15140.02,145.02
PIDILITIND,2020-03-17,2020-03-18,777.07,716.71,2.0,,,2020-03-19,716.71,stop,1,-1.0,True,-15402.44,364.9
PFIZER,2020-03-13,2020-03-16,3797.74,3022.05,2.0,,,2020-03-20,3527.04,stall,4,-0.349,False,-6089.04,150.51
JBCHEPHARM,2019-11-21,2019-11-22,181.62,145.86,2.0,2020-02-06,253.1484349962416,2020-03-24,226.24,deep_half,84,1.624,False,28801.08,217.32
IPCALAB,2020-03-20,2020-03-23,796.22,647.0,2.0,,,2020-03-24,647.0,stop,1,-1.0,False,-14050.03,133.57
NAVINFLUOR,2020-03-26,2020-03-27,1322.02,1091.6,2.0,,,2020-03-31,1216.18,stall,2,-0.459,False,-6700.16,148.24
ABBOTINDIA,2020-03-26,2020-03-30,15487.62,13015.65,2.0,,,2020-04-01,14244.71,stall,2,-0.503,False,-7293.34,160.99
AJANTPHARM,2020-03-30,2020-03-31,832.25,743.27,2.0,,,2020-04-03,839.2,stall,2,0.078,False,162.17,246.08
DMART,2020-03-31,2020-04-01,2220.25,2147.85,2.0,,,2020-04-03,2147.85,stop,1,-1.0,True,-14672.52,798.52
IPCALAB,2020-03-31,2020-04-03,694.92,644.14,2.0,2020-04-08,796.5025762138079,2020-04-08,847.29,target3,2,2.5,False,31114.24,379.86
ABBOTINDIA,2020-04-01,2020-04-03,14678.37,13934.08,2.0,2020-04-08,16166.947582628727,2020-04-09,16911.24,target3,3,2.5,False,29930.82,533.48
DIVISLAB,2020-04-07,2020-04-08,2085.58,1861.82,2.0,,,2020-04-13,2313.54,stall,2,1.019,False,13194.3,263.78
AJANTPHARM,2020-04-08,2020-04-09,908.09,828.98,2.0,,,2020-04-20,828.98,stop,5,-1.0,False,-15431.84,314.65
INDOCO,2020-04-17,2020-04-20,240.79,222.71,2.0,,,2020-04-27,222.71,stop,5,-1.0,False,-16513.88,364.37
NAVINFLUOR,2020-04-03,2020-04-07,1288.7,1165.03,2.0,2020-04-27,1536.028131082598,2020-04-28,1659.69,target3,13,2.5,False,30784.87,297.14
HINDUNILVR,2020-04-07,2020-04-08,2200.56,1983.88,2.0,,,2020-04-30,1983.88,stop,14,-1.0,False,-13883.73,259.12
GRANULES,2020-04-22,2020-04-27,170.21,153.89,2.0,,,2020-05-04,153.89,stop,4,-1.0,False,-14800.41,274.78
ALKEM,2020-04-08,2020-04-13,2605.33,2187.31,2.0,,,2020-05-19,2231.29,deep,24,-0.895,False,-13629.93,168.61
ASTRAZEN,2020-05-04,2020-05-05,3249.78,2913.06,2.0,,,2020-05-19,2913.06,stop,10,-1.0,False,-14200.28,244.25
MIDHANI,2020-04-08,2020-04-13,208.3,174.31,2.0,,,2020-05-26,180.46,stall,28,-0.819,False,-12520.7,166.68
PFIZER,2020-04-23,2020-04-28,4369.36,3676.93,2.0,,,2020-06-01,3805.95,stall,22,-0.814,False,-12055.01,166.47
DEEPAKNTR,2020-04-27,2020-04-30,509.6,457.63,2.0,,,2020-06-12,457.63,stop,29,-1.0,True,-14795.13,258.52
TRIDENT,2020-06-10,2020-06-15,6.44,5.67,2.0,,,2020-07-16,5.67,stop,23,-1.0,False,-13772.88,203.53
FDC,2020-07-14,2020-07-16,259.36,234.3,2.0,,,2020-07-20,265.03,stall,2,0.226,False,2059.63,281.8
NAVINFLUOR,2020-05-14,2020-05-19,1493.52,1385.36,2.0,2020-07-07,1709.8312122558903,2020-07-27,1817.99,target3,48,2.5,False,30683.21,385.91
BPCL,2020-07-17,2020-07-20,151.32,132.45,2.0,,,2020-08-04,132.45,stop,11,-1.0,False,-14048.49,205.7
ASTRAZEN,2020-05-20,2020-05-26,3103.1,2553.81,2.0,,,2020-08-10,3315.88,stall,54,0.387,False,4370.88,147.42
ALKYLAMINE,2020-04-22,2020-04-27,678.46,554.79,2.0,2020-07-09,925.7985899429601,2020-08-11,1049.47,target3,74,2.5,False,33944.18,186.44
AFFLE,2020-07-03,2020-07-07,336.1,300.11,2.0,2020-08-11,408.0808309936524,2020-08-11,444.07,target3,25,2.5,False,32901.36,287.22
AARTIIND,2020-08-06,2020-08-11,523.58,496.04,2.0,,,2020-08-12,496.04,stop,1,-1.0,False,-16494.0,540.68
ATGL,2020-08-07,2020-08-12,163.23,152.59,2.0,2020-08-25,184.500585987206,2020-08-26,195.14,target3,10,2.5,False,34826.39,484.97
LAOPALA,2020-08-25,2020-08-28,217.5,187.42,2.0,,,2020-08-31,187.42,stop,1,-1.0,False,-16066.07,206.53
AJANTPHARM,2020-07-30,2020-08-04,1042.12,910.31,2.0,,,2020-09-01,910.31,stop,20,-1.0,False,-14533.37,204.68
ECLERX,2020-08-20,2020-08-25,269.09,226.67,2.0,,,2020-09-01,226.67,stop,5,-1.0,False,-15586.53,175.01
AEGISLOG,2020-08-27,2020-09-01,202.84,191.57,2.0,,,2020-09-03,191.57,stop,2,-1.0,False,-16191.3,505.04
ZYDUSLIFE,2020-04-03,2020-04-08,322.14,248.88,2.0,,,2020-09-08,357.82,stall,105,0.487,False,6311.55,124.53
ADANIENSOL,2020-09-01,2020-09-03,276.0,247.85,2.0,,,2020-09-21,247.85,stop,12,-1.0,False,-15312.03,267.54
GMMPFAUDLR,2020-08-05,2020-08-10,1753.66,1376.08,2.0,,,2020-09-23,1394.94,deep,32,-0.95,False,-13652.94,116.27
GMRAIRPORT,2020-07-22,2020-07-27,19.91,17.78,2.0,2020-08-28,24.180468875885012,2020-09-30,20.72,stall_half,47,1.19,False,15550.0,275.37
HERITGFOOD,2020-09-22,2020-09-23,172.28,146.6,2.0,,,2020-10-01,157.5,stall,6,-0.576,False,-8603.5,171.7
AIAENG,2020-08-21,2020-08-26,1793.27,1633.69,2.0,,,2020-10-16,1705.44,stall,36,-0.55,False,-9497.48,332.02
ADVENZYMES,2020-09-28,2020-10-01,312.32,268.26,2.0,,,2020-11-04,268.26,stop,23,-1.0,False,-14220.8,179.1
DRREDDY,2020-09-16,2020-09-21,1033.66,854.05,2.0,,,2020-11-09,954.52,stall,34,-0.441,False,-6478.95,155.72
NAUKRI,2020-05-27,2020-06-01,530.08,457.09,2.0,2020-08-10,676.0623456779233,2020-11-13,749.05,target3,118,2.5,False,31830.03,219.45
THYROCARE,2020-11-13,2020-11-14,935.57,306.29,2.0,,,2020-11-17,306.29,stop,1,-1.0,False,-13271.63,26.01
BLISSGVS,2020-09-25,2020-09-30,157.57,129.76,2.0,,,2020-11-23,160.05,stall,37,0.089,False,657.26,152.45
GRANULES,2020-08-31,2020-09-03,322.69,276.68,2.0,2020-11-25,414.7317458286583,2020-12-18,371.52,stall_half,74,1.531,False,21600.03,223.61
BIRLACORPN,2020-11-10,2020-11-13,722.32,649.04,2.0,,,2020-12-22,649.04,stop,26,-1.0,False,-13883.6,243.85
ASTRAZEN,2020-09-04,2020-09-08,4627.75,3594.2,2.0,,,2020-12-23,4227.66,stall,74,-0.387,False,-5921.62,121.64
NAVINFLUOR,2020-11-03,2020-11-05,2389.18,2134.09,2.0,,,2021-01-25,2483.55,stall,55,0.37,False,3935.85,248.05
TASTYBITE,2020-12-18,2020-12-22,12291.37,11048.27,2.0,,,2021-02-04,12192.44,stall,30,-0.08,False,-2648.15,256.09
POLYMED,2020-12-21,2020-12-23,513.02,444.18,2.0,,,2021-02-04,504.75,stall,29,-0.12,False,-2219.14,190.98
AMBER,2020-10-15,2020-10-19,2203.0,1963.04,2.0,2021-01-06,2682.93,2021-02-09,2922.89,target3,78,2.5,False,32505.26,279.4
ADANIENSOL,2021-01-20,2021-01-25,486.0,417.68,2.0,2021-02-12,622.6361878051758,2021-02-15,690.95,target3,14,2.5,False,32082.24,219.81
BANKINDIA,2021-02-04,2021-02-09,50.35,45.2,2.0,2021-02-17,60.65443201543408,2021-02-17,65.81,target3,6,2.5,False,33847.14,307.95
WOCKPHARMA,2020-11-18,2020-11-23,378.23,279.91,2.0,,,2021-02-25,454.6,stall,65,0.777,False,9567.73,108.47
AFFLE,2020-11-26,2020-12-02,753.77,629.97,2.0,2021-02-11,1001.3713073730469,2021-03-03,1125.17,target3,63,2.5,False,33416.17,200.3
ARVINDFASN,2021-02-12,2021-02-17,158.53,143.53,2.0,,,2021-03-19,143.53,stop,21,-1.0,False,-17421.49,327.73
AAVAS,2021-02-01,2021-02-04,1958.0,1778.37,2.0,2021-02-09,2317.260251220703,2021-03-23,2496.89,target3,32,2.5,False,32220.47,324.22
ATGL,2021-02-12,2021-02-17,520.14,377.25,2.0,2021-03-22,805.9224294257011,2021-03-24,948.81,target3,24,2.5,False,40129.02,159.17
JKTYRE,2021-01-19,2021-01-22,119.84,84.09,2.0,,,2021-03-25,107.47,stall,42,-0.346,False,-4844.35,83.68
ASHOKA,2021-02-01,2021-02-04,107.85,87.71,2.0,,,2021-03-25,97.55,deep,34,-0.511,False,-7300.46,136.09
QUESS,2021-03-18,2021-03-22,646.16,594.91,2.0,,,2021-04-05,594.91,stop,8,-1.0,False,-17883.14,399.17
HEG,2021-02-10,2021-02-15,230.39,201.3,2.0,2021-02-17,288.56758825306196,2021-04-06,317.66,target3,33,2.5,False,37517.59,278.9
ADANIGREEN,2021-03-19,2021-03-24,1297.2,1080.02,2.0,,,2021-04-13,1085.4,stall,12,-0.975,False,-16799.91,185.24
SCI,2021-02-26,2021-03-03,123.91,91.41,2.0,,,2021-04-19,91.41,stop,29,-1.0,False,-17273.84,111.86
IIFL,2021-01-29,2021-02-03,203.7,117.52,2.0,,,2021-04-23,238.37,deep,52,0.402,False,5096.9,68.03
ABCAPITAL,2021-02-22,2021-02-25,125.25,98.4,2.0,,,2021-04-28,119.35,stall,39,-0.22,False,-3863.31,149.04
ALKYLAMINE,2021-01-01,2021-01-06,2027.07,1487.69,2.0,2021-04-27,3105.84186362167,2021-05-12,3645.23,target3,84,2.5,False,32489.81,132.02
TTKPRESTIG,2021-02-10,2021-02-11,686.84,565.65,2.0,,,2021-05-14,702.79,stall,60,0.132,False,1362.49,170.82
SWSOLAR,2021-03-31,2021-04-06,282.95,249.75,2.0,,,2021-05-17,262.7,deep,26,-0.61,False,-10215.31,262.53
ICRA,2021-03-23,2021-03-25,3332.36,2852.65,2.0,,,2021-05-24,2994.43,stall,37,-0.704,False,-12523.87,220.06
CGCL,2021-03-30,2021-04-05,373.68,332.01,2.0,2021-05-28,457.0134426183361,2021-06-01,498.68,target3,38,2.5,False,39285.18,335.67
REDINGTON,2021-05-25,2021-05-28,86.95,76.3,2.0,2021-05-31,108.25673562073355,2021-06-10,118.91,target3,9,2.5,False,40563.69,313.74
VENKEYS,2021-05-11,2021-05-17,2137.48,1623.45,2.0,2021-06-22,3165.5560630262758,2021-06-23,3679.59,target3,27,2.5,False,40568.86,178.22
BHEL,2021-05-10,2021-05-14,71.44,57.37,2.0,,,2021-06-30,64.54,stall,33,-0.491,False,-8605.75,163.61
SPICEJET,2021-06-21,2021-06-23,81.25,64.94,2.0,,,2021-07-27,77.0,stall,23,-0.26,False,-5667.26,186.69
GLENMARK,2021-04-13,2021-04-19,559.85,475.74,2.0,,,2021-07-28,581.4,deep,69,0.256,False,3796.61,222.14
ABB,2021-05-27,2021-06-01,1647.7,1458.0,2.0,,,2021-08-03,1647.61,stall,44,-0.001,False,-1071.81,303.66
BHARATRAS,2021-04-27,2021-04-29,3235.6,2483.61,2.0,,,2021-08-16,3237.85,stall,75,0.003,False,-451.8,143.31
CRISIL,2021-06-07,2021-06-10,2190.08,1844.73,2.0,2021-07-19,2880.7886578475727,2021-08-18,2505.66,stall_half,48,1.457,False,25352.36,254.71
JAMNAAUTO,2021-05-19,2021-05-24,74.21,63.08,2.0,,,2021-08-20,74.85,stall,62,0.058,False,180.34,221.82
EQUITAS,2021-07-07,2021-07-12,134.7,93.66,2.0,,,2021-09-29,121.1,stall,54,-0.331,False,-6790.47,119.83
ORIENTREF,2021-04-22,2021-04-27,306.7,255.93,2.0,,,2021-10-01,348.14,stall,109,0.816,False,12610.05,210.93
TRIDENT,2021-05-07,2021-05-12,17.38,12.74,2.0,2021-10-01,26.665584367474494,2021-10-06,31.31,target3,101,2.5,False,42567.22,172.5
ANGELONE,2021-09-28,2021-10-01,122.9,113.73,2.0,2021-10-13,141.23771372176742,2021-10-13,150.41,target3,8,2.5,False,49878.45,609.84
ASTERDM,2021-08-17,2021-08-20,140.36,121.21,2.0,2021-09-02,178.66990211980527,2021-10-21,144.18,deep_half,42,1.1,False,19594.22,295.6
AAVAS,2021-10-08,2021-10-13,2838.1,2627.37,2.0,,,2021-10-25,2627.37,stop,7,-1.0,False,-23774.66,565.3
SPARC,2021-07-29,2021-08-03,280.95,239.61,2.0,,,2021-10-26,273.5,stall,57,-0.18,False,-4473.74,264.14
MAHLOG,2021-07-28,2021-08-02,725.24,589.89,2.0,,,2021-10-27,661.54,deep,59,-0.471,False,-9820.97,198.66
TRITURBINE,2021-08-16,2021-08-18,129.31,111.52,2.0,2021-10-01,164.9061245468873,2021-10-27,182.7,target3,47,2.5,False,46327.77,323.36
IDBI,2021-10-08,2021-10-13,55.51,42.54,2.0,,,2021-11-29,44.2,stall,30,-0.873,False,-19320.67,167.67
CDSL,2021-10-20,2021-10-25,666.01,619.87,2.0,2021-11-15,758.2881897165782,2021-11-29,619.87,stop_half,23,0.5,False,8600.7,635.94
CYIENT,2021-07-14,2021-07-19,945.55,771.46,2.0,,,2021-12-01,924.64,deep,91,-0.12,False,-3080.62,209.86
CRISIL,2021-11-11,2021-11-15,3030.66,2740.4,2.0,,,2021-12-06,2740.4,stop,14,-1.0,False,-23708.62,440.72
AAVAS,2021-11-29,2021-11-30,2890.0,2602.39,2.0,,,2021-12-07,2602.39,stop,5,-1.0,False,-22582.12,404.23
ADANIENSOL,2021-10-21,2021-10-26,1864.0,1623.08,2.0,,,2021-12-21,1696.0,deep,38,-0.697,False,-15543.68,306.64
TRITURBINE,2021-11-29,2021-12-01,184.54,152.93,2.0,,,2021-12-24,173.63,stall,17,-0.345,False,-8182.39,241.0
ZEEL,2021-09-20,2021-09-23,329.67,240.24,2.0,,,2021-12-31,306.7,stall,68,-0.257,False,-5424.17,143.13
SUZLON,2021-12-20,2021-12-22,7.16,6.05,2.0,2022-01-03,9.377899824142457,2022-01-11,10.49,target3,14,2.5,False,49141.04,309.97
ADANIGREEN,2021-12-01,2021-12-06,1398.3,1233.77,2.0,2022-01-17,1727.3701464843748,2022-01-18,1891.91,target3,31,2.5,False,52879.71,418.27
ECLERX,2021-12-30,2022-01-03,903.51,798.32,2.0,,,2022-01-24,798.32,stop,15,-1.0,False,-22259.33,340.81
TCIEXP,2021-12-21,2021-12-23,2459.67,1745.46,2.0,,,2022-01-27,1942.47,stall,24,-0.724,False,-15162.19,125.32
KEI,2021-10-22,2021-10-27,964.93,834.05,2.0,2021-12-06,1226.6946958980493,2022-02-04,1113.84,stall_half,69,1.569,False,32415.06,343.5
HFCL,2021-12-06,2021-12-07,80.37,69.59,2.0,,,2022-02-04,82.56,stall,42,0.202,False,3705.54,319.49
ANGELONE,2022-01-13,2022-01-18,127.96,113.56,2.0,,,2022-02-14,113.56,stop,18,-1.0,False,-24664.79,401.4
ASAHIINDIA,2022-01-06,2022-01-11,543.5,471.68,2.0,,,2022-02-15,482.83,deep,24,-0.845,False,-19858.62,317.14
SCHAEFFLER,2021-07-22,2021-07-27,1334.75,1062.12,2.0,,,2022-02-16,1617.28,stall,140,1.036,False,19161.01,207.81
RENUKA,2022-02-09,2022-02-14,38.05,33.72,2.0,,,2022-02-21,33.72,stop,5,-1.0,False,-23333.07,365.22
DCMSHRIRAM,2022-01-25,2022-01-27,1053.88,949.07,2.0,,,2022-02-22,949.07,stop,18,-1.0,True,-23831.19,426.91
ADANIENSOL,2022-02-15,2022-02-16,1940.9,1818.28,2.0,,,2022-02-22,1818.28,stop,4,-1.0,False,-23395.49,647.74
SCHAEFFLER,2022-02-17,2022-02-21,1799.07,1606.02,2.0,,,2022-02-23,1774.24,stall,2,-0.129,False,-4016.68,384.42
BSE,2022-02-01,2022-02-04,236.12,204.82,2.0,,,2022-02-24,204.82,stop,14,-1.0,False,-23612.27,324.43
LINDEINDIA,2022-02-17,2022-02-22,2867.32,2634.12,2.0,,,2022-02-24,2634.12,stop,2,-1.0,False,-21713.27,473.17
GAEL,2022-02-18,2022-02-23,95.04,91.01,2.0,,,2022-02-24,91.01,stop,1,-1.0,True,-22493.66,894.51
FLUOROCHEM,2021-12-01,2021-12-06,2509.14,1961.37,2.0,,,2022-02-28,2439.42,deep,59,-0.127,False,-3409.1,193.81
HINDALCO,2022-02-22,2022-02-24,504.58,486.89,2.0,2022-02-28,539.9532721844712,2022-02-28,557.64,target3,2,2.5,False,45914.11,1142.78
JSWENERGY,2022-02-23,2022-02-28,331.88,318.41,2.0,,,2022-03-04,318.41,stop,3,-1.0,False,-21752.89,897.96
DCMSHRIRAM,2022-02-28,2022-03-04,1014.49,934.54,2.0,,,2022-03-07,934.54,stop,1,-1.0,False,-21352.34,479.59
BDL,2022-02-28,2022-03-04,224.34,199.87,2.0,,,2022-03-08,218.76,stall,2,-0.228,False,-5737.98,356.31
ONGC,2022-03-07,2022-03-08,148.01,130.04,2.0,,,2022-03-10,130.04,stop,2,-1.0,False,-18941.63,285.15
MHRIL,2022-03-08,2022-03-10,220.0,197.8,2.0,,,2022-03-14,213.0,stall,2,-0.315,False,-6905.77,351.15
OIL,2022-03-02,2022-03-07,138.51,125.83,2.0,,,2022-03-15,125.83,stop,6,-1.0,True,-20127.73,391.06
ADANIENSOL,2022-02-22,2022-02-24,1990.0,1808.29,2.0,2022-03-04,2353.420248779297,2022-03-30,2535.13,target3,22,2.5,False,46332.22,468.26
GAEL,2022-03-10,2022-03-15,117.35,105.9,2.0,2022-04-11,140.23426758864656,2022-04-13,151.68,target3,20,2.5,False,42531.26,404.43
HINDALCO,2022-02-28,2022-03-04,590.63,516.26,2.0,,,2022-04-18,529.55,stall,28,-0.821,False,-16690.02,296.33
WELCORP,2022-04-11,2022-04-18,200.99,181.09,2.0,,,2022-05-02,181.09,stop,10,-1.0,False,-19709.38,354.54
BALRAMCHIN,2022-03-09,2022-03-14,476.97,419.75,2.0,,,2022-05-04,436.96,stall,33,-0.699,False,-12884.73,282.72
CRISIL,2022-04-27,2022-05-02,3484.46,3127.67,2.0,,,2022-05-06,3127.67,stop,3,-1.0,False,-19747.9,343.69
AMBER,2022-04-28,2022-05-04,3928.0,3438.36,2.0,,,2022-05-10,3438.36,stop,4,-1.0,False,-19374.36,276.9
HOMEFIRST,2022-05-02,2022-05-06,776.19,666.03,2.0,,,2022-05-10,759.21,stall,2,-0.154,False,-3610.55,247.93
COALINDIA,2022-02-25,2022-03-03,140.05,112.35,2.0,,,2022-05-11,126.83,deep,45,-0.477,False,-9662.37,188.19
GUJALKALI,2022-03-25,2022-03-30,813.16,721.89,2.0,,,2022-05-11,721.89,stop,27,-1.0,False,-19321.22,306.9
RENUKA,2022-04-07,2022-04-12,58.95,43.01,2.0,,,2022-05-11,43.01,stop,18,-1.0,False,-19307.81,122.07
CRISIL,2022-05-09,2022-05-11,3127.1,2948.78,2.0,,,2022-05-12,2948.78,stop,1,-1.0,False,-18201.63,554.11
ADANIGREEN,2022-04-08,2022-04-13,2880.0,2208.89,2.0,,,2022-05-13,2208.89,stop,19,-1.0,False,-18781.87,140.5
BDL,2022-05-11,2022-05-12,318.94,296.47,2.0,2022-05-20,363.86966501969414,2022-05-23,386.33,target3,7,2.5,False,38977.13,492.63
ATGL,2022-05-11,2022-05-13,2450.41,2230.55,2.0,,,2022-05-25,2230.55,stop,8,-1.0,False,-15883.12,325.67
RCF,2022-05-18,2022-05-23,94.35,81.45,2.0,,,2022-05-25,92.73,stall,2,-0.126,False,-2446.48,233.96
FINEORG,2022-02-23,2022-02-28,4259.3,3729.36,2.0,2022-06-02,5319.186806423444,2022-06-02,5849.13,target3,63,2.5,False,45315.21,345.67
CHALET,2022-05-30,2022-06-02,320.15,292.98,2.0,,,2022-06-06,292.98,stop,2,-1.0,False,-17649.3,369.21
NLCINDIA,2022-05-17,2022-05-20,74.73,64.83,2.0,,,2022-06-10,66.44,stall,15,-0.837,False,-13641.45,225.3
RENUKA,2022-06-01,2022-06-06,53.15,47.25,2.0,,,2022-06-13,47.25,stop,5,-1.0,False,-16730.1,276.36
ELGIEQUIP,2022-06-09,2022-06-14,410.52,384.57,2.0,,,2022-06-16,384.57,stop,2,-1.0,False,-17211.79,476.39
ATGL,2022-05-26,2022-05-27,2436.43,2139.72,2.0,,,2022-06-17,2139.72,stop,15,-1.0,False,-15749.43,236.34
COROMANDEL,2022-06-13,2022-06-16,936.93,861.72,2.0,,,2022-06-20,861.72,stop,2,-1.0,False,-16002.84,366.92
ABB,2022-05-05,2022-05-10,2249.8,2044.88,2.0,,,2022-06-22,2187.11,stall,31,-0.306,False,-5859.71,367.86
MRPL,2022-06-21,2022-06-23,84.56,75.62,2.0,,,2022-07-04,75.62,stop,7,-1.0,False,-15309.29,265.54
ASAHIINDIA,2022-06-15,2022-06-20,458.32,425.38,2.0,2022-06-24,524.1936084533454,2022-07-05,557.13,target3,11,2.5,False,34792.09,440.82
JAMNAAUTO,2022-06-30,2022-07-04,119.25,112.18,2.0,,,2022-08-04,112.18,stop,23,-1.0,False,-17297.06,507.84
PHOENIXLTD,2022-06-17,2022-06-22,549.66,511.35,2.0,2022-07-07,626.2606016959,2022-08-12,664.56,target3,36,2.5,False,35964.25,469.35
BDL,2022-08-08,2022-08-12,432.15,399.65,2.0,,,2022-08-22,399.65,stop,5,-1.0,False,-16525.32,404.39
ABB,2022-07-04,2022-07-07,2489.98,2219.25,2.0,2022-08-25,3031.434902515323,2022-09-01,3302.16,target3,37,2.5,False,37542.86,323.23
ELGIEQUIP,2022-08-01,2022-08-04,437.33,367.67,2.0,,,2022-09-27,418.28,deep,35,-0.273,False,-4991.13,193.75
CHOLAFIN,2022-08-01,2022-08-04,758.84,684.35,2.0,,,2022-09-28,711.82,stall,36,-0.631,False,-10517.07,311.43
ASHOKLEY,2022-05-20,2022-05-25,64.25,57.42,2.0,,,2022-10-04,69.98,stall,91,0.838,False,12848.6,314.33
CCL,2022-08-22,2022-08-23,446.79,402.24,2.0,,,2022-10-21,466.28,stall,41,0.438,False,5730.77,320.97
ASAHIINDIA,2022-08-22,2022-08-25,626.51,549.28,2.0,,,2022-10-24,599.66,stall,40,-0.348,False,-6523.02,256.88
RENUKA,2022-09-20,2022-09-23,60.8,49.5,2.0,,,2022-11-14,54.55,stall,33,-0.553,False,-9726.92,173.75
ASTERDM,2022-09-27,2022-09-28,192.44,174.66,2.0,,,2022-11-15,174.66,stop,31,-1.0,True,-17118.05,329.75
RAYMOND,2022-09-29,2022-10-04,1083.77,997.71,2.0,2022-10-12,1255.8944468941856,2022-11-17,1341.95,target3,29,2.5,False,38038.31,438.25
ALLCARGO,2022-11-09,2022-11-14,109.46,98.35,2.0,,,2022-12-13,100.22,stall,21,-0.832,False,-15129.93,318.26
KIMS,2022-11-14,2022-11-15,317.8,288.12,2.0,,,2022-12-14,288.12,stop,21,-1.0,False,-18238.91,347.54
POLYCAB,2022-12-12,2022-12-15,2944.65,2659.51,2.0,,,2022-12-19,2659.51,stop,2,-1.0,False,-17432.57,330.91
LAXMIMACH,2022-10-19,2022-10-24,12528.34,11765.51,2.0,,,2022-12-23,11765.51,stop,42,-1.0,False,-18016.06,516.21
KALYANKJIL,2022-12-09,2022-12-13,119.83,107.52,2.0,,,2022-12-23,107.52,stop,8,-1.0,False,-17723.03,307.48
PNBHOUSING,2022-12-19,2022-12-21,437.28,379.34,2.0,,,2022-12-23,379.34,stop,2,-1.0,False,-16824.85,231.27
LINDEINDIA,2022-12-22,2022-12-23,3503.46,3253.43,2.0,,,2022-12-26,3253.43,stop,1,-1.0,True,-17031.84,420.5
MAXHEALTH,2022-12-20,2022-12-23,444.97,420.31,2.0,,,2022-12-27,444.92,stall,2,-0.002,False,-1042.1,561.5
CANBK,2022-10-17,2022-10-19,43.94,39.0,2.0,2022-11-07,53.816794638083145,2022-12-30,58.76,target3,50,2.5,False,40161.76,330.73
CGCL,2022-12-22,2022-12-27,728.23,693.97,2.0,,,2023-01-11,705.71,stall,11,-0.657,False,-11515.48,599.68
GODFRYPHLP,2023-01-06,2023-01-11,667.83,613.8,2.0,,,2023-01-16,613.8,stop,3,-1.0,False,-15573.63,341.09
CENTRALBK,2023-01-11,2023-01-16,30.26,28.6,2.0,,,2023-01-25,28.6,stop,7,-1.0,False,-15169.17,503.57
HUDCO,2022-11-15,2022-11-17,42.18,35.53,2.0,,,2023-01-27,42.18,stall,50,0.0,False,-751.36,214.68
SCI,2023-01-02,2023-01-04,140.71,122.37,2.0,,,2023-01-27,122.37,stop,16,-1.0,False,-15248.37,208.27
KARURVYSYA,2023-01-23,2023-01-25,88.13,81.26,2.0,,,2023-01-31,83.95,stall,3,-0.608,False,-9420.19,339.15
MAXHEALTH,2023-01-23,2023-01-27,445.97,423.89,2.0,,,2023-01-31,438.06,stall,2,-0.358,False,-5739.47,533.79
INDIANB,2023-01-30,2023-01-31,271.64,251.92,2.0,,,2023-02-01,251.92,stop,1,-1.0,False,-14524.53,352.84
AEGISLOG,2022-12-26,2022-12-27,334.27,308.4,2.0,,,2023-02-22,341.64,stall,40,0.285,False,2772.66,374.33
M&M,2023-01-27,2023-01-31,1316.01,1252.72,2.0,,,2023-02-24,1252.72,stop,18,-1.0,False,-14260.51,539.4
RATNAMANI,2023-02-21,2023-02-23,2232.25,2081.35,2.0,,,2023-02-27,2081.35,stop,2,-1.0,False,-13743.4,357.14
RITES,2023-03-01,2023-03-06,160.75,148.59,2.0,,,2023-03-09,159.56,stall,2,-0.097,False,-2466.72,342.57
PFC,2023-03-03,2023-03-09,118.94,105.67,2.0,,,2023-03-20,105.67,stop,7,-1.0,False,-13622.26,223.81
KPITTECH,2023-03-15,2023-03-20,855.3,768.01,2.0,,,2023-04-03,768.01,stop,9,-1.0,False,-13016.38,234.21
RADICO,2023-01-27,2023-02-01,1126.34,1031.09,2.0,,,2023-04-12,1079.9,stall,46,-0.488,False,-7677.53,312.76
TRITURBINE,2023-02-27,2023-02-28,306.17,285.27,2.0,2023-03-01,347.96523930369176,2023-04-27,368.86,target3,37,2.5,False,29095.13,387.32
FINCABLES,2023-02-21,2023-02-24,703.71,645.61,2.0,2023-03-06,819.9034307891683,2023-04-28,878.0,target3,40,2.5,False,29878.08,331.81
RAYMOND,2023-04-24,2023-04-27,1620.69,1490.93,2.0,,,2023-05-22,1490.93,stop,16,-1.0,True,-12911.21,296.81
BHEL,2023-04-28,2023-05-04,86.4,76.94,2.0,,,2023-05-29,76.94,stop,17,-1.0,False,-13001.15,217.67
SUZLON,2023-05-26,2023-05-31,10.9,9.44,2.0,2023-06-07,13.818899236679076,2023-06-12,15.28,target3,8,2.5,False,32347.3,228.49
PFC,2023-04-06,2023-04-12,118.31,107.92,2.0,2023-06-08,139.09269386287326,2023-06-21,149.48,target3,48,2.5,False,30522.41,314.25
TORNTPOWER,2023-06-07,2023-06-08,692.17,598.63,2.0,,,2023-06-28,598.63,stop,14,-1.0,False,-14624.7,192.52
JBMA,2023-06-07,2023-06-09,467.62,399.9,2.0,2023-06-28,603.0667575780733,2023-06-30,670.79,target3,14,2.5,False,33373.7,222.81
EQUITASBNK,2023-02-21,2023-02-24,68.37,59.8,2.0,2023-05-30,85.49322769977621,2023-07-13,94.06,target3,92,2.5,False,30236.88,229.29
AETHER,2023-06-20,2023-06-23,1168.0,984.51,2.0,,,2023-08-09,1050.0,stall,32,-0.643,False,-9976.11,175.94
ABCAPITAL,2023-06-23,2023-06-28,193.2,167.83,2.0,,,2023-08-17,181.0,stall,34,-0.481,False,-7387.64,214.74
SONATSOFTW,2023-03-31,2023-04-03,406.64,362.21,2.0,2023-06-09,495.5068765612544,2023-08-28,494.99,stall_half,99,1.994,False,25163.55,260.91
METROBRAND,2023-05-24,2023-05-29,930.32,805.88,2.0,,,2023-09-04,1029.85,stall,68,0.8,False,9563.3,202.28
KEC,2023-05-19,2023-05-22,538.47,474.75,2.0,2023-07-26,665.9222118242183,2023-09-13,729.65,target3,80,2.5,False,31366.17,246.85
FACT,2023-06-12,2023-06-15,377.26,314.55,2.0,2023-07-13,502.6729703331542,2023-09-15,565.38,target3,64,2.5,False,34644.05,205.56
EIHOTEL,2023-08-30,2023-09-04,262.24,226.75,2.0,,,2023-09-20,226.75,stop,11,-1.0,False,-17250.29,226.74
CYIENT,2023-09-01,2023-09-06,1805.6,1559.32,2.0,,,2023-09-20,1559.32,stop,9,-1.0,False,-17088.3,227.88
IOB,2023-08-11,2023-08-17,32.5,27.07,2.0,2023-09-18,43.35419923782349,2023-10-04,48.78,target3,32,2.5,False,39687.31,232.24
IIFL,2023-07-10,2023-07-13,538.06,500.57,2.0,2023-08-01,613.0376438692346,2023-10-16,650.53,target3,64,2.5,False,37223.56,475.3
ANGELONE,2023-09-14,2023-09-20,181.13,166.42,2.0,2023-10-13,210.5614607077375,2023-10-20,225.28,target3,21,2.5,False,42246.38,467.43
BANKINDIA,2023-09-13,2023-09-15,98.36,88.26,2.0,,,2023-10-23,88.26,stop,24,-1.0,False,-17532.31,313.73
JINDALSAW,2023-10-11,2023-10-16,177.08,164.88,2.0,,,2023-10-26,164.88,stop,7,-1.0,False,-19939.71,508.86
CRISIL,2023-10-18,2023-10-23,4048.05,3704.57,2.0,,,2023-10-26,3704.57,stop,2,-1.0,False,-20132.16,421.13
NLCINDIA,2023-08-07,2023-08-10,127.48,108.93,2.0,,,2023-10-30,125.88,stall,53,-0.086,False,-2167.15,221.03
NETWORK18,2023-10-03,2023-10-06,73.5,63.24,2.0,,,2023-11-03,68.05,stall,19,-0.531,False,-10130.65,241.19
SWANENERGY,2023-10-25,2023-10-27,333.0,295.0,2.0,2023-11-08,408.9906,2023-11-13,446.99,target3,11,2.5,False,41347.86,336.1
BHEL,2023-11-10,2023-11-16,137.0,123.31,2.0,2023-11-29,164.3638001361803,2023-12-05,178.05,target3,12,2.5,False,46787.89,428.48
ZFCVINDIA,2023-07-27,2023-08-01,2161.27,1940.55,2.0,2023-09-06,2602.7086416284487,2023-12-15,2585.38,stall_half,92,1.961,False,30378.98,347.15
JINDALSAW,2023-10-26,2023-10-30,191.92,160.67,2.0,,,2023-12-21,198.62,stall,36,0.214,False,2964.45,217.04
MAPMYINDIA,2023-10-25,2023-10-26,1982.11,1863.65,2.0,2023-11-16,2219.029594112759,2023-12-22,2049.87,stall_half,39,1.286,False,20999.08,596.44
WELSPUNLIV,2023-10-25,2023-10-30,147.63,118.62,2.0,,,2023-12-28,142.2,stall,40,-0.187,False,-3565.04,173.57
IRB,2023-12-21,2023-12-22,20.68,18.39,2.0,2024-01-23,25.244100725083154,2024-01-29,27.53,target3,23,2.5,False,47003.03,393.4
CDSL,2023-11-08,2023-11-13,904.19,782.55,2.0,,,2024-01-30,869.82,stall,51,-0.283,False,-5670.57,267.77
360ONE,2023-11-30,2023-12-05,606.76,538.13,2.0,,,2024-01-31,615.42,stall,38,0.126,False,1268.48,353.8
IDEA,2023-11-01,2023-11-03,14.0,11.79,2.0,,,2024-02-02,14.3,stall,60,0.136,False,2028.33,230.47
OIL,2023-12-19,2023-12-21,225.67,202.46,2.0,2024-01-30,272.0778388025436,2024-02-06,295.28,target3,30,2.5,False,46372.31,413.69
ABFRL,2024-01-24,2024-01-30,243.4,222.53,2.0,,,2024-02-23,227.95,stall,18,-0.74,False,-16339.84,472.55
ALOKINDS,2024-01-02,2024-01-03,27.45,20.98,2.0,,,2024-02-29,28.05,stall,39,0.093,False,1520.39,168.73
EPIGRAL,2024-02-20,2024-02-23,1234.01,1052.47,2.0,,,2024-03-12,1052.47,stop,11,-1.0,False,-21865.88,263.77
EIDPARRY,2024-01-23,2024-01-29,623.9,559.84,2.0,,,2024-03-13,559.84,stop,31,-1.0,False,-21839.03,379.04
NSLNISP,2024-01-25,2024-01-31,66.2,55.24,2.0,,,2024-03-13,55.24,stop,29,-1.0,False,-21409.82,232.69
MSUMI,2024-01-30,2024-02-02,46.18,40.2,2.0,,,2024-03-13,40.2,stop,27,-1.0,False,-21849.57,307.67
UCOBANK,2024-02-02,2024-02-06,57.31,46.98,2.0,,,2024-03-13,46.98,stop,25,-1.0,False,-22037.54,218.49
INDUSTOWER,2024-02-28,2024-03-04,265.55,234.27,2.0,,,2024-03-13,234.27,stop,6,-1.0,False,-21015.89,326.37
NIACL,2023-11-24,2023-11-29,224.19,171.9,2.0,,,2024-03-14,214.85,deep,72,-0.179,False,-3709.3,160.74
GRAPHITE,2024-03-07,2024-03-13,619.4,572.66,2.0,,,2024-03-14,572.66,stop,1,-1.0,False,-19646.83,479.08
INTELLECT,2024-03-07,2024-03-13,1109.8,1066.08,2.0,,,2024-03-19,1066.08,stop,4,-1.0,False,-20467.13,934.81
SPARC,2024-04-04,2024-04-08,455.3,395.6,2.0,,,2024-04-15,395.6,stop,4,-1.0,True,-19118.76,259.57
REDINGTON,2024-03-12,2024-03-14,195.84,184.82,2.0,2024-04-08,217.89102425817356,2024-05-13,196.75,stall_half,37,1.041,False,17188.55,644.7
AMBUJACEM,2024-03-14,2024-03-19,577.95,544.79,2.0,,,2024-05-13,577.31,stall,34,-0.019,False,-1422.73,603.84
GESHIP,2024-03-14,2024-03-19,949.14,846.27,2.0,,,2024-05-16,978.82,stall,37,0.288,False,3862.81,324.87
ADANIPOWER,2024-05-08,2024-05-13,120.62,114.37,2.0,2024-05-21,133.12896153259277,2024-05-22,139.38,target3,6,2.5,False,41676.86,705.54
ENGINERSIN,2024-05-16,2024-05-22,263.42,238.27,2.0,,,2024-05-28,238.27,stop,4,-1.0,False,-19484.79,375.31
SJVN,2024-03-14,2024-03-18,123.48,94.49,2.0,,,2024-06-05,122.46,deep,51,-0.035,False,-887.32,149.92
ENDURANCE,2024-05-15,2024-05-21,2172.31,2000.69,2.0,2024-06-13,2515.5625153400415,2024-06-14,2687.19,target3,18,2.5,False,43445.1,502.95
MOTHERSON,2024-05-23,2024-05-28,95.19,86.06,2.0,2024-06-14,113.44696364437246,2024-06-20,122.58,target3,16,2.5,False,48180.25,457.81
VIJAYA,2024-05-08,2024-05-13,791.32,651.85,2.0,,,2024-07-02,780.7,stall,34,-0.076,False,-1985.41,193.63
BEML,2024-05-13,2024-05-16,1877.71,1603.21,2.0,2024-07-05,2426.710690038831,2024-07-05,2701.21,target3,34,2.5,False,44352.64,290.45
CHEMPLASTS,2024-06-10,2024-06-13,563.7,402.4,2.0,,,2024-07-24,521.9,stall,27,-0.259,False,-5576.03,132.75
VEDL,2024-04-09,2024-04-15,317.59,271.97,2.0,2024-05-21,408.827878609885,2024-07-29,388.62,stall_half,70,1.779,False,30551.05,274.08
BDL,2024-05-17,2024-05-21,1259.22,1013.43,2.0,2024-07-05,1750.7993736941287,2024-07-30,1457.9,stall_half,48,1.404,False,25011.08,210.67
FSL,2024-07-02,2024-07-05,226.59,207.58,2.0,2024-07-30,264.59578527183373,2024-08-01,283.6,target3,18,2.5,False,53382.38,573.43
APARINDS,2024-07-29,2024-08-01,9188.64,8094.83,2.0,,,2024-08-05,8094.83,stop,2,-1.0,False,-23819.11,365.96
FACT,2024-06-14,2024-06-20,906.99,766.17,2.0,,,2024-08-16,925.41,stall,39,0.131,False,2224.63,269.5
3MINDIA,2024-06-11,2024-06-14,35696.45,33179.22,2.0,,,2024-08-19,35357.64,stall,43,-0.135,False,-3707.62,564.46
KNRCON,2024-06-05,2024-06-07,381.64,291.67,2.0,,,2024-08-20,343.66,stall,49,-0.422,False,-8361.26,154.39
PCBL,2024-08-01,2024-08-05,352.65,313.83,2.0,2024-08-21,430.2941088226779,2024-08-23,469.11,target3,13,2.5,False,56004.51,470.01
IDBI,2024-07-24,2024-07-25,96.53,83.84,2.0,,,2024-09-09,86.55,stall,31,-0.787,False,-17954.22,318.65
ASHOKLEY,2024-07-25,2024-07-30,121.91,106.8,2.0,,,2024-09-16,116.94,stall,33,-0.329,False,-8175.63,361.72
NYKAA,2024-08-21,2024-08-23,228.3,190.43,2.0,,,2024-09-26,199.35,stall,24,-0.764,False,-17619.28,253.53
TRITURBINE,2024-08-12,2024-08-16,779.38,670.19,2.0,,,2024-10-03,676.21,stall,33,-0.945,False,-20869.4,287.15
POLICYBZR,2024-08-13,2024-08-19,1703.85,1436.46,2.0,,,2024-10-09,1667.0,stall,36,-0.138,False,-3522.19,276.64
SAREGAMA,2024-09-30,2024-10-03,646.07,548.24,2.0,,,2024-10-14,548.24,stop,7,-1.0,False,-22871.62,273.21
GLS,2024-10-08,2024-10-09,1213.54,1105.01,2.0,,,2024-10-18,1105.01,stop,7,-1.0,False,-23511.91,467.33
SHARDACROP,2024-10-15,2024-10-18,599.18,558.33,2.0,,,2024-10-25,558.33,stop,5,-1.0,False,-23548.09,607.07
EPIGRAL,2024-09-09,2024-09-11,2139.57,1769.82,2.0,,,2024-10-28,1909.93,deep,32,-0.621,False,-14577.79,242.13
ECLERX,2024-08-16,2024-08-21,1353.15,1199.16,2.0,,,2024-10-30,1427.87,stall,49,0.485,False,9351.52,400.17
FLUOROCHEM,2024-09-11,2024-09-16,4393.16,3855.31,2.0,,,2024-11-14,4079.18,stall,42,-0.584,False,-13532.88,348.25
EPL,2024-08-14,2024-08-19,244.6,209.72,2.0,,,2024-11-25,256.83,stall,67,0.351,False,7129.26,315.53
MAXHEALTH,2024-10-25,2024-10-30,974.18,900.51,2.0,,,2024-12-02,973.83,stall,21,-0.005,False,-1049.19,530.04
BSE,2024-11-27,2024-12-02,1548.45,1420.76,2.0,2024-12-06,1803.8310357311361,2024-12-20,1931.52,target3,14,2.5,False,52393.27,571.69
DEEPAKFERT,2024-10-23,2024-10-25,1125.94,948.35,2.0,,,2024-12-23,1125.89,deep,39,-0.0,False,-465.08,255.25
NEULANDLAB,2024-11-11,2024-11-14,14597.91,12792.59,2.0,,,2024-12-23,14138.29,deep,25,-0.255,False,-5730.86,322.06
DOMS,2024-11-19,2024-11-25,2936.33,2659.11,2.0,,,2024-12-23,2659.11,stop,20,-1.0,False,-21991.1,414.57
AMBER,2024-12-19,2024-12-23,6189.0,5869.12,2.0,2024-12-24,6828.75,2024-12-24,7148.62,target3,1,2.5,False,50487.87,857.4
COFORGE,2024-10-23,2024-10-25,1519.5,1369.74,2.0,2024-12-12,1819.000215533143,2024-12-30,1968.75,target3,43,2.5,False,49498.72,458.83
HINDPETRO,2024-12-19,2024-12-24,396.37,374.64,2.0,,,2025-01-06,374.64,stop,8,-1.0,False,-23243.21,774.97
NAM-INDIA,2024-12-06,2024-12-11,785.96,675.34,2.0,,,2025-01-08,675.34,stop,19,-1.0,False,-23389.02,295.33
MANKIND,2024-12-18,2024-12-20,2906.65,2622.39,2.0,,,2025-01-13,2622.39,stop,15,-1.0,False,-22232.96,417.81
ZENTEC,2024-12-19,2024-12-24,2593.35,2256.56,2.0,,,2025-01-13,2256.56,stop,13,-1.0,False,-22414.6,314.63
APARINDS,2025-01-01,2025-01-06,10896.98,10229.68,2.0,,,2025-01-13,10229.68,stop,5,-1.0,False,-23061.62,690.76
HCLTECH,2025-01-08,2025-01-13,1872.16,1776.2,2.0,,,2025-01-14,1776.2,stop,1,-1.0,False,-21627.79,769.66
CRISIL,2024-12-30,2025-01-01,6262.07,5396.29,2.0,,,2025-01-20,5396.29,stop,13,-1.0,False,-22583.56,290.42
BSE,2025-01-13,2025-01-14,1752.81,1667.43,2.0,2025-01-15,1923.5487006064006,2025-01-20,2008.92,target3,4,2.5,False,47484.35,854.21
FSL,2025-01-14,2025-01-16,371.05,341.28,2.0,,,2025-01-22,341.28,stop,4,-1.0,False,-20730.11,475.6
360ONE,2025-01-15,2025-01-20,1199.46,1111.83,2.0,,,2025-01-22,1179.8,stall,2,-0.224,False,-5464.12,542.91
LAURUSLABS,2025-01-17,2025-01-22,578.16,549.55,2.0,,,2025-01-27,549.55,stop,3,-1.0,False,-20785.45,764.99
AMBER,2025-01-23,2025-01-24,7200.0,6291.05,2.0,,,2025-01-28,6640.1,stall,2,-0.616,False,-12398.03,293.41
PTCIL,2025-01-03,2025-01-08,16901.0,13256.78,2.0,,,2025-02-07,14555.0,stall,23,-0.644,False,-14465.16,185.26
EICHERMOT,2025-01-22,2025-01-27,5123.57,4884.91,2.0,,,2025-02-12,4884.91,stop,13,-1.0,False,-20910.96,815.38
MARICO,2025-01-08,2025-01-13,660.87,613.22,2.0,,,2025-02-13,623.79,stall,24,-0.778,False,-16737.25,545.82
REDINGTON,2025-02-10,2025-02-13,239.47,224.18,2.0,,,2025-02-18,224.18,stop,3,-1.0,False,-18719.3,538.29
BHARTIARTL,2025-02-07,2025-02-12,1693.39,1619.82,2.0,,,2025-02-20,1619.82,stop,6,-1.0,False,-19244.24,801.68
SUNDARMFIN,2025-02-17,2025-02-18,4587.42,4338.02,2.0,,,2025-02-25,4338.02,stop,5,-1.0,False,-19692.83,626.31
NH,2025-02-18,2025-02-20,1376.76,1310.6,2.0,2025-02-25,1509.0757335858418,2025-03-03,1575.23,target3,6,2.5,False,40218.29,756.49
CHOLAHLDNG,2025-02-28,2025-03-03,1668.85,1541.24,2.0,,,2025-03-17,1541.24,stop,9,-1.0,False,-18474.76,427.15
ABBOTINDIA,2025-02-24,2025-02-25,29439.97,28118.34,2.0,,,2025-04-07,28118.34,stop,26,-1.0,True,-17928.34,724.04
NAVA,2025-03-26,2025-04-01,508.97,456.27,2.0,,,2025-04-07,456.27,stop,4,-1.0,True,-18986.07,326.84
PNBHOUSING,2025-04-04,2025-04-08,960.11,923.96,2.0,,,2025-04-09,923.96,stop,1,-1.0,False,-18166.9,865.72
GODFRYPHLP,2025-03-11,2025-03-17,1872.57,1646.74,2.0,2025-04-01,2324.2326648450758,2025-04-22,2550.06,target3,22,2.5,False,41650.97,322.38
AAVAS,2025-04-07,2025-04-09,2061.05,1672.53,2.0,,,2025-05-06,1812.0,deep,15,-0.641,False,-11010.29,166.56
ASTRAZEN,2025-04-07,2025-04-09,8052.48,7169.44,2.0,,,2025-05-15,7975.24,stall,22,-0.087,False,-2007.34,303.27
NAVINFLUOR,2025-01-29,2025-01-31,4179.82,3485.55,2.0,,,2025-05-26,4258.88,stall,75,0.114,False,1688.92,223.16
JSWHL,2025-05-12,2025-05-15,24375.0,22177.8,2.0,,,2025-06-04,22595.0,stall,14,-0.81,False,-15699.04,379.24
AIIL,2025-05-09,2025-05-13,383.91,329.91,2.0,2025-06-03,491.90608312799753,2025-06-25,545.9,target3,31,2.5,False,43176.75,295.68
NH,2025-03-03,2025-03-04,1655.1,1445.15,2.0,2025-06-25,2075.013058199116,2025-06-27,2284.97,target3,77,2.5,False,42653.19,315.8
ASTRAZEN,2025-06-02,2025-06-04,9455.68,8363.51,2.0,,,2025-07-02,8928.48,stall,20,-0.483,False,-9399.51,308.42
GODREJIND,2025-06-05,2025-06-10,1348.0,1179.42,2.0,,,2025-07-02,1179.42,stop,16,-1.0,False,-19706.25,280.71
COROMANDEL,2025-04-07,2025-04-09,2047.57,1838.93,2.0,2025-05-13,2464.8450045404543,2025-07-09,2200.93,stall_half,61,1.368,False,22218.08,350.81
BDL,2025-06-27,2025-07-02,1977.16,1818.26,2.0,,,2025-07-14,1818.26,stop,8,-1.0,False,-20303.33,464.97
BHARTIHEXA,2025-04-16,2025-04-22,1642.05,1480.85,2.0,2025-06-27,1964.4580337109974,2025-07-21,1781.98,stall_half,63,1.434,False,24480.45,382.74
SBFC,2025-07-09,2025-07-14,118.5,110.54,2.0,,,2025-07-25,110.54,stop,9,-1.0,False,-20925.17,546.97
RPOWER,2025-05-23,2025-05-26,53.1,44.36,2.0,2025-06-10,70.58879237365723,2025-07-28,55.0,deep_half,45,1.109,False,19047.37,232.71
LTFOODS,2025-06-24,2025-06-27,445.71,399.08,2.0,,,2025-08-14,459.77,stall,34,0.301,False,4972.31,362.37
GMDCLTD,2025-07-18,2025-07-22,434.93,367.77,2.0,2025-09-15,569.2554351701118,2025-09-23,636.42,target3,43,2.5,False,46313.3,289.46
JMFINANCIL,2025-08-11,2025-08-13,162.68,148.83,2.0,2025-08-21,190.3813283823262,2025-09-25,167.45,stall_half,29,1.172,False,20808.43,455.01
CCL,2025-06-23,2025-06-25,847.16,772.57,2.0,,,2025-10-01,844.72,stall,68,-0.033,False,-1377.04,424.7
FORTIS,2025-07-22,2025-07-25,844.35,793.62,2.0,2025-08-13,945.8178111652771,2025-10-01,996.55,target3,46,2.5,False,45033.04,661.66
ENDURANCE,2025-08-18,2025-08-20,2925.0,2628.27,2.0,,,2025-10-01,2742.0,stall,29,-0.617,False,-13339.34,372.69
TATAINVEST,2025-09-23,2025-09-24,820.77,723.69,2.0,2025-09-30,1014.9219020409355,2025-10-03,1112.0,target3,6,2.5,False,51364.91,404.44
GLAND,2025-09-26,2025-10-01,1992.0,1878.12,2.0,,,2025-10-13,1924.0,stall,7,-0.597,False,-15092.44,723.35
ABCAPITAL,2025-09-29,2025-10-01,292.5,279.27,2.0,2025-10-30,318.9591243896484,2025-10-31,332.19,target3,20,2.5,False,50819.78,982.76
CREDITACC,2025-10-29,2025-10-31,1479.0,1368.63,2.0,,,2025-11-06,1368.63,stop,3,-1.0,False,-24080.16,593.71
GRAPHITE,2025-10-27,2025-10-30,625.0,556.24,2.0,,,2025-11-10,556.24,stop,6,-1.0,False,-23218.98,386.94
NEULANDLAB,2025-11-04,2025-11-10,19000.0,17099.88,2.0,,,2025-11-11,17099.88,stop,1,-1.0,False,-23289.43,427.84
HINDCOPPER,2025-11-07,2025-11-12,359.32,316.58,2.0,,,2025-11-21,316.58,stop,7,-1.0,False,-22357.36,343.71
ADANIPOWER,2025-09-19,2025-09-22,148.2,132.94,2.0,2025-09-23,178.7261162109375,2025-11-24,150.0,stall_half,42,1.059,False,20433.92,409.4
RBLBANK,2025-10-08,2025-10-13,290.45,273.53,2.0,2025-10-20,324.2976610107422,2025-12-08,306.7,stall_half,38,1.48,False,29847.84,754.91
NESTLEIND,2025-10-15,2025-10-20,1282.58,1168.02,2.0,,,2025-12-08,1240.2,stall,33,-0.37,False,-8876.76,477.36
INDIACEM,2025-12-04,2025-12-05,413.25,373.23,2.0,,,2025-12-09,408.0,stall,2,-0.131,False,-4298.87,434.55
COROMANDEL,2025-12-05,2025-12-10,2365.67,2243.9,2.0,,,2025-12-11,2243.9,stop,1,-1.0,False,-22334.71,791.51
NH,2025-11-13,2025-11-18,2008.0,1755.14,2.0,,,2025-12-19,1846.1,stall,23,-0.64,False,-14652.09,334.47
BSE,2025-10-31,2025-11-06,2495.0,2323.77,2.0,2025-11-18,2837.4520048828126,2025-12-22,2698.2,stall_half,32,1.593,False,34418.5,687.82
HINDCOPPER,2025-12-04,2025-12-08,371.4,341.11,2.0,2025-12-24,431.99137268528034,2025-12-26,462.28,target3,13,2.5,False,52294.45,576.42
IIFL,2025-12-22,2025-12-26,601.35,557.46,2.0,,,2026-01-22,557.46,stop,19,-1.0,False,-22418.21,565.08
APLAPOLLO,2025-12-17,2025-12-22,1825.0,1718.28,2.0,2026-01-23,2038.44,2026-01-29,2145.16,target3,26,2.5,False,50144.48,756.14
JSL,2026-01-27,2026-01-29,830.47,728.57,2.0,,,2026-02-02,790.0,stall,2,-0.397,False,-9852.86,367.98
CUB,2026-01-21,2026-01-23,213.0,199.23,2.0,2026-02-03,240.54884390258792,2026-02-23,211.27,stall_half,20,0.937,False,19699.44,713.28
CRAFTSMAN,2025-12-09,2025-12-11,7100.0,6716.28,2.0,2026-01-02,7867.446,2026-03-09,7201.0,stall_half,58,1.132,False,20265.5,774.33
AXISBANK,2026-01-29,2026-02-03,1403.0,1304.69,2.0,,,2026-03-09,1304.69,stop,23,-1.0,True,-23420.34,614.61
J&KBANK,2026-02-25,2026-02-27,120.63,109.39,2.0,,,2026-03-09,109.39,stop,5,-1.0,False,-24936.89,476.23
ABSLAMC,2026-03-05,2026-03-09,901.0,867.08,2.0,2026-03-10,968.8358756103516,2026-03-10,1002.75,target3,1,2.5,False,51634.39,1245.97
EMCURE,2026-03-09,2026-03-10,1557.3,1393.51,2.0,,,2026-03-12,1560.0,stall,2,0.016,False,-1059.8,402.37
SAIL,2025-12-30,2026-01-02,148.6,133.41,2.0,,,2026-03-16,148.97,stall,49,0.024,False,-249.08,447.49
AARTIIND,2026-03-05,2026-03-10,423.7,407.44,2.0,2026-03-12,456.2157244262695,2026-03-23,407.44,stop_half,9,0.5,False,6677.16,1112.56
J&KBANK,2026-03-10,2026-03-12,123.51,112.78,2.0,,,2026-03-23,112.78,stop,7,-1.0,False,-23809.74,504.2
SYRMA,2026-03-20,2026-03-24,796.85,759.24,2.0,,,2026-03-27,816.05,stall,2,0.511,False,9588.07,948.93
OIL,2026-01-27,2026-01-30,503.84,426.4,2.0,,,2026-04-16,465.85,stall,49,-0.491,False,-11749.0,286.69
ASTERDM,2026-03-24,2026-03-27,650.15,618.92,2.0,2026-04-27,712.6230848109087,2026-05-04,743.86,target3,23,2.5,False,54454.25,992.75
ADANIENSOL,2026-04-22,2026-04-27,1425.0,1264.03,2.0,,,2026-05-12,1264.03,stop,11,-1.0,False,-25013.62,405.67
CHENNPETRO,2026-03-12,2026-03-17,973.29,861.65,2.0,,,2026-05-21,1012.3,stall,43,0.349,False,7217.63,404.42
WELCORP,2026-04-10,2026-04-16,1061.48,944.12,2.0,2026-05-07,1296.1922150770492,2026-06-03,1413.55,target3,34,2.5,False,55857.83,473.69
ACUTAAS,2026-04-30,2026-05-05,2710.0,2483.51,2.0,2026-05-29,3162.9719999999998,2026-06-08,3389.46,target3,24,2.5,False,60829.81,655.59
RRKABEL,2026-05-07,2026-05-12,1955.07,1799.96,2.0,2026-06-16,2265.3021647608784,2026-06-23,2420.42,target3,30,2.5,False,61943.81,700.51
AUROPHARMA,2026-03-09,2026-03-12,1308.0,1180.92,2.0,2026-06-25,1562.164248779297,2026-06-29,1547.5,eos,73,1.942,False,43554.35,515.93
AIAENG,2026-05-26,2026-05-29,4461.0,3966.03,2.0,,,2026-06-29,4951.4,eos,20,0.991,False,23249.86,478.38
NETWEB,2026-05-29,2026-06-03,4800.0,4046.15,2.0,,,2026-06-29,4454.8,eos,18,-0.458,False,-12329.27,315.33
DATAPATTNS,2026-06-05,2026-06-10,4600.0,4146.85,2.0,,,2026-06-29,4472.1,eos,12,-0.282,False,-8390.43,527.76
ABDL,2026-06-11,2026-06-16,624.1,554.64,2.0,,,2026-06-29,659.5,eos,9,0.51,False,11633.72,483.09
OFSS,2026-06-24,2026-06-26,10974.5,9864.63,2.0,,,2026-06-29,10874.5,eos,1,-0.09,False,-3495.67,548.18
