tkr,sig_date,entry_date,entry,stop0,risk_pct,entry_to_stop_pct,half_date,half_px,exit_date,exit_px,reason,held,R,net_pnl,stt_paid
ALLCARGO,2017-01-02,2017-01-03,38.46,35.7,2.0,7.72,,,2017-01-10,35.97,ma_breach,5,-0.903,-21465.11,539.86
LAXMIMACH,2017-01-02,2017-01-03,3843.07,3662.6,2.0,4.93,,,2017-01-23,3662.6,stop,14,-1.0,-25240.32,831.8
DCAL,2017-01-02,2017-01-03,221.02,198.43,2.0,11.39,,,2017-02-14,215.31,ma_breach,29,-0.253,-6406.79,386.24
FCONSUMER,2017-01-23,2017-01-24,23.25,21.28,2.0,9.26,2017-02-08,27.19260152435303,2017-03-28,27.61,trail,42,2.105,37871.77,500.86
EROSMEDIA,2017-02-13,2017-02-14,209.25,178.92,2.0,16.95,2017-03-24,269.90818780517577,2017-04-12,241.94,trail,38,1.539,30351.71,313.44
AVANTIFEED,2017-01-09,2017-01-10,160.61,145.16,2.0,10.65,2017-02-22,191.5270484248956,2017-04-13,261.77,time,63,4.272,82207.66,500.61
MANPASAND,2017-01-30,2017-02-01,319.5,297.89,2.0,7.25,2017-02-28,362.7144962749547,2017-05-04,341.23,trail,61,1.503,26382.78,594.36
GVKPIL,2017-04-24,2017-04-25,6.55,5.94,2.0,10.19,,,2017-05-09,6.1,ma_breach,9,-0.743,-20807.18,496.91
SUVEN,2017-05-08,2017-05-10,6.58,6.08,2.0,8.35,,,2017-05-19,6.08,stop,7,-1.0,-25977.98,582.95
ALLCARGO,2017-05-15,2017-05-16,39.61,37.42,2.0,5.86,,,2017-05-19,37.42,stop,3,-1.0,-26538.6,830.68
RELCAPITAL,2017-02-20,2017-02-21,441.06,394.47,2.0,11.81,2017-04-25,534.2303993892559,2017-05-23,530.68,trail,60,1.962,39425.77,428.14
RELCAPITAL,2017-06-12,2017-06-13,501.47,461.5,2.0,8.66,,,2017-06-19,509.25,ma_breach,4,0.195,3413.91,578.6
LAXMIMACH,2017-03-27,2017-03-28,3976.07,3641.56,2.0,9.19,2017-06-02,4645.083241067883,2017-06-29,4707.36,time,63,2.093,44307.24,589.49
COFFEEDAY,2017-07-03,2017-07-04,252.75,239.86,2.0,5.37,,,2017-07-10,244.8,ma_breach,4,-0.617,-19748.85,886.46
COFFEEDAY,2017-07-17,2017-07-18,250.95,242.96,2.0,3.29,,,2017-07-28,244.85,ma_breach,8,-0.763,-25621.04,1377.23
THYROCARE,2017-07-03,2017-07-04,205.31,188.58,2.0,8.87,,,2017-07-31,193.64,ma_breach,19,-0.697,-19466.89,547.56
THYROCARE,2017-08-07,2017-08-09,197.12,190.45,2.0,3.51,,,2017-08-10,190.45,stop,1,-1.0,-30872.55,1312.37
GVKPIL,2017-06-27,2017-06-29,7.65,6.04,2.0,26.57,2017-07-24,10.862099905014038,2017-08-24,11.57,trail,39,2.222,49132.07,267.31
COFFEEDAY,2017-09-04,2017-09-05,247.4,237.06,2.0,4.36,,,2017-09-21,237.06,stop,12,-1.0,-28168.85,1019.22
RUPA,2017-10-03,2017-10-04,405.0,350.16,2.0,15.66,,,2017-10-12,385.07,ma_breach,6,-0.363,-9393.93,307.71
EROSMEDIA,2017-10-09,2017-10-10,232.3,210.89,2.0,10.15,,,2017-10-23,210.89,stop,8,-1.0,-22839.51,440.82
RELCAPITAL,2017-10-30,2017-10-31,573.34,532.44,2.0,7.68,,,2017-11-06,569.39,ma_breach,4,-0.097,-3172.51,603.66
SUVEN,2017-09-18,2017-09-20,6.22,5.44,2.0,14.36,2017-10-16,7.784900218713156,2017-11-08,6.91,trail,33,1.44,29247.26,379.06
HATHWAY,2017-12-04,2017-12-05,44.85,34.72,2.0,29.19,,,2017-12-08,34.72,stop,3,-1.0,-22923.08,172.77
GAYAPROJ,2017-08-28,2017-08-29,170.02,148.03,2.0,14.86,2017-12-29,214.01012539672854,2017-12-29,214.81,time,85,2.018,41630.13,381.36
JETAIRWAYS,2017-10-30,2017-10-31,574.0,462.19,2.0,24.19,2017-12-26,797.6253121948242,2018-01-24,775.64,trail,60,1.902,40611.89,262.9
AARTIIND,2017-12-18,2017-12-19,231.7,208.91,2.0,10.91,2018-01-05,277.2727790126902,2018-01-25,251.41,trail,26,1.432,29952.25,503.34
GREENPLY,2017-11-06,2017-11-07,295.02,265.68,2.0,11.04,2018-01-04,353.69998095380123,2018-01-30,345.44,trail,58,1.859,37370.11,477.08
EROSMEDIA,2018-01-08,2018-01-09,254.0,198.35,2.0,28.06,,,2018-01-30,207.0,ma_breach,14,-0.845,-21894.12,207.62
AIAENG,2017-12-04,2017-12-05,1419.85,1347.17,2.0,5.39,2017-12-15,1565.2054847318523,2018-02-01,1449.27,trail,40,1.202,23360.24,886.33
RELCAPITAL,2018-01-01,2018-01-02,594.74,468.69,2.0,26.89,,,2018-02-01,479.69,ma_breach,21,-0.913,-22614.66,207.71
PNB,2018-01-22,2018-01-24,167.03,146.5,2.0,14.01,,,2018-02-01,155.8,ma_breach,5,-0.547,-13938.68,381.13
ALLCARGO,2017-12-26,2017-12-27,45.23,37.34,2.0,21.11,,,2018-02-02,40.4,ma_breach,26,-0.612,-15676.78,261.85
PETRONET,2018-01-29,2018-01-30,175.04,161.76,2.0,8.21,,,2018-02-07,170.74,ma_breach,6,-0.324,-8597.05,603.52
8KMILES,2018-02-12,2018-02-14,325.2,233.77,2.0,39.11,,,2018-02-20,318.0,ma_breach,4,-0.079,-2374.75,161.61
INOXLEISUR,2018-02-05,2018-02-07,292.45,267.43,2.0,9.35,,,2018-02-23,282.0,ma_breach,11,-0.418,-11111.05,512.23
INDHOTEL,2018-01-08,2018-01-09,133.54,109.87,2.0,21.54,,,2018-02-26,124.42,ma_breach,32,-0.385,-10615.81,273.16
APOLLOTYRE,2018-02-26,2018-02-27,238.72,220.94,2.0,8.04,,,2018-03-07,229.92,ma_breach,5,-0.495,-12176.51,591.8
SJVN,2018-02-05,2018-02-07,22.26,21.42,2.0,3.93,,,2018-03-09,21.89,ma_breach,20,-0.443,-17266.02,1170.74
HCLTECH,2018-03-12,2018-03-13,376.08,356.35,2.0,5.54,,,2018-03-20,356.35,stop,5,-1.0,-22757.76,791.87
GHCL,2018-03-19,2018-03-21,227.9,209.65,2.0,8.7,,,2018-03-26,209.65,stop,3,-1.0,-22323.63,493.83
BLUESTARCO,2018-03-05,2018-03-07,367.98,331.59,2.0,10.98,,,2018-05-14,361.55,ma_breach,45,-0.177,-6595.85,436.22
BLISSGVS,2018-03-19,2018-03-21,192.58,170.81,2.0,12.75,,,2018-05-18,182.11,ma_breach,39,-0.481,-11961.15,354.47
BATAINDIA,2018-03-26,2018-03-27,695.47,625.7,2.0,11.15,,,2018-05-22,691.48,ma_breach,37,-0.057,-2566.89,402.24
JCHAC,2018-03-12,2018-03-13,2487.0,2240.01,2.0,11.03,,,2018-05-24,2532.5,ma_breach,49,0.184,1198.55,433.53
ENDURANCE,2018-05-21,2018-05-22,1247.28,1097.33,2.0,13.67,,,2018-05-29,1212.61,ma_breach,5,-0.231,-5859.0,333.07
FRETAIL,2018-05-28,2018-05-29,595.0,490.76,2.0,21.24,,,2018-06-08,572.8,ma_breach,8,-0.213,-5131.66,227.97
COALINDIA,2018-05-28,2018-05-29,149.4,137.91,2.0,8.33,,,2018-06-20,142.48,ma_breach,16,-0.602,-14057.74,517.13
ASTRAL,2018-02-26,2018-02-28,384.71,330.22,2.0,16.5,,,2018-07-06,436.14,ma_breach,88,0.944,19264.47,335.91
HFCL,2018-06-11,2018-06-12,31.05,23.8,2.0,30.44,,,2018-07-19,25.79,ma_breach,27,-0.725,-15322.7,159.64
JAICORPLTD,2018-06-18,2018-06-20,147.58,115.18,2.0,28.13,,,2018-07-24,131.46,ma_breach,24,-0.498,-10838.37,176.91
ASIANPAINT,2018-05-14,2018-05-15,1200.74,1095.64,2.0,9.59,,,2018-09-04,1270.01,ma_breach,78,0.659,13013.49,496.04
BAJAJHLDNG,2018-05-21,2018-05-22,2503.18,2256.83,2.0,10.92,,,2018-09-21,2256.83,stop,84,-1.0,-22588.54,392.31
AIAENG,2018-07-09,2018-07-10,1515.22,1418.54,2.0,6.82,2018-08-07,1708.5870792645196,2018-09-21,1608.82,trail,49,1.484,27861.51,668.05
INFIBEAM,2018-07-23,2018-07-24,43.75,38.24,2.0,14.42,2018-08-24,54.77655,2018-09-21,54.05,trail,39,1.934,38746.49,362.66
ALKEM,2018-09-03,2018-09-04,2032.36,1852.89,2.0,9.69,,,2018-09-21,1852.89,stop,11,-1.0,-23636.08,475.65
WELCORP,2018-08-27,2018-08-28,141.58,108.48,2.0,30.52,,,2018-09-28,108.48,stop,21,-1.0,-22625.36,166.5
CARBORUNIV,2018-10-01,2018-10-03,374.77,350.93,2.0,6.79,,,2018-10-04,350.93,stop,1,-1.0,-23420.45,598.32
AXISBANK,2018-08-06,2018-08-07,593.78,534.81,2.0,11.03,,,2018-10-05,582.84,ma_breach,38,-0.186,-4615.54,415.87
CYIENT,2018-10-01,2018-10-03,628.94,575.09,2.0,9.36,,,2018-10-05,575.09,stop,2,-1.0,-21188.81,439.37
HDFCBANK,2018-10-01,2018-10-04,465.55,441.9,2.0,5.35,,,2018-10-10,449.27,ma_breach,4,-0.688,-14525.61,741.54
NAUKRI,2018-10-08,2018-10-09,285.42,255.09,2.0,11.89,,,2018-10-15,298.08,ma_breach,4,0.418,6451.88,354.44
IEX,2018-10-08,2018-10-10,49.65,47.31,2.0,4.95,,,2018-10-16,49.65,ma_breach,4,0.001,-4868.72,776.52
3MINDIA,2018-10-15,2018-10-16,21274.16,19526.66,2.0,8.95,,,2018-10-22,19526.66,stop,3,-1.0,-21225.0,436.27
ABFRL,2018-10-15,2018-10-16,189.4,164.99,2.0,14.8,,,2018-10-23,174.37,ma_breach,4,-0.616,-12479.48,278.42
ASIANPAINT,2018-10-15,2018-10-16,1182.19,1101.66,2.0,7.31,,,2018-10-23,1060.09,ma_breach,4,-1.516,-29268.65,520.3
BIOCON,2018-10-22,2018-10-23,330.99,300.21,2.0,10.25,,,2018-10-26,300.21,stop,3,-1.0,-18001.1,355.99
RELAXO,2018-10-22,2018-10-23,363.63,330.65,2.0,9.98,,,2018-10-29,360.38,ma_breach,4,-0.099,-4114.04,381.04
BAJFINANCE,2018-10-29,2018-10-30,232.23,193.5,2.0,20.02,,,2018-11-07,228.84,ma_breach,6,-0.088,-1844.27,201.32
AIAENG,2018-10-29,2018-10-30,1700.81,1411.74,2.0,20.48,,,2018-11-26,1509.43,ma_breach,17,-0.662,-11854.81,187.82
INTELLECT,2018-10-29,2018-10-30,252.67,188.61,2.0,33.96,,,2018-11-30,212.94,ma_breach,21,-0.62,-10919.09,122.93
STRTECH,2018-10-29,2018-10-30,348.75,298.74,2.0,16.74,,,2018-12-06,298.74,stop,25,-1.0,-17678.81,218.96
PRAJIND,2018-10-08,2018-10-09,92.37,74.06,2.0,24.73,,,2018-12-11,90.07,ma_breach,42,-0.125,-2952.69,183.52
EXIDEIND,2018-11-26,2018-11-27,242.18,221.48,2.0,9.35,,,2018-12-11,229.88,ma_breach,10,-0.594,-10520.25,377.71
ATUL,2018-10-15,2018-10-16,3184.02,2835.25,2.0,12.3,,,2018-12-13,3212.93,ma_breach,39,0.083,349.7,342.72
ICICIGI,2018-12-10,2018-12-12,869.65,764.17,2.0,13.8,,,2019-01-24,796.31,ma_breach,30,-0.695,-12044.22,253.45
BATAINDIA,2018-10-29,2018-10-30,873.85,777.26,2.0,12.43,2018-12-28,1067.0454594068135,2019-01-28,1022.1,trail,61,1.767,29285.4,335.88
KSCL,2019-01-28,2019-01-30,570.36,522.31,2.0,9.2,,,2019-02-08,522.31,stop,7,-1.0,-17326.55,364.94
VBL,2018-12-31,2019-01-01,45.8,40.89,2.0,12.01,,,2019-02-18,43.73,ma_breach,33,-0.422,-8496.06,298.63
ASIANPAINT,2018-12-17,2018-12-18,1264.64,1170.93,2.0,8.0,,,2019-02-20,1291.78,ma_breach,44,0.29,3870.0,438.83
BAJFINANCE,2018-12-17,2018-12-18,245.22,225.91,2.0,8.55,,,2019-02-20,250.65,ma_breach,44,0.281,3782.97,412.98
ADANIPOWER,2019-02-18,2019-02-20,8.06,6.66,2.0,20.96,,,2019-02-26,7.94,ma_breach,4,-0.086,-1661.55,178.66
AARTIIND,2019-03-05,2019-03-07,362.22,320.81,2.0,12.91,,,2019-03-13,353.43,ma_breach,4,-0.212,-4533.16,287.23
TEAMLEASE,2019-02-18,2019-02-20,3130.4,2650.15,2.0,18.12,,,2019-04-16,2949.95,ma_breach,36,-0.376,-6906.4,197.45
DELTACORP,2019-04-01,2019-04-02,257.23,222.89,2.0,15.4,,,2019-04-25,230.14,ma_breach,15,-0.789,-14677.9,248.43
ADANIPOWER,2019-03-05,2019-03-06,10.34,7.26,2.0,42.37,,,2019-05-03,8.87,ma_breach,36,-0.478,-8078.17,103.14
HEIDELBERG,2019-02-18,2019-02-20,119.74,110.48,2.0,8.38,2019-03-07,138.24751825584985,2019-05-08,135.67,trail,48,1.861,26294.43,432.58
GODFRYPHLP,2019-03-11,2019-03-13,305.37,262.98,2.0,16.12,,,2019-05-08,301.55,ma_breach,34,-0.09,-2387.14,243.85
SUVEN,2019-02-11,2019-02-12,9.64,7.87,2.0,22.56,,,2019-05-10,11.99,ma_breach,55,1.324,20625.21,196.25
IPCALAB,2019-02-18,2019-02-19,393.86,351.7,2.0,11.99,2019-04-01,478.1816868727899,2019-05-13,447.96,trail,52,1.642,24560.72,317.88
SRF,2019-02-11,2019-02-14,438.99,378.73,2.0,15.91,2019-05-20,559.5181416731862,2019-05-23,564.59,time,63,2.042,31371.37,258.98
DCMSHRIRAM,2019-04-30,2019-05-02,436.41,356.48,2.0,22.42,,,2019-06-20,451.75,ma_breach,34,0.192,2270.63,189.81
LINDEINDIA,2019-05-13,2019-05-14,511.06,469.19,2.0,8.92,,,2019-06-20,488.13,ma_breach,26,-0.548,-11305.13,386.59
BLUESTARCO,2019-05-06,2019-05-08,347.6,312.02,2.0,11.4,,,2019-07-09,354.3,ma_breach,43,0.188,1979.34,327.72
FEDERALBNK,2019-05-06,2019-05-08,93.4,86.7,2.0,7.72,,,2019-07-22,94.44,ma_breach,52,0.156,1754.34,466.37
VBL,2019-06-24,2019-06-26,54.64,45.88,2.0,19.09,,,2019-07-24,45.88,stop,20,-1.0,-17636.05,194.62
JUSTDIAL,2019-05-20,2019-05-22,703.0,541.96,2.0,29.71,,,2019-07-25,708.65,ma_breach,45,0.035,340.61,154.65
INDIGO,2019-07-22,2019-07-23,1506.73,1286.35,2.0,17.13,,,2019-08-02,1547.63,ma_breach,8,0.186,2750.43,237.28
HONAUT,2019-07-29,2019-07-30,23137.67,21639.7,2.0,6.92,,,2019-08-05,22680.1,ma_breach,4,-0.305,-8430.97,517.66
FLFL,2019-08-13,2019-08-14,456.4,398.3,2.0,14.59,,,2019-08-21,445.1,ma_breach,4,-0.194,-4883.54,259.28
DCBBANK,2019-08-19,2019-08-21,201.84,183.11,2.0,10.22,,,2019-08-22,183.11,stop,1,-1.0,-18248.53,350.02
BHARTIARTL,2019-08-05,2019-08-06,339.3,306.69,2.0,10.64,,,2019-08-30,329.79,ma_breach,16,-0.292,-5510.73,344.09
BRIGADE,2019-06-24,2019-06-25,122.53,114.15,2.0,7.34,2019-08-19,139.28621657491678,2019-09-26,145.56,time,63,2.374,37112.07,539.51
GSPL,2019-07-15,2019-07-16,204.75,179.97,2.0,13.77,,,2019-10-07,207.25,ma_breach,54,0.101,223.96,291.62
GUJGASLTD,2019-08-05,2019-08-06,173.48,146.36,2.0,18.53,,,2019-10-07,167.93,ma_breach,39,-0.204,-4168.95,211.14
ADANIENSOL,2019-08-26,2019-08-27,231.9,211.49,2.0,9.65,,,2019-10-15,235.0,ma_breach,31,0.152,127.74,376.19
ADANIPORTS,2019-10-14,2019-10-15,392.23,373.12,2.0,5.12,,,2019-11-01,373.12,stop,12,-1.0,-17949.83,670.46
ABFRL,2019-11-04,2019-11-05,211.78,200.88,2.0,5.42,,,2019-11-06,200.88,stop,1,-1.0,-19600.09,644.37
ELGIEQUIP,2019-09-30,2019-10-01,148.38,125.39,2.0,18.34,,,2019-11-15,125.35,ma_breach,29,-1.002,-18499.15,204.51
ABB,2019-09-23,2019-09-24,1381.35,1157.55,2.0,19.33,,,2019-11-25,1236.26,ma_breach,40,-0.648,-11991.77,203.5
BPCL,2019-09-03,2019-09-04,114.6,102.86,2.0,11.42,2019-09-20,138.0875778879768,2019-11-27,158.47,trail,55,2.868,46601.07,368.93
ALKEM,2019-11-04,2019-11-06,1906.01,1786.71,2.0,6.68,,,2019-12-26,1868.77,ma_breach,34,-0.312,-7090.16,530.45
NAUKRI,2019-10-07,2019-10-09,454.86,390.65,2.0,16.44,,,2020-01-09,501.06,ma_breach,63,0.719,11588.23,249.07
TRIDENT,2019-12-16,2019-12-17,7.31,5.6,2.0,30.43,,,2020-01-09,5.77,ma_breach,16,-0.904,-15285.43,125.97
ABB,2020-01-13,2020-01-14,1362.41,1234.41,2.0,10.37,,,2020-01-21,1250.19,ma_breach,5,-0.877,-15912.54,342.53
GODFRYPHLP,2019-08-19,2019-08-20,306.83,223.59,2.0,37.23,,,2020-02-03,334.19,ma_breach,112,0.329,5146.52,131.37
JINDALSTEL,2019-12-23,2019-12-26,157.72,130.03,2.0,21.3,,,2020-02-27,167.63,ma_breach,44,0.358,5430.6,189.49
JSL,2019-11-25,2019-11-26,39.33,34.58,2.0,13.75,,,2020-03-02,39.82,ma_breach,67,0.103,-24.61,277.1
SWANENERGY,2020-02-10,2020-02-11,149.9,109.14,2.0,37.35,,,2020-03-05,118.6,ma_breach,16,-0.768,-14115.9,115.82
AARTIIND,2019-12-30,2019-12-31,414.3,374.47,2.0,10.64,2020-02-10,493.9619956251229,2020-03-09,463.02,trail,48,1.612,24768.97,362.12
CANFINHOME,2020-01-20,2020-01-22,447.68,349.98,2.0,27.91,,,2020-03-12,349.98,stop,34,-1.0,-17306.76,137.38
ABFRL,2020-02-10,2020-02-11,260.18,220.77,2.0,17.85,,,2020-03-12,220.77,stop,20,-1.0,-18333.66,214.61
FINPIPE,2020-03-09,2020-03-11,103.93,96.16,2.0,8.08,,,2020-03-12,96.16,stop,1,-1.0,-18859.36,417.95
BHARTIARTL,2019-11-18,2019-11-19,408.08,334.52,2.0,21.99,,,2020-03-13,433.79,ma_breach,80,0.35,5560.91,193.46
AJANTPHARM,2020-01-20,2020-01-21,753.4,646.29,2.0,16.57,,,2020-03-18,795.36,ma_breach,39,0.392,5727.01,242.75
ADANIGREEN,2020-03-23,2020-03-25,142.4,111.79,2.0,27.38,,,2020-03-31,147.3,ma_breach,4,0.16,1907.77,142.22
AKZOINDIA,2020-03-30,2020-03-31,2188.0,1748.25,2.0,25.15,,,2020-04-08,2084.95,ma_breach,4,-0.234,-4065.89,147.23
BERGEPAINT,2020-03-30,2020-03-31,405.88,320.39,2.0,26.68,,,2020-04-08,389.64,ma_breach,4,-0.19,-3131.73,140.99
DIXON,2020-03-30,2020-03-31,698.28,596.22,2.0,17.12,,,2020-04-08,754.36,ma_breach,4,0.549,7570.74,215.66
DMART,2020-03-30,2020-03-31,2180.0,1727.57,2.0,26.19,,,2020-04-08,2222.0,ma_breach,4,0.093,1141.2,147.42
SRF,2020-04-13,2020-04-15,674.96,529.03,2.0,27.59,,,2020-04-21,642.84,ma_breach,4,-0.22,-3937.82,150.44
AJANTPHARM,2020-03-30,2020-03-31,818.54,601.25,2.0,36.14,,,2020-04-23,815.41,ma_breach,13,-0.014,-617.12,113.93
BERGEPAINT,2020-04-20,2020-04-22,431.86,377.17,2.0,14.5,,,2020-05-05,377.17,stop,8,-1.0,-17450.35,251.42
HINDUNILVR,2020-03-23,2020-03-25,1867.79,1570.39,2.0,18.94,,,2020-05-06,1833.75,ma_breach,25,-0.114,-2056.67,187.05
DRREDDY,2020-03-30,2020-03-31,590.53,515.62,2.0,14.53,2020-04-13,740.3403602181631,2020-05-18,701.97,trail,29,1.744,25944.88,265.32
NAUKRI,2020-05-04,2020-05-05,505.07,448.15,2.0,12.7,,,2020-05-18,448.15,stop,9,-1.0,-17552.81,285.34
INDOCO,2020-04-07,2020-04-08,242.36,166.23,2.0,45.79,,,2020-05-21,210.3,ma_breach,28,-0.421,-7199.74,94.59
AMBER,2020-05-18,2020-05-20,1180.0,1057.24,2.0,11.61,2020-06-02,1425.5165024414064,2020-06-12,1278.15,trail,16,1.4,21119.51,328.1
ATUL,2020-06-01,2020-06-02,4693.73,4129.69,2.0,13.66,,,2020-06-16,4459.78,ma_breach,10,-0.415,-8237.54,283.48
AARTIIND,2020-06-22,2020-06-23,480.81,417.61,2.0,15.13,,,2020-06-29,464.34,ma_breach,4,-0.261,-5234.63,272.28
DIVISLAB,2020-03-30,2020-03-31,1920.67,1672.17,2.0,14.86,2020-06-01,2417.6726575716684,2020-06-30,2212.2,trail,59,1.587,23574.42,258.26
ALKYLAMINE,2020-04-07,2020-04-08,483.37,430.35,2.0,12.32,2020-04-17,589.4051565871054,2020-07-10,939.01,time,63,5.297,82273.39,374.29
BIOCON,2020-04-07,2020-04-08,319.15,265.13,2.0,20.37,2020-07-13,427.1861943876106,2020-07-13,410.67,time,64,1.847,28989.79,217.34
ISEC,2020-05-04,2020-05-06,373.05,311.74,2.0,19.67,2020-06-23,495.6741,2020-07-27,488.65,trail,57,1.943,31881.68,237.62
ASTRAZEN,2020-04-07,2020-04-08,2659.8,2035.17,2.0,30.69,,,2020-07-31,3284.75,ma_breach,78,1.001,15384.98,151.38
GRSE,2020-06-15,2020-06-16,174.24,136.34,2.0,27.79,,,2020-08-04,181.52,ma_breach,35,0.192,2822.13,166.4
CDSL,2020-05-26,2020-05-27,117.02,102.21,2.0,14.49,2020-07-20,146.62954417506495,2020-08-24,179.23,time,63,3.101,50238.53,313.02
AARTIIND,2020-08-03,2020-08-04,504.9,461.66,2.0,9.36,2020-08-21,591.3626203870546,2020-09-01,504.89,trail,20,1.0,17860.96,475.64
JAICORPLTD,2020-06-22,2020-06-24,85.85,67.5,2.0,27.19,,,2020-09-04,83.88,ma_breach,52,-0.107,-2599.43,172.12
BPCL,2020-07-20,2020-07-21,151.32,121.74,2.0,24.3,,,2020-09-08,135.45,ma_breach,35,-0.536,-10878.08,190.47
ERIS,2020-08-03,2020-08-04,528.72,384.91,2.0,37.36,,,2020-09-10,470.51,ma_breach,27,-0.405,-8378.5,135.68
FINEORG,2020-07-13,2020-07-14,2015.48,1850.61,2.0,8.91,2020-08-04,2345.2148307277603,2020-09-22,2611.86,trail,50,2.809,52841.86,530.87
ADANIENSOL,2020-08-24,2020-08-25,288.9,229.87,2.0,25.68,,,2020-09-24,237.2,ma_breach,22,-0.876,-19805.13,194.61
CRISIL,2020-06-29,2020-06-30,1512.92,1333.56,2.0,13.45,,,2020-09-28,1593.06,ma_breach,64,0.447,7104.48,318.56
TATAMOTORS,2020-08-31,2020-09-02,143.07,117.57,2.0,21.69,,,2020-10-15,128.11,ma_breach,30,-0.587,-12298.12,215.96
ICRA,2020-09-28,2020-09-29,2655.56,2532.92,2.0,4.84,,,2020-10-16,2532.92,stop,12,-1.0,-25512.32,852.2
ADVENZYMES,2020-08-03,2020-08-04,205.93,149.48,2.0,37.76,2020-09-30,318.82497886848245,2020-10-26,290.33,trail,58,1.748,33508.56,176.6
INDIACEM,2020-09-14,2020-09-15,124.11,105.87,2.0,17.23,,,2020-10-29,113.9,ma_breach,31,-0.56,-12812.67,276.11
SUDARSCHEM,2020-08-24,2020-08-25,465.94,393.87,2.0,18.3,,,2020-10-30,433.4,ma_breach,47,-0.452,-10814.0,272.51
ENDURANCE,2020-11-02,2020-11-03,1059.42,955.42,2.0,10.89,,,2020-11-09,1045.69,ma_breach,4,-0.132,-4107.63,409.79
BSE,2020-11-09,2020-11-10,52.69,48.57,2.0,8.48,,,2020-11-14,53.21,ma_breach,4,0.127,760.32,533.13
AEGISLOG,2020-11-14,2020-11-17,207.55,188.41,2.0,10.16,2020-12-01,245.83083425021255,2020-12-21,219.72,trail,23,1.318,24832.77,482.0
HINDZINC,2020-10-19,2020-10-20,131.7,117.19,2.0,12.38,2020-12-09,160.7085206864829,2020-12-22,147.78,trail,44,1.554,29768.04,395.05
IRCTC,2020-12-07,2020-12-09,318.42,257.01,2.0,23.89,,,2020-12-22,257.01,stop,9,-1.0,-22717.51,209.35
BLUEDART,2020-09-14,2020-09-15,2938.21,2257.3,2.0,30.16,,,2021-01-19,3819.59,ma_breach,87,1.294,26661.03,210.06
PIDILITIND,2020-10-19,2020-10-20,752.67,714.37,2.0,5.36,2020-12-18,829.2684018891173,2021-01-19,847.53,time,63,2.238,43362.57,832.56
SWSOLAR,2021-01-04,2021-01-05,274.75,222.03,2.0,23.75,,,2021-01-27,238.0,ma_breach,15,-0.697,-16133.65,214.62
WOCKPHARMA,2020-11-23,2020-11-24,400.44,268.95,2.0,48.89,,,2021-02-01,444.14,ma_breach,46,0.332,6414.74,132.99
TASTYBITE,2020-12-21,2020-12-22,12291.37,10981.29,2.0,11.93,,,2021-02-01,11771.93,ma_breach,27,-0.396,-11109.09,398.37
3MINDIA,2021-02-08,2021-02-09,20200.23,17426.43,2.0,15.92,,,2021-02-16,19355.77,ma_breach,5,-0.304,-8217.76,330.71
ITC,2021-01-18,2021-01-19,165.06,150.16,2.0,9.92,,,2021-02-25,160.32,ma_breach,26,-0.318,-7889.73,482.58
SFL,2020-12-01,2020-12-02,794.5,660.51,2.0,20.29,2021-01-21,1062.4723743896484,2021-03-03,1016.9,time,63,1.83,37785.85,294.34
AJANTPHARM,2020-12-28,2020-12-29,1068.07,964.36,2.0,10.75,,,2021-03-05,1102.1,ma_breach,47,0.328,5642.6,463.29
CONCOR,2021-02-01,2021-02-02,428.77,377.36,2.0,13.62,2021-02-12,531.6004837321241,2021-03-17,504.48,trail,30,1.736,37378.5,404.16
ABREL,2021-02-01,2021-02-02,429.39,378.18,2.0,13.54,2021-03-03,531.808318823508,2021-03-18,465.66,trail,31,1.354,28326.22,397.78
GREAVESCOT,2021-02-15,2021-02-16,91.79,82.49,2.0,11.27,2021-02-17,110.38738106845106,2021-03-18,121.81,trail,21,2.614,58491.77,515.56
CCL,2021-03-08,2021-03-09,254.4,219.87,2.0,15.71,,,2021-03-22,234.2,ma_breach,8,-0.585,-16329.9,364.09
SHOPERSTOP,2021-03-08,2021-03-09,265.55,206.49,2.0,28.6,,,2021-03-25,206.49,stop,11,-1.0,-26453.39,205.69
CRISIL,2021-03-22,2021-03-23,1820.14,1725.23,2.0,5.5,,,2021-03-31,1751.86,ma_breach,5,-0.719,-21288.41,901.39
INFIBEAM,2021-03-30,2021-03-31,24.0,20.23,2.0,18.64,,,2021-04-09,22.4,ma_breach,6,-0.424,-10621.51,292.74
ABFRL,2021-03-01,2021-03-03,209.8,164.54,2.0,27.51,,,2021-04-15,175.0,ma_breach,27,-0.769,-19595.92,212.45
BHEL,2021-03-01,2021-03-03,51.51,36.13,2.0,42.57,,,2021-04-16,45.79,ma_breach,28,-0.372,-9584.13,158.09
AIAENG,2021-03-30,2021-03-31,1933.54,1806.79,2.0,7.02,,,2021-04-16,1811.54,ma_breach,10,-0.963,-25356.07,702.8
CENTRALBK,2021-04-12,2021-04-13,17.49,15.45,2.0,13.2,,,2021-04-19,15.45,stop,3,-1.0,-23463.39,358.76
3MINDIA,2021-03-01,2021-03-02,22760.51,19365.6,2.0,17.53,,,2021-04-29,23967.33,ma_breach,37,0.355,7578.69,339.45
AARTIIND,2021-02-15,2021-02-17,613.48,527.97,2.0,16.19,2021-04-28,784.4862877003939,2021-05-25,814.89,time,63,2.178,49038.44,382.31
CCL,2021-04-19,2021-04-20,248.21,220.16,2.0,12.74,2021-05-06,304.32319667679826,2021-06-18,316.61,trail,41,2.219,46236.54,435.65
GUJALKALI,2021-04-12,2021-04-15,395.79,305.31,2.0,29.63,,,2021-06-21,359.41,ma_breach,45,-0.402,-9647.56,186.73
INDOSTAR,2021-05-31,2021-06-01,330.0,301.7,2.0,9.38,2021-06-04,386.60400000000004,2021-06-21,348.35,trail,14,1.324,30102.14,634.61
GESHIP,2021-05-03,2021-05-04,274.6,231.94,2.0,18.39,2021-06-01,359.907716323697,2021-06-25,320.1,trail,37,1.533,34592.21,336.1
DISHTV,2021-05-10,2021-05-11,12.8,8.84,2.0,44.78,,,2021-07-05,13.55,ma_breach,38,0.189,4097.53,164.14
CARERATING,2021-04-19,2021-04-20,430.3,385.85,2.0,11.52,2021-05-27,519.1926959790021,2021-07-20,637.81,time,63,3.334,71209.43,496.55
HDFCLIFE,2021-06-21,2021-06-22,706.63,661.11,2.0,6.88,,,2021-07-20,661.11,stop,20,-1.0,-29178.08,831.85
SPICEJET,2021-06-28,2021-06-29,82.0,64.94,2.0,26.28,,,2021-07-22,76.0,ma_breach,16,-0.352,-10480.36,252.69
BAJFINANCE,2021-04-26,2021-04-28,478.51,424.25,2.0,12.79,2021-06-10,587.0409806997847,2021-07-28,610.64,time,63,2.217,48449.83,440.91
GLENMARK,2021-04-19,2021-04-20,574.58,475.74,2.0,20.78,,,2021-07-29,579.69,ma_breach,69,0.052,670.6,255.48
AVANTIFEED,2021-07-05,2021-07-06,615.24,493.82,2.0,24.59,,,2021-08-16,560.47,ma_breach,28,-0.451,-12896.48,266.52
HERITGFOOD,2021-06-07,2021-06-08,210.95,157.08,2.0,34.3,,,2021-08-25,224.59,ma_breach,54,0.253,6123.1,220.13
POLYMED,2021-08-23,2021-08-24,917.46,811.74,2.0,13.02,,,2021-08-30,925.38,ma_breach,4,0.075,387.09,486.02
IPCALAB,2021-07-26,2021-07-27,1096.86,1008.8,2.0,8.73,2021-08-23,1272.977040572538,2021-09-20,1187.77,trail,37,1.516,38284.44,710.69
SUVENPHAR,2021-07-26,2021-07-27,492.99,445.74,2.0,10.6,,,2021-09-22,508.67,ma_breach,39,0.332,6926.95,570.0
ABFRL,2021-08-30,2021-08-31,208.15,189.16,2.0,10.04,,,2021-09-22,203.0,ma_breach,15,-0.271,-9664.42,603.05
BSOFT,2021-05-24,2021-05-25,279.95,202.62,2.0,38.17,,,2021-10-04,379.13,ma_breach,91,1.283,31350.56,213.29
POLYMED,2021-10-11,2021-10-12,955.51,761.27,2.0,25.52,,,2021-10-26,896.92,ma_breach,9,-0.302,-9624.89,273.99
APOLLOTYRE,2021-09-20,2021-09-22,215.59,201.32,2.0,7.09,,,2021-10-27,208.41,ma_breach,24,-0.503,-15205.38,811.97
CANBK,2021-08-02,2021-08-03,26.41,24.03,2.0,9.89,2021-10-12,31.160579910270812,2021-11-03,38.25,time,63,3.491,91905.18,685.99
BALRAMCHIN,2021-11-01,2021-11-02,324.15,287.76,2.0,12.65,,,2021-11-09,320.37,ma_breach,4,-0.104,-3963.7,517.68
CCL,2021-11-01,2021-11-02,375.29,338.1,2.0,11.0,,,2021-11-09,375.48,ma_breach,4,0.005,-1913.41,590.02
EICHERMOT,2021-11-08,2021-11-09,2591.36,2374.96,2.0,9.11,,,2021-11-15,2604.6,ma_breach,4,0.061,537.56,718.76
BHEL,2021-10-04,2021-10-05,65.42,55.11,2.0,18.72,,,2021-11-16,63.25,ma_breach,28,-0.21,-6575.02,352.15
3MINDIA,2021-11-08,2021-11-09,25547.56,23201.83,2.0,10.11,,,2021-11-18,23201.83,stop,7,-1.0,-32112.72,622.12
APOLLOTYRE,2021-11-15,2021-11-16,223.1,208.49,2.0,7.01,,,2021-11-22,208.49,stop,3,-1.0,-30555.29,857.06
KOTAKBANK,2021-09-20,2021-09-22,401.92,357.28,2.0,12.5,,,2021-11-24,394.46,ma_breach,42,-0.167,-5446.06,487.54
PIIND,2021-11-22,2021-11-24,2893.47,2706.57,2.0,6.91,,,2021-11-30,2924.07,ma_breach,4,0.164,2962.5,856.2
VIPIND,2021-08-16,2021-08-17,472.22,368.34,2.0,28.2,,,2021-12-01,561.93,ma_breach,71,0.864,23682.09,278.78
ECLERX,2021-11-01,2021-11-03,788.7,583.67,2.0,35.13,,,2021-12-02,727.8,ma_breach,19,-0.297,-9524.57,218.16
GLAND,2021-11-29,2021-11-30,3577.46,3286.79,2.0,8.84,,,2021-12-06,3589.18,ma_breach,4,0.04,-110.79,672.07
JBCHEPHARM,2021-11-29,2021-11-30,797.28,735.14,2.0,8.45,,,2021-12-06,761.71,ma_breach,4,-0.572,-17996.56,683.8
CIPLA,2021-11-29,2021-11-30,936.53,846.4,2.0,10.65,,,2021-12-08,858.76,ma_breach,6,-0.863,-24497.28,542.96
LALPATHLAB,2021-11-29,2021-12-01,1849.73,1592.21,2.0,16.17,,,2021-12-09,1791.34,ma_breach,6,-0.227,-6832.9,383.08
3MINDIA,2021-12-06,2021-12-07,24246.96,22225.36,2.0,9.1,,,2021-12-13,23675.63,ma_breach,4,-0.283,-9695.49,628.68
BASF,2021-12-06,2021-12-07,2876.24,2568.26,2.0,11.99,,,2021-12-13,2866.36,ma_breach,4,-0.032,-2581.83,494.49
ADANIPORTS,2021-12-06,2021-12-08,731.23,660.97,2.0,10.63,,,2021-12-22,707.67,ma_breach,10,-0.335,-9794.9,539.03
EIHOTEL,2021-12-13,2021-12-14,131.91,118.75,2.0,11.08,,,2021-12-22,121.93,ma_breach,6,-0.758,-21961.72,512.95
ZEEL,2021-09-20,2021-09-22,289.06,174.46,2.0,65.69,,,2021-12-30,307.37,ma_breach,68,0.16,4110.71,142.25
BALAMINES,2021-12-27,2021-12-28,3194.27,2896.96,2.0,10.26,2022-01-04,3788.893558791447,2022-01-21,3326.48,trail,18,1.222,28906.69,574.41
ALOKINDS,2021-12-13,2021-12-14,24.9,20.88,2.0,19.26,2022-01-17,32.94179961776734,2022-01-25,27.84,trail,30,1.366,35051.57,365.73
ASIANPAINT,2021-12-13,2021-12-14,3143.08,2877.11,2.0,9.24,,,2022-01-25,2877.11,stop,30,-1.0,-27679.94,602.01
AMBER,2021-12-20,2021-12-22,3488.0,3135.96,2.0,11.23,,,2022-01-25,3135.96,stop,24,-1.0,-26893.04,474.75
ABCAPITAL,2021-12-06,2021-12-07,119.15,103.1,2.0,15.57,,,2022-01-28,118.95,ma_breach,37,-0.012,-1038.45,393.35
ALKYLAMINE,2022-01-03,2022-01-04,3706.53,2986.69,2.0,24.1,,,2022-02-01,3287.27,ma_breach,19,-0.582,-16468.52,259.56
ACC,2022-01-31,2022-02-01,2198.67,2024.58,2.0,8.6,,,2022-02-22,2059.92,ma_breach,15,-0.797,-21254.99,618.2
CHOLAHLDNG,2022-01-24,2022-01-25,695.42,632.99,2.0,9.86,,,2022-02-24,632.99,stop,21,-1.0,-27654.32,547.65
SIS,2022-01-24,2022-01-25,510.6,427.85,2.0,19.34,,,2022-02-25,458.66,ma_breach,22,-0.628,-17210.23,301.46
INDIANB,2022-01-31,2022-02-01,137.21,113.59,2.0,20.79,,,2022-03-02,123.31,ma_breach,20,-0.589,-15852.55,278.84
AAVAS,2022-01-31,2022-02-01,2905.0,2322.97,2.0,25.06,,,2022-03-03,2820.85,ma_breach,21,-0.145,-4524.11,248.63
AXISBANK,2022-01-31,2022-02-01,781.44,684.65,2.0,14.14,,,2022-03-04,719.99,ma_breach,22,-0.635,-16749.96,392.06
ABB,2022-02-28,2022-03-02,2105.34,1953.77,2.0,7.76,,,2022-03-08,2057.43,ma_breach,4,-0.316,-8505.59,639.02
BSOFT,2022-03-07,2022-03-08,422.74,370.13,2.0,14.21,,,2022-03-14,427.49,ma_breach,4,0.09,1376.43,364.1
ECLERX,2022-03-07,2022-03-08,767.47,698.8,2.0,9.83,,,2022-03-22,765.74,ma_breach,9,-0.025,-2328.17,503.0
ALLCARGO,2022-03-14,2022-03-15,77.62,68.33,2.0,13.6,,,2022-03-22,77.62,ma_breach,4,-0.0,-1360.93,388.84
APOLLOHOSP,2022-02-28,2022-03-02,4767.61,4242.84,2.0,12.37,,,2022-04-01,4501.92,ma_breach,21,-0.506,-12519.96,410.99
BAJAJFINSV,2022-03-21,2022-03-22,1654.17,1535.22,2.0,7.75,,,2022-04-20,1567.61,ma_breach,19,-0.728,-17686.84,617.02
ABB,2022-04-04,2022-04-05,2130.77,1899.66,2.0,12.17,,,2022-04-28,2058.64,ma_breach,15,-0.312,-8267.95,434.79
BCG,2022-03-21,2022-03-22,77.42,57.82,2.0,33.9,,,2022-04-29,83.32,ma_breach,26,0.301,6206.29,186.84
MHRIL,2022-02-21,2022-02-22,217.0,196.45,2.0,10.46,2022-04-07,258.0933121948242,2022-05-04,236.23,trail,46,1.468,34098.61,554.59
ASAHIINDIA,2022-04-11,2022-04-12,473.09,423.06,2.0,11.83,,,2022-05-09,423.06,stop,16,-1.0,-26096.99,439.88
AMBER,2022-05-02,2022-05-04,3928.0,3438.36,2.0,14.24,,,2022-05-10,3438.36,stop,4,-1.0,-24943.93,356.49
BEL,2022-02-28,2022-03-03,68.97,59.1,2.0,16.69,,,2022-05-12,70.11,ma_breach,46,0.116,2103.12,328.85
TTML,2022-05-09,2022-05-10,146.0,120.48,2.0,21.18,,,2022-05-13,120.48,stop,3,-1.0,-22482.01,230.42
PHOENIXLTD,2022-05-02,2022-05-04,558.29,484.58,2.0,15.21,,,2022-05-17,515.54,ma_breach,9,-0.58,-14952.75,345.22
CHOLAFIN,2022-05-16,2022-05-17,649.71,595.6,2.0,9.09,,,2022-05-23,645.44,ma_breach,4,-0.079,-2591.76,508.51
BANDHANBNK,2022-05-16,2022-05-17,334.07,291.82,2.0,14.48,,,2022-05-24,308.23,ma_breach,5,-0.612,-13576.35,323.01
BRIGADE,2022-05-23,2022-05-24,338.58,302.92,2.0,11.77,,,2022-05-30,328.71,ma_breach,4,-0.277,-7218.32,394.67
RCF,2022-05-23,2022-05-24,94.86,74.89,2.0,26.67,,,2022-05-30,88.34,ma_breach,4,-0.327,-7238.28,193.46
POONAWALLA,2022-05-30,2022-06-01,258.54,213.83,2.0,20.91,,,2022-06-07,254.53,ma_breach,4,-0.09,-2295.81,239.0
JAMNAAUTO,2022-05-16,2022-05-17,104.13,90.39,2.0,15.19,,,2022-06-13,96.05,ma_breach,19,-0.588,-13576.75,309.73
AMBUJACEM,2022-04-18,2022-04-20,367.74,332.13,2.0,10.72,,,2022-06-15,353.69,ma_breach,39,-0.395,-10231.43,480.81
ASTERDM,2022-05-30,2022-05-31,150.9,128.49,2.0,17.44,,,2022-06-16,140.48,ma_breach,12,-0.465,-10690.05,272.22
EICHERMOT,2022-06-13,2022-06-15,2632.42,2501.94,2.0,5.22,,,2022-06-17,2501.94,stop,2,-1.0,-21230.81,780.17
TTML,2022-06-13,2022-06-14,140.5,114.39,2.0,22.83,,,2022-06-20,123.0,ma_breach,4,-0.67,-13760.41,201.73
ABB,2022-05-09,2022-05-10,2249.8,1958.65,2.0,14.86,,,2022-06-21,2146.87,ma_breach,30,-0.354,-8401.37,333.24
ADANIENSOL,2022-06-20,2022-06-21,2150.0,2000.05,2.0,7.5,,,2022-06-27,2162.55,ma_breach,4,0.084,608.81,548.41
ADANIGREEN,2022-06-27,2022-06-28,1909.0,1675.37,2.0,13.94,,,2022-07-04,1979.7,ma_breach,4,0.303,5425.54,331.21
ASAHIINDIA,2022-06-20,2022-06-21,468.4,415.91,2.0,12.62,2022-07-05,573.3863274447264,2022-08-08,542.02,trail,34,1.701,31136.87,372.74
VIPIND,2022-06-20,2022-06-21,596.99,500.11,2.0,19.37,,,2022-08-10,592.54,ma_breach,35,-0.046,-1696.37,234.13
CGPOWER,2022-06-27,2022-06-28,186.6,159.87,2.0,16.72,2022-08-17,240.0696523644852,2022-09-02,216.27,trail,45,1.555,29860.07,308.74
BOSCHLTD,2022-07-04,2022-07-05,14950.24,13423.31,2.0,11.38,,,2022-09-21,16056.65,ma_breach,53,0.725,12977.98,403.26
BANKBARODA,2022-06-27,2022-06-28,88.77,79.4,2.0,11.8,2022-08-02,107.50494926296496,2022-09-26,114.91,trail,61,2.395,46896.26,424.78
AUBANK,2022-08-08,2022-08-10,647.82,585.24,2.0,10.69,,,2022-09-28,585.24,stop,33,-1.0,-22665.98,431.31
RTNINDIA,2022-08-22,2022-08-23,55.45,42.46,2.0,30.6,,,2022-09-29,47.75,ma_breach,26,-0.593,-13566.92,173.68
ASHOKLEY,2022-05-23,2022-05-24,62.33,54.71,2.0,13.93,,,2022-09-30,68.0,ma_breach,90,0.744,15042.5,360.73
ASIANPAINT,2022-09-26,2022-09-28,3313.87,3099.8,2.0,6.91,,,2022-10-04,3197.68,ma_breach,4,-0.543,-12857.27,654.51
BRIGADE,2022-10-03,2022-10-04,388.54,344.88,2.0,12.66,,,2022-10-11,383.89,ma_breach,4,-0.107,-3557.96,373.63
ABCAPITAL,2022-10-03,2022-10-04,112.45,106.54,2.0,5.54,,,2022-10-14,112.1,ma_breach,7,-0.059,-4061.88,802.96
DEVYANI,2022-08-01,2022-08-02,182.4,154.3,2.0,18.21,,,2022-10-18,191.4,ma_breach,51,0.32,6055.91,294.3
TCI,2022-09-19,2022-09-21,760.44,661.52,2.0,14.95,,,2022-10-31,713.9,ma_breach,26,-0.471,-11851.42,337.93
ANGELONE,2022-10-10,2022-10-11,150.07,124.34,2.0,20.7,,,2022-11-14,134.83,ma_breach,22,-0.592,-12888.29,233.04
GRANULES,2022-10-03,2022-10-06,355.27,301.18,2.0,17.96,,,2022-12-02,338.0,ma_breach,39,-0.319,-7279.59,272.55
CANBK,2022-10-17,2022-10-18,42.01,38.65,2.0,8.71,2022-10-25,48.73979722197328,2022-12-23,53.32,trail,46,2.68,55102.18,579.27
NLCINDIA,2022-10-31,2022-11-02,73.1,65.27,2.0,12.0,,,2022-12-28,77.01,ma_breach,39,0.499,9532.8,423.26
NESTLEIND,2022-10-24,2022-10-25,999.39,902.02,2.0,10.8,,,2022-12-29,958.94,ma_breach,45,-0.415,-9889.02,440.36
BLUEDART,2023-01-02,2023-01-03,7721.05,7205.57,2.0,7.15,,,2023-01-12,7205.57,stop,7,-1.0,-25224.43,663.21
AXISBANK,2022-10-17,2022-10-18,818.53,742.29,2.0,10.27,,,2023-01-30,849.65,ma_breach,71,0.408,7724.54,458.33
MCX,2023-01-16,2023-01-18,320.45,280.8,2.0,14.12,,,2023-01-31,298.01,ma_breach,8,-0.566,-13064.95,343.07
RHIM,2022-11-21,2022-11-22,692.17,562.76,2.0,23.0,,,2023-02-01,773.18,ma_breach,50,0.626,12712.7,245.49
EDELWEISS,2023-01-16,2023-01-17,38.01,32.36,2.0,17.47,,,2023-02-02,32.75,ma_breach,11,-0.931,-21568.09,276.98
ASHOKLEY,2023-01-02,2023-01-03,67.73,61.43,2.0,10.24,,,2023-02-27,64.13,ma_breach,38,-0.571,-13941.75,479.91
BANKINDIA,2023-03-06,2023-03-09,71.95,58.68,2.0,22.61,,,2023-03-15,64.03,ma_breach,4,-0.597,-13345.05,222.39
PNBHOUSING,2022-12-19,2022-12-20,427.51,346.0,2.0,23.56,,,2023-03-17,413.26,ma_breach,61,-0.175,-4484.99,239.13
TIINDIA,2023-02-27,2023-02-28,2651.34,2364.46,2.0,12.13,,,2023-03-22,2470.52,ma_breach,15,-0.63,-14402.48,371.15
BAJAJHLDNG,2023-01-30,2023-02-01,5710.31,5320.42,2.0,7.33,,,2023-03-28,5753.62,ma_breach,38,0.111,171.97,618.17
AIAENG,2023-01-30,2023-01-31,2645.59,2387.18,2.0,10.82,,,2023-04-21,2718.64,ma_breach,53,0.283,4316.59,426.63
ALKEM,2023-03-27,2023-03-28,3144.54,3001.13,2.0,4.78,2023-05-02,3431.344820503838,2023-05-18,3228.21,trail,32,1.292,23000.72,915.93
JKLAKSHMI,2023-03-20,2023-03-21,694.9,632.15,2.0,9.93,2023-04-05,820.4055484777231,2023-05-22,737.45,trail,39,1.339,25161.78,470.23
GMRAIRPORT,2023-04-03,2023-04-05,43.05,37.16,2.0,15.84,,,2023-06-01,40.8,ma_breach,38,-0.382,-9276.52,305.82
APARINDS,2023-02-06,2023-02-07,2001.32,1326.29,2.0,50.9,2023-06-28,3351.375884399401,2023-06-28,3255.49,time,95,1.929,40158.44,164.81
ENGINERSIN,2023-04-24,2023-04-25,78.52,70.54,2.0,11.31,2023-05-05,94.47808127349187,2023-07-25,140.42,time,63,4.879,102931.01,527.46
CANFINHOME,2023-05-02,2023-05-03,605.32,542.64,2.0,11.55,2023-06-12,730.6616516336358,2023-07-26,749.4,trail,59,2.149,45255.63,468.33
CEATLTD,2023-05-08,2023-05-09,1702.73,1470.65,2.0,15.78,2023-07-06,2166.893351159755,2023-08-07,2361.77,time,63,2.42,55161.84,394.67
TRIVENI,2023-07-24,2023-07-25,312.62,270.08,2.0,15.75,,,2023-08-17,277.58,ma_breach,16,-0.824,-23877.0,379.84
COFORGE,2023-05-22,2023-05-23,848.42,785.57,2.0,8.0,2023-07-17,974.1032411036769,2023-08-22,964.72,time,63,1.925,42837.52,661.47
COCHINSHIP,2023-06-05,2023-06-06,272.98,232.95,2.0,17.19,2023-08-16,353.05770617272316,2023-09-05,463.88,time,63,3.384,78211.98,396.98
SWSOLAR,2023-07-24,2023-07-25,372.95,291.76,2.0,27.83,,,2023-09-18,366.0,ma_breach,38,-0.086,-2791.63,249.14
INDIAMART,2023-07-17,2023-07-18,2758.0,2464.06,2.0,11.93,,,2023-09-21,2843.95,ma_breach,45,0.292,6853.8,506.07
ISEC,2023-06-26,2023-06-27,619.0,505.69,2.0,22.41,,,2023-09-26,617.05,ma_breach,62,-0.017,-901.93,267.03
JINDWORLD,2023-08-14,2023-08-16,81.74,63.7,2.0,28.31,,,2023-09-27,73.35,ma_breach,29,-0.465,-13421.27,233.13
LATENTVIEW,2023-08-14,2023-08-17,417.7,371.83,2.0,12.34,,,2023-09-28,414.8,ma_breach,29,-0.063,-3435.52,491.95
CHEMPLASTS,2023-08-28,2023-08-29,529.9,445.1,2.0,19.05,,,2023-10-12,487.2,ma_breach,30,-0.504,-14904.79,327.71
INDIGO,2023-10-03,2023-10-04,2410.88,2327.08,2.0,3.6,2023-10-12,2578.4588102135754,2023-10-23,2403.09,trail,13,0.954,22738.18,1568.07
BAJAJHLDNG,2023-10-23,2023-10-25,6924.75,6564.16,2.0,5.49,,,2023-10-26,6564.16,stop,1,-1.0,-30494.46,1008.67
GODFRYPHLP,2023-07-31,2023-08-01,685.18,519.18,2.0,31.97,,,2023-10-27,682.98,ma_breach,59,-0.013,-1139.95,223.02
APOLLOTYRE,2023-10-16,2023-10-17,377.88,357.22,2.0,5.78,,,2023-10-27,361.22,ma_breach,7,-0.806,-24422.61,1003.37
MEDPLUS,2023-10-23,2023-10-26,805.0,757.99,2.0,6.2,,,2023-12-07,757.99,stop,28,-1.0,-29649.11,883.04
IRB,2023-09-04,2023-09-05,15.44,13.31,2.0,15.95,2023-12-08,19.687300370079257,2023-12-08,19.64,time,63,1.99,54986.76,463.61
BATAINDIA,2023-12-11,2023-12-12,1639.98,1566.34,2.0,4.7,,,2023-12-20,1566.34,stop,6,-1.0,-34689.98,1310.66
ASAHIINDIA,2023-12-18,2023-12-20,564.77,539.12,2.0,4.76,,,2023-12-27,552.99,ma_breach,4,-0.459,-19929.12,1324.72
ADANIPOWER,2023-10-30,2023-10-31,72.97,57.81,2.0,26.22,2023-12-05,103.28574579620361,2024-01-17,101.62,trail,53,1.945,50902.98,306.17
ALKEM,2023-10-30,2023-10-31,3608.52,3419.75,2.0,5.52,2023-11-08,3986.0673017874765,2024-01-23,4726.03,trail,56,3.96,100855.36,1116.19
LAURUSLABS,2023-12-26,2023-12-27,436.59,377.75,2.0,15.58,,,2024-01-25,377.75,stop,20,-1.0,-29961.1,404.59
BALAMINES,2023-12-26,2023-12-27,2616.64,2202.9,2.0,18.78,,,2024-01-31,2274.84,ma_breach,23,-0.826,-24771.41,345.6
ALOKINDS,2023-11-06,2023-11-08,19.8,17.08,2.0,15.91,2024-01-02,25.234196949005124,2024-02-09,29.8,trail,62,2.841,76661.25,480.28
ABFRL,2024-01-29,2024-01-31,243.2,221.23,2.0,9.93,,,2024-02-26,228.2,ma_breach,18,-0.683,-21451.64,638.06
TRIDENT,2024-01-08,2024-01-09,49.12,34.42,2.0,42.72,,,2024-03-01,40.62,ma_breach,36,-0.578,-18269.73,189.16
ADANIENSOL,2024-02-26,2024-02-27,1182.0,1051.5,2.0,12.41,,,2024-03-04,1084.0,ma_breach,4,-0.751,-22963.92,509.77
TV18BRDCST,2023-12-04,2023-12-06,53.0,41.66,2.0,27.23,,,2024-03-05,53.6,ma_breach,61,0.053,1064.73,278.11
ALLCARGO,2024-03-04,2024-03-05,85.06,76.77,2.0,10.8,,,2024-03-11,76.77,stop,3,-1.0,-29500.47,556.14
BORORENEW,2024-01-23,2024-01-24,573.2,477.67,2.0,20.0,,,2024-03-12,528.0,ma_breach,32,-0.473,-14564.95,339.94
AEGISLOG,2024-02-19,2024-02-20,459.37,353.59,2.0,29.91,,,2024-03-13,353.59,stop,15,-1.0,-30392.22,230.4
JAMNAAUTO,2024-03-04,2024-03-05,128.35,110.25,2.0,16.41,,,2024-03-13,110.25,stop,5,-1.0,-29175.83,375.78
CHOLAHLDNG,2024-03-11,2024-03-12,1101.85,1005.94,2.0,9.53,,,2024-03-14,1005.94,stop,2,-1.0,-29115.25,594.17
AARTIIND,2023-12-26,2023-12-27,633.39,555.25,2.0,14.07,,,2024-03-15,644.25,ma_breach,54,0.139,3200.86,478.0
ACI,2024-03-26,2024-03-28,648.69,588.96,2.0,10.14,,,2024-04-05,631.04,ma_breach,5,-0.296,-8854.8,567.76
HDFCLIFE,2024-03-18,2024-03-19,628.66,591.83,2.0,6.22,,,2024-04-19,591.83,stop,19,-1.0,-27261.47,852.36
ICICIGI,2024-01-23,2024-01-24,1476.27,1328.98,2.0,11.08,,,2024-05-21,1645.57,ma_breach,76,1.149,32771.46,625.04
DMART,2024-03-11,2024-03-13,4055.0,3807.49,2.0,6.5,2024-03-28,4550.022502441407,2024-05-28,4494.88,trail,48,1.889,48694.4,924.03
LAURUSLABS,2024-04-08,2024-04-09,465.6,390.77,2.0,19.15,,,2024-06-04,426.14,ma_breach,36,-0.527,-14834.09,322.16
ABFRL,2024-04-22,2024-04-23,241.95,225.27,2.0,7.4,2024-04-26,275.3009908447266,2024-06-04,265.08,trail,28,1.694,42718.07,800.84
ADANIENT,2024-05-21,2024-05-22,3125.78,2783.99,2.0,12.28,,,2024-06-04,2783.99,stop,9,-1.0,-28108.51,471.35
ATGL,2024-06-03,2024-06-04,1113.9,943.13,2.0,18.11,,,2024-06-05,943.13,stop,1,-1.0,-28849.49,340.12
AXISBANK,2024-04-29,2024-04-30,1158.27,1029.29,2.0,12.53,,,2024-07-30,1163.11,ma_breach,61,0.038,138.61,486.07
AAVAS,2024-04-08,2024-04-09,1626.05,1328.87,2.0,22.36,,,2024-07-31,1725.0,ma_breach,75,0.333,8451.74,304.81
FACT,2024-06-10,2024-06-11,803.88,578.42,2.0,38.98,,,2024-08-08,968.65,ma_breach,40,0.731,19539.91,214.35
ABBOTINDIA,2024-06-10,2024-06-11,27222.09,24852.85,2.0,9.53,,,2024-08-13,26678.43,ma_breach,43,-0.229,-8427.55,620.3
AARTIIND,2024-07-29,2024-07-30,713.2,626.79,2.0,13.79,,,2024-08-13,626.79,stop,10,-1.0,-29763.04,449.01
KNRCON,2024-06-03,2024-06-05,330.04,266.3,2.0,23.94,,,2024-08-16,349.3,ma_breach,49,0.302,6960.24,262.12
AAVAS,2024-08-12,2024-08-13,1730.95,1601.7,2.0,8.07,,,2024-08-20,1661.0,ma_breach,4,-0.541,-18385.94,762.2
LODHA,2024-08-12,2024-08-13,1304.4,1140.98,2.0,14.32,,,2024-08-20,1277.99,ma_breach,4,-0.162,-5520.88,458.96
ERIS,2024-06-03,2024-06-04,914.87,867.27,2.0,5.49,2024-06-10,1010.0698553689206,2024-09-04,1428.58,time,63,6.396,176176.01,1266.03
NETWORK18,2024-07-29,2024-07-31,92.74,75.67,2.0,22.55,,,2024-09-11,90.6,ma_breach,29,-0.125,-4794.09,315.98
ADANIGREEN,2024-08-19,2024-08-20,1907.7,1665.83,2.0,14.52,,,2024-09-16,1850.0,ma_breach,19,-0.239,-7511.18,437.84
KAYNES,2024-05-21,2024-05-23,3464.0,2430.37,2.0,42.53,2024-09-17,5531.265502441406,2024-09-17,5559.25,time,80,2.014,54624.34,238.31
ABBOTINDIA,2024-08-19,2024-08-20,27861.95,26375.88,2.0,5.63,,,2024-09-23,27974.44,ma_breach,24,0.076,-1572.91,1058.88
BHEL,2024-09-23,2024-09-24,274.42,248.68,2.0,10.35,,,2024-10-04,268.39,ma_breach,7,-0.235,-8098.45,626.7
PRSMJOHNSN,2024-09-09,2024-09-11,208.81,162.99,2.0,28.11,,,2024-10-21,187.5,ma_breach,27,-0.465,-14558.72,254.21
BAJAJFINSV,2024-09-02,2024-09-04,1837.74,1634.92,2.0,12.41,,,2024-10-22,1756.2,ma_breach,33,-0.402,-12946.54,528.68
JKPAPER,2024-10-07,2024-10-08,488.0,438.07,2.0,11.4,,,2024-10-25,456.99,ma_breach,13,-0.621,-19626.34,540.47
APTUS,2024-09-23,2024-09-24,362.91,316.36,2.0,14.72,,,2024-10-30,329.97,ma_breach,25,-0.708,-22582.59,442.4
FLUOROCHEM,2024-09-09,2024-09-10,3954.03,3097.32,2.0,27.66,,,2024-11-12,4196.69,ma_breach,44,0.283,7865.62,281.2
GUJALKALI,2024-09-16,2024-09-17,828.74,735.78,2.0,12.63,,,2024-11-13,774.57,ma_breach,40,-0.583,-19295.66,517.57
PEL,2024-10-28,2024-10-30,1083.0,994.0,2.0,8.95,,,2024-11-13,1020.0,ma_breach,10,-0.708,-21191.41,667.29
USHAMART,2024-10-14,2024-10-15,430.36,331.41,2.0,29.85,,,2024-11-19,386.16,ma_breach,24,-0.447,-13811.58,246.95
BIOCON,2024-11-11,2024-11-13,344.74,305.39,2.0,12.89,,,2024-11-21,326.86,ma_breach,4,-0.454,-13239.51,465.9
INFY,2024-11-11,2024-11-13,1769.32,1631.64,2.0,8.44,,,2024-11-21,1751.16,ma_breach,4,-0.132,-4857.14,698.08
CARBORUNIV,2024-11-18,2024-11-21,1461.14,1368.38,2.0,6.78,,,2024-11-27,1411.3,ma_breach,4,-0.537,-17400.84,834.42
APLLTD,2024-11-25,2024-11-27,1093.49,980.51,2.0,11.52,,,2024-12-03,1096.61,ma_breach,4,0.028,-1093.06,526.13
ABB,2024-12-02,2024-12-03,7449.59,6959.39,2.0,7.04,,,2024-12-10,7544.34,ma_breach,5,0.193,3772.41,834.76
CUB,2024-10-21,2024-10-22,121.85,112.25,2.0,8.55,,,2024-12-26,129.65,ma_breach,44,0.813,20599.6,748.55
KIRLOSBROS,2024-11-04,2024-11-05,2009.08,1607.85,2.0,24.95,,,2024-12-27,1991.54,ma_breach,35,-0.044,-2221.33,281.74
PHOENIXLTD,2024-11-25,2024-11-26,1672.37,1402.64,2.0,19.23,,,2025-01-03,1607.42,ma_breach,27,-0.241,-7075.05,327.52
APOLLOTYRE,2024-12-09,2024-12-10,536.73,497.03,2.0,7.99,,,2025-01-06,497.03,stop,18,-1.0,-29184.3,725.88
ALIVUS,2025-01-06,2025-01-07,1049.42,953.91,2.0,10.01,,,2025-01-13,1000.58,ma_breach,4,-0.511,-15878.9,581.12
PTCIL,2024-12-23,2024-12-26,12396.3,11240.85,2.0,10.28,2025-01-06,14707.20439453125,2025-01-22,14850.15,trail,19,2.062,52541.62,624.25
UNOMINDA,2024-11-18,2024-11-19,1038.24,911.0,2.0,13.97,,,2025-01-23,964.52,ma_breach,45,-0.579,-16206.34,419.78
MAZDOCK,2025-01-20,2025-01-22,2337.8,1988.36,2.0,17.57,,,2025-01-29,2325.88,ma_breach,5,-0.034,-1615.22,370.95
BIOCON,2024-12-30,2024-12-31,365.26,328.23,2.0,11.28,,,2025-01-31,346.64,ma_breach,23,-0.503,-14456.11,516.98
REDINGTON,2025-01-13,2025-01-14,206.02,189.81,2.0,8.54,,,2025-02-04,200.83,ma_breach,16,-0.32,-9816.07,674.95
ASAHIINDIA,2025-02-01,2025-02-03,683.38,603.36,2.0,13.26,,,2025-02-07,668.41,ma_breach,4,-0.187,-6497.0,445.91
BLUESTARCO,2025-02-01,2025-02-04,2107.58,1701.17,2.0,23.89,,,2025-02-13,1968.54,ma_breach,7,-0.342,-9414.27,262.17
MINDACORP,2025-01-06,2025-01-07,524.76,479.65,2.0,9.4,,,2025-02-14,534.38,ma_breach,29,0.213,3544.31,635.62
DOMS,2025-02-10,2025-02-11,2844.55,2454.61,2.0,15.89,,,2025-02-14,2454.61,stop,3,-1.0,-27277.05,353.86
ASTRAZEN,2025-01-27,2025-01-29,7158.48,6590.35,2.0,8.62,,,2025-02-20,6907.39,ma_breach,17,-0.442,-13756.58,644.3
TARIL,2025-02-24,2025-02-25,454.46,363.09,2.0,25.17,,,2025-03-03,363.09,stop,3,-1.0,-24986.52,216.77
AMBER,2025-02-24,2025-02-25,6119.95,5229.77,2.0,17.02,,,2025-03-04,5535.05,ma_breach,4,-0.657,-16489.99,317.21
ABBOTINDIA,2025-02-24,2025-02-25,29414.28,27144.3,2.0,8.36,,,2025-04-07,27144.3,stop,26,-1.0,-25314.41,603.66
BLUESTARCO,2025-03-03,2025-03-04,1990.44,1840.91,2.0,8.12,,,2025-04-07,1840.91,stop,22,-1.0,-24782.17,606.98
RAINBOW,2025-04-07,2025-04-08,1467.68,1352.3,2.0,8.53,,,2025-04-29,1352.3,stop,12,-1.0,-24601.92,553.92
BAJAJFINSV,2025-02-17,2025-02-18,1889.47,1723.21,2.0,9.65,,,2025-06-06,1965.36,ma_breach,71,0.457,10276.8,574.47
AAVAS,2025-06-09,2025-06-10,1937.9,1782.32,2.0,8.73,,,2025-06-16,1850.9,ma_breach,4,-0.559,-15643.82,591.17
GODFRYPHLP,2025-02-17,2025-02-18,2255.46,1592.58,2.0,41.62,,,2025-06-20,2647.32,ma_breach,81,0.591,14316.49,183.25
ASAHIINDIA,2025-04-28,2025-04-29,740.64,657.03,2.0,12.73,,,2025-06-25,689.96,ma_breach,40,-0.606,-15798.74,405.87
PNBHOUSING,2025-04-07,2025-04-08,960.11,849.72,2.0,12.99,,,2025-07-28,1004.88,ma_breach,75,0.406,8465.38,403.41
360ONE,2025-06-16,2025-06-17,1159.34,986.23,2.0,17.55,,,2025-07-28,1060.42,ma_breach,29,-0.571,-14055.66,303.16
AAVAS,2025-06-30,2025-07-01,2093.1,1797.2,2.0,16.46,,,2025-07-29,1805.5,ma_breach,20,-0.972,-24143.92,312.46
BAJFINANCE,2025-02-01,2025-02-04,832.22,716.42,2.0,16.16,,,2025-07-30,885.51,ma_breach,119,0.46,11331.54,387.76
CHOLAHLDNG,2025-04-15,2025-04-16,1811.75,1355.06,2.0,33.7,,,2025-07-30,1911.18,ma_breach,73,0.218,4846.25,194.57
GRAPHITE,2025-06-23,2025-06-24,550.05,502.49,2.0,9.46,,,2025-08-06,536.8,ma_breach,31,-0.279,-7403.6,529.22
KAYNES,2025-08-04,2025-08-05,6488.0,5399.6,2.0,20.16,,,2025-08-13,5834.5,ma_breach,6,-0.6,-13487.12,245.97
TARIL,2025-08-04,2025-08-06,543.8,475.52,2.0,14.36,,,2025-08-25,499.0,ma_breach,12,-0.656,-14743.23,329.37
MARICO,2025-08-04,2025-08-05,730.05,682.71,2.0,6.93,,,2025-09-25,710.4,ma_breach,35,-0.415,-10207.71,661.05
CAPLIPOINT,2025-08-11,2025-08-13,2152.84,1877.87,2.0,14.64,,,2025-10-01,1969.9,ma_breach,33,-0.665,-15089.96,315.2
ABSLAMC,2025-10-06,2025-10-07,821.95,770.28,2.0,6.71,,,2025-10-13,821.4,ma_breach,4,-0.011,-2710.49,706.84
LTFOODS,2025-10-20,2025-10-23,431.89,389.66,2.0,10.84,,,2025-10-29,416.88,ma_breach,4,-0.355,-9732.64,459.43
EICHERMOT,2025-08-04,2025-08-05,5670.0,5279.19,2.0,7.4,2025-09-04,6451.6116101269035,2025-11-07,6886.0,time,63,2.556,54290.3,685.93
BAJFINANCE,2025-09-08,2025-09-09,942.21,871.61,2.0,8.1,2025-10-23,1083.3958339375033,2025-11-11,1005.45,trail,42,1.448,31123.02,626.83
GPIL,2025-08-25,2025-08-26,242.8,196.9,2.0,23.31,,,2025-11-24,241.05,ma_breach,60,-0.038,-1227.77,226.66
CHENNPETRO,2025-10-27,2025-10-29,824.47,710.45,2.0,16.05,2025-11-17,1052.495770436075,2025-11-26,938.95,trail,19,1.502,33518.43,363.2
BHARTIHEXA,2025-10-13,2025-10-14,1789.9,1635.26,2.0,9.46,,,2025-12-02,1735.0,ma_breach,33,-0.355,-9703.78,508.72
DATAPATTNS,2025-11-17,2025-11-18,3120.0,2607.69,2.0,19.65,,,2025-12-08,2607.69,stop,14,-1.0,-24866.23,272.52
BSE,2025-10-13,2025-10-14,2501.0,2099.9,2.0,19.1,,,2025-12-18,2638.0,ma_breach,45,0.342,7108.04,285.94
CHOLAHLDNG,2025-12-01,2025-12-02,1891.0,1785.71,2.0,5.9,,,2025-12-18,1817.0,ma_breach,12,-0.703,-19439.95,828.75
SARDAEN,2025-12-15,2025-12-16,520.0,455.74,2.0,14.1,,,2025-12-22,516.9,ma_breach,4,-0.048,-2374.08,365.83
ASIANPAINT,2025-11-10,2025-11-11,2623.51,2452.09,2.0,6.99,,,2026-01-02,2732.1,ma_breach,37,0.633,13525.67,732.08
BHARTIHEXA,2025-12-22,2025-12-23,1809.7,1681.62,2.0,7.62,,,2026-01-13,1700.0,ma_breach,14,-0.856,-21222.81,610.62
AADHARHFC,2026-01-05,2026-01-06,509.25,472.28,2.0,7.83,,,2026-01-13,480.0,ma_breach,5,-0.791,-19825.09,599.53
ALKEM,2026-01-12,2026-01-13,5859.76,5481.78,2.0,6.9,,,2026-02-02,5481.78,stop,12,-1.0,-23490.8,637.86
DALBHARAT,2026-01-19,2026-01-20,2188.59,2012.78,2.0,8.73,,,2026-02-02,1994.16,ma_breach,8,-1.106,-24100.23,499.14
360ONE,2026-02-02,2026-02-03,1151.22,1092.86,2.0,5.34,,,2026-02-10,1131.43,ma_breach,5,-0.339,-8512.22,813.19
GUJGASLTD,2026-01-05,2026-01-06,441.15,385.76,2.0,14.36,,,2026-02-23,405.15,ma_breach,32,-0.65,-15762.51,342.38
APLAPOLLO,2025-12-22,2025-12-23,1863.3,1718.28,2.0,8.44,2026-02-03,2153.340146484375,2026-03-09,2099.09,trail,51,1.813,39296.27,613.03
3MINDIA,2026-02-02,2026-02-03,35600.0,32717.25,2.0,8.81,,,2026-03-09,34005.0,ma_breach,23,-0.553,-13260.65,502.01
ALKEM,2026-03-09,2026-03-10,5619.5,5409.59,2.0,3.88,,,2026-03-12,5409.59,stop,2,-1.0,-22462.63,1078.23
ELGIEQUIP,2026-02-23,2026-02-24,547.0,461.44,2.0,18.54,,,2026-03-16,461.44,stop,13,-1.0,-22301.7,252.44
AIAENG,2026-03-16,2026-03-17,3820.0,3541.45,2.0,7.87,,,2026-03-20,3541.45,stop,3,-1.0,-22174.02,536.4
ABSLAMC,2026-02-09,2026-02-10,828.35,748.25,2.0,10.7,2026-03-10,988.5479267578125,2026-03-23,890.22,trail,28,1.386,27706.11,467.13
ADANIENSOL,2026-02-09,2026-02-10,1033.9,841.96,2.0,22.8,,,2026-04-02,940.0,ma_breach,34,-0.489,-10746.68,217.67
SYRMA,2026-03-23,2026-03-24,796.85,708.29,2.0,12.5,,,2026-04-06,798.0,ma_breach,6,0.013,-371.54,344.36
POWERINDIA,2026-02-09,2026-02-10,22551.0,18254.73,2.0,23.54,2026-04-23,31143.546000000002,2026-05-15,32535.0,time,63,2.162,45278.48,267.97
GALLANTT,2026-04-13,2026-04-16,811.05,549.45,2.0,47.61,,,2026-05-21,678.0,ma_breach,25,-0.509,-10939.49,120.01
LINDEINDIA,2026-03-16,2026-03-17,7248.0,6543.95,2.0,10.76,,,2026-05-27,7239.0,ma_breach,47,-0.013,-1721.18,417.64
ZYDUSWELL,2026-04-06,2026-04-07,502.0,419.88,2.0,19.56,,,2026-05-28,481.45,ma_breach,36,-0.25,-5362.77,236.29
ADANIPOWER,2026-03-16,2026-03-17,156.0,134.73,2.0,15.79,2026-04-17,198.5497187805176,2026-06-10,220.09,trail,57,2.506,50241.35,348.52
IPCALAB,2026-06-08,2026-06-09,1650.6,1468.53,2.0,12.4,,,2026-06-19,1551.0,ma_breach,8,-0.547,-13455.78,408.87
APARINDS,2026-03-23,2026-03-24,9925.0,8847.14,2.0,12.18,2026-04-21,12080.712,2026-06-25,16022.0,time,63,3.828,72438.63,425.36
ACMESOLAR,2026-03-30,2026-04-02,274.0,234.57,2.0,16.81,2026-06-05,352.8695939025879,2026-06-29,379.25,eos,60,2.334,44892.1,316.07
ABDL,2026-04-20,2026-04-21,571.06,484.91,2.0,17.76,,,2026-06-29,659.5,eos,48,1.027,21315.88,311.76
HSCL,2026-04-27,2026-04-29,604.18,481.51,2.0,25.48,,,2026-06-29,675.5,eos,43,0.581,12473.62,231.28
MINDACORP,2026-05-25,2026-05-26,590.0,506.89,2.0,16.4,,,2026-06-29,672.4,eos,23,0.991,20592.41,333.36
ELGIEQUIP,2026-05-25,2026-05-27,574.95,507.49,2.0,13.29,,,2026-06-29,608.3,eos,22,0.494,9596.02,388.74
AEGISLOG,2026-06-15,2026-06-16,982.05,749.45,2.0,31.04,,,2026-06-29,1174.1,eos,9,0.826,19406.69,222.37
