tkr,sig_date,entry_date,entry,trig,stop0,risk_pct,half_date,half_px,exit_date,exit_px,reason,held,R,gap_through,net_pnl,stt_paid
STAR,2017-01-09,2017-01-10,1014.13,1013.26,952.31,2.0,,,2017-02-01,952.31,stop,15,-1.0,True,-21989.63,629.41
HCC,2017-01-02,2017-01-03,38.76,38.22,35.9,2.0,,,2017-02-14,35.9,stop,29,-1.0,False,-21825.9,521.68
GAYAPROJ,2017-02-01,2017-02-03,131.27,127.85,122.03,2.0,,,2017-03-14,132.98,ma_breach,25,0.185,False,92.79,545.2
GREENPLY,2017-02-03,2017-02-07,275.09,264.43,253.14,2.0,,,2017-03-23,267.68,ma_breach,30,-0.338,False,-9655.73,483.94
FCONSUMER,2017-01-20,2017-01-23,23.15,23.15,21.83,2.0,2017-02-07,25.793698093414307,2017-03-28,27.61,trail,43,2.685,False,47887.61,737.84
GREENPLY,2017-03-27,2017-03-28,276.01,276.01,262.23,2.0,,,2017-04-03,274.46,ma_breach,4,-0.113,False,-7680.54,842.59
EROSMEDIA,2017-02-10,2017-02-14,209.25,205.4,187.31,2.0,2017-03-23,253.125,2017-04-12,241.94,trail,38,1.745,False,33574.61,427.67
RNAVAL,2017-04-20,2017-04-24,18438.75,18438.75,17609.87,2.0,,,2017-05-02,17609.87,stop,5,-1.0,False,-25534.35,963.8
RNAVAL,2017-05-08,2017-05-10,18507.5,18053.75,17623.61,2.0,,,2017-05-18,17623.61,stop,6,-1.0,False,-24395.22,872.4
GAYAPROJ,2017-03-28,2017-03-29,136.59,136.21,128.57,2.0,2017-04-17,152.61159338378906,2017-05-19,146.07,trail,34,1.592,False,28529.5,744.71
HCC,2017-05-17,2017-05-18,41.9,41.9,39.12,2.0,,,2017-05-19,39.12,stop,1,-1.0,False,-23325.81,617.78
FCONSUMER,2017-04-03,2017-04-05,30.65,30.6,29.07,2.0,2017-04-06,33.808198093414305,2017-05-22,31.26,trail,31,1.194,False,21935.37,833.02
DCAL,2017-03-28,2017-03-29,299.67,278.39,244.48,2.0,,,2017-05-23,294.22,ma_breach,36,-0.099,False,-2844.77,224.59
MANPASAND,2017-05-17,2017-05-19,399.37,399.37,385.11,2.0,,,2017-05-23,385.11,stop,2,-1.0,False,-25300.33,1115.55
COFFEEDAY,2017-05-23,2017-05-26,257.0,257.0,245.4,2.0,,,2017-05-29,245.4,stop,1,-1.0,False,-24681.87,840.08
SUVEN,2017-05-29,2017-06-01,6.52,6.52,6.22,2.0,,,2017-06-19,6.22,stop,12,-1.0,False,-23377.64,832.94
GAYAPROJ,2017-06-15,2017-06-20,162.66,157.48,151.77,2.0,,,2017-06-27,151.77,stop,4,-1.0,False,-23710.6,579.47
MANPASAND,2017-05-25,2017-05-26,390.91,390.42,366.63,2.0,2017-05-29,439.49318803126135,2017-06-28,373.1,trail,22,0.633,False,10051.86,636.39
RUPA,2017-06-02,2017-06-07,479.94,417.92,350.86,2.0,,,2017-07-31,434.75,ma_breach,37,-0.35,False,-7790.41,142.4
JETAIRWAYS,2017-07-28,2017-08-01,602.1,599.75,567.83,2.0,,,2017-08-10,567.83,stop,7,-1.0,False,-23652.97,760.77
GVKPIL,2017-06-28,2017-06-30,7.4,6.7,6.29,2.0,2017-07-21,9.612599905014038,2017-08-24,11.57,trail,38,2.886,False,52509.31,304.99
LAXMIMACH,2017-05-25,2017-05-29,4295.9,4237.5,4157.1,2.0,2017-06-01,4573.47721433054,2017-08-29,5831.37,time,63,6.532,False,119786.42,1343.79
GREENPLY,2017-08-22,2017-08-24,285.41,266.72,260.1,2.0,,,2017-09-14,260.1,stop,14,-1.0,False,-26000.28,493.45
RELCAPITAL,2017-06-23,2017-06-27,550.69,550.69,519.71,2.0,2017-07-31,612.646114745465,2017-09-22,677.45,trail,61,3.046,False,57243.15,742.31
FRETAIL,2017-08-07,2017-08-10,429.31,425.42,393.87,2.0,2017-08-24,500.1908126220703,2017-09-25,500.08,trail,30,1.998,False,44467.84,597.68
FCONSUMER,2017-08-23,2017-08-29,49.4,48.15,45.5,2.0,2017-09-07,57.191106101989746,2017-09-28,56.31,trail,22,1.886,False,40572.72,617.29
GAYAPROJ,2017-09-18,2017-09-19,189.87,189.87,170.99,2.0,,,2017-09-28,170.99,stop,7,-1.0,False,-27600.32,470.78
DCAL,2017-09-28,2017-09-29,324.54,321.29,290.44,2.0,,,2017-10-13,298.62,ma_breach,9,-0.76,False,-19912.11,419.93
FRETAIL,2017-09-29,2017-10-03,524.52,524.52,499.88,2.0,,,2017-10-18,499.88,stop,11,-1.0,False,-24803.38,959.28
MANPASAND,2017-09-11,2017-09-13,451.69,433.26,411.93,2.0,,,2017-10-26,445.71,ma_breach,29,-0.15,False,-5663.44,557.47
EROSMEDIA,2017-10-24,2017-10-26,220.25,220.25,208.79,2.0,,,2017-10-31,208.79,stop,3,-1.0,False,-25161.68,832.94
FCONSUMER,2017-10-27,2017-10-31,62.0,61.75,56.84,2.0,,,2017-11-06,59.85,ma_breach,4,-0.417,False,-11093.63,524.65
GVKPIL,2017-10-26,2017-10-31,18.7,16.2,15.43,2.0,,,2017-11-14,15.43,stop,10,-1.0,True,-23434.4,232.11
AVANTIFEED,2017-08-11,2017-08-14,596.38,511.53,428.11,2.0,,,2017-12-06,789.75,ma_breach,78,1.149,False,24327.95,178.88
GAYAPROJ,2017-10-19,2017-10-23,182.99,182.99,175.35,2.0,2017-11-07,198.250016784668,2017-12-18,189.63,trail,40,1.435,False,25114.47,1103.3
RUPA,2017-12-01,2017-12-04,446.77,446.77,391.89,2.0,,,2018-01-23,421.25,ma_breach,35,-0.465,False,-11521.63,350.24
JETAIRWAYS,2017-11-08,2017-11-10,666.0,627.0,593.46,2.0,2017-12-26,811.0881243896483,2018-01-24,775.64,trail,52,1.756,False,37894.04,443.34
GREENPLY,2017-11-03,2017-11-07,295.02,286.38,273.0,2.0,2018-01-01,339.0559667149435,2018-01-30,345.44,trail,58,2.145,False,42258.65,623.16
BOMDYEING,2017-12-15,2017-12-19,272.98,259.89,221.96,2.0,,,2018-01-30,229.21,ma_breach,28,-0.858,False,-19349.73,217.51
DREDGECORP,2017-12-28,2018-01-01,847.32,793.92,682.26,2.0,,,2018-01-30,682.26,stop,20,-1.0,False,-23685.5,212.6
BLISSGVS,2018-01-24,2018-01-30,201.47,199.75,190.05,2.0,,,2018-02-02,190.05,stop,3,-1.0,False,-24976.97,764.55
KNRCON,2017-12-21,2017-12-27,170.75,155.44,135.39,2.0,,,2018-02-05,135.39,stop,27,-1.0,False,-23744.22,199.56
GVKPIL,2018-01-30,2018-02-02,21.1,21.0,19.18,2.0,,,2018-02-06,19.18,stop,2,-1.0,True,-23315.16,455.86
JKCEMENT,2017-12-13,2017-12-18,1024.07,1024.07,939.53,2.0,,,2018-02-07,1015.94,ma_breach,35,-0.096,False,-5544.91,539.31
APLAPOLLO,2018-02-02,2018-02-07,207.38,207.38,190.75,2.0,,,2018-02-15,198.82,ma_breach,5,-0.514,False,-12053.04,490.91
INTELLECT,2018-01-31,2018-02-05,178.63,178.63,159.19,2.0,,,2018-03-12,175.73,ma_breach,23,-0.149,False,-4471.08,382.59
LTTS,2018-01-22,2018-01-25,1121.29,932.15,881.74,2.0,,,2018-03-19,1121.24,ma_breach,34,-0.0,False,-1120.35,210.58
ESCORTS,2018-02-01,2018-02-06,846.6,846.6,780.15,2.0,,,2018-03-19,800.07,ma_breach,27,-0.7,False,-15413.35,512.83
OBEROIRLTY,2018-03-09,2018-03-14,538.51,515.9,477.19,2.0,,,2018-03-19,477.19,stop,3,-1.0,False,-21102.26,330.41
LTI,2018-03-20,2018-03-22,1364.0,1339.0,1270.23,2.0,,,2018-04-02,1335.0,ma_breach,5,-0.309,False,-8117.94,569.89
CYIENT,2018-01-19,2018-01-23,550.97,550.97,475.73,2.0,2018-05-07,701.4499864967127,2018-05-07,669.83,time,68,1.79,False,39338.21,373.22
CHAMBLFERT,2018-04-18,2018-04-23,167.5,150.03,144.98,2.0,,,2018-05-10,144.98,stop,12,-1.0,False,-23194.71,306.97
CHOLAFIN,2018-02-09,2018-02-15,273.44,260.37,249.8,2.0,2018-04-23,320.7314893002129,2018-05-14,305.31,trail,58,1.674,False,33000.65,515.73
JUBLFOOD,2018-03-14,2018-03-19,208.41,204.6,200.39,2.0,2018-03-22,224.44370664164882,2018-05-15,235.09,trail,38,2.664,False,49937.65,1063.8
IBVENTURES,2018-04-13,2018-04-16,324.7,324.7,276.77,2.0,2018-04-24,420.5540999999999,2018-05-18,434.0,trail,23,2.14,False,45681.53,339.36
DMART,2018-05-10,2018-05-15,1479.0,1479.0,1400.3,2.0,,,2018-05-18,1400.3,stop,3,-1.0,False,-24610.94,844.76
FLFL,2018-03-26,2018-04-02,407.63,407.63,377.47,2.0,2018-04-13,467.93837622017855,2018-05-21,420.8,trail,34,1.218,False,22805.54,575.61
GEPIL,2018-05-07,2018-05-10,944.1,872.85,849.4,2.0,,,2018-05-21,849.4,stop,7,-1.0,False,-27002.55,456.88
CCL,2018-05-15,2018-05-18,290.41,285.13,270.32,2.0,,,2018-05-21,270.32,stop,1,-1.0,False,-26699.53,633.85
GRAPHITE,2018-05-15,2018-05-18,659.11,607.85,589.62,2.0,,,2018-06-06,589.62,stop,13,-1.0,True,-23440.71,408.03
TAKE,2018-06-05,2018-06-06,232.67,232.67,206.88,2.0,2018-06-15,284.2547016296734,2018-06-25,239.51,trail,13,1.133,False,22571.18,406.22
MERCK,2018-04-19,2018-04-24,1397.15,1332.07,1138.04,2.0,2018-06-01,1915.3699636864515,2018-06-28,1697.52,trail,46,1.58,False,34765.23,279.78
AIAENG,2018-05-16,2018-05-21,1519.01,1457.58,1374.65,2.0,,,2018-06-29,1428.92,ma_breach,29,-0.624,False,-16277.44,441.61
BAJFINANCE,2018-05-16,2018-05-21,205.7,186.72,181.11,2.0,2018-07-20,254.86465679128807,2018-08-17,276.47,time,63,2.439,False,52007.12,414.65
BAJAJFINSV,2018-05-17,2018-05-21,571.05,558.5,525.42,2.0,2018-07-20,662.3166904154499,2018-08-17,706.91,time,63,2.489,False,52748.33,595.09
EXCELCROP,2018-07-17,2018-07-20,3889.9,3840.0,3500.5,2.0,2018-08-01,4668.7080000000005,2018-09-05,4221.11,trail,31,1.425,False,28889.23,479.18
GAIL,2018-06-29,2018-07-04,83.26,83.26,76.47,2.0,,,2018-09-07,88.42,ma_breach,45,0.759,False,15600.03,552.5
LALPATHLAB,2018-06-21,2018-06-25,438.54,429.22,408.27,2.0,2018-08-17,499.0764662006538,2018-09-11,459.03,trail,54,1.338,False,27704.68,681.45
PFIZER,2018-08-13,2018-08-17,2610.32,2457.59,2327.67,2.0,2018-08-28,3175.619865266401,2018-09-19,2823.59,trail,21,1.377,False,32939.68,499.9
VMART,2018-08-01,2018-08-06,709.18,635.76,603.21,2.0,,,2018-09-21,663.24,ma_breach,30,-0.433,False,-11813.45,319.54
LTI,2018-09-04,2018-09-07,1918.0,1918.0,1762.24,2.0,,,2018-09-21,1762.24,stop,8,-1.0,False,-27429.41,621.64
SUVEN,2018-09-05,2018-09-10,12.47,11.18,10.45,2.0,,,2018-09-21,10.45,stop,7,-1.0,False,-27421.69,299.4
PRAJIND,2018-09-12,2018-09-17,97.73,90.52,86.92,2.0,,,2018-09-21,86.92,stop,3,-1.0,False,-27501.86,443.44
AIAENG,2018-09-17,2018-09-21,1749.02,1719.31,1670.77,2.0,,,2018-09-24,1670.77,stop,1,-1.0,False,-31648.52,1084.58
ERIS,2018-09-19,2018-09-21,724.62,724.62,673.52,2.0,,,2018-09-28,673.52,stop,5,-1.0,False,-29092.87,678.93
SANOFI,2018-09-21,2018-09-24,4770.0,4754.87,4362.13,2.0,,,2018-10-04,4362.13,stop,7,-1.0,False,-25390.93,527.18
ABFRL,2018-09-25,2018-09-28,184.33,184.28,170.36,2.0,,,2018-10-08,177.38,ma_breach,5,-0.497,False,-13267.47,584.15
SUNPHARMA,2018-08-14,2018-08-17,577.01,564.97,518.23,2.0,,,2018-10-09,564.82,ma_breach,33,-0.207,False,-6106.55,489.31
LTI,2018-09-21,2018-09-24,1889.95,1889.95,1640.56,2.0,,,2018-10-10,1725.6,ma_breach,11,-0.659,False,-16131.16,341.35
JSWSTEEL,2018-10-08,2018-10-10,352.14,352.14,329.03,2.0,,,2018-10-11,329.03,stop,1,-1.0,False,-22695.85,635.24
DRREDDY,2018-10-09,2018-10-11,473.37,473.37,447.11,2.0,,,2018-10-26,457.01,ma_breach,10,-0.623,False,-15155.62,781.91
NAUKRI,2018-10-24,2018-10-26,310.71,310.71,287.71,2.0,,,2018-11-01,287.71,stop,4,-1.0,False,-23285.86,555.4
TIINDIA,2018-10-05,2018-10-10,282.35,282.35,264.65,2.0,,,2018-11-26,285.23,ma_breach,30,0.163,False,-844.42,690.95
PRAJIND,2018-10-05,2018-10-08,89.53,89.53,86.07,2.0,2018-10-10,96.46060405303515,2018-11-29,94.96,trail,35,1.784,False,34182.81,1144.98
AUROPHARMA,2018-10-29,2018-11-01,765.81,743.65,688.88,2.0,,,2018-12-11,692.24,ma_breach,26,-0.956,False,-21257.4,406.74
VINATIORGA,2018-11-29,2018-12-04,727.22,715.06,680.28,2.0,,,2018-12-11,680.28,stop,5,-1.0,True,-25259.22,637.05
ADANIENSOL,2019-01-10,2019-01-14,222.4,218.5,205.44,2.0,,,2019-01-24,205.44,stop,8,-1.0,True,-24580.71,535.17
COLPAL,2018-11-26,2018-11-27,1014.16,1014.16,968.95,2.0,2018-12-13,1104.5755094449419,2019-01-29,1059.56,trail,44,1.502,False,27996.97,968.87
KSCL,2019-01-24,2019-01-29,558.0,551.87,524.73,2.0,,,2019-02-08,524.73,stop,8,-1.0,False,-22590.25,659.93
APOLLOHOSP,2018-12-07,2018-12-12,1190.51,1190.51,1142.53,2.0,2019-01-14,1286.461734576232,2019-02-11,1226.37,trail,42,1.374,False,25718.13,1023.25
VINATIORGA,2018-12-11,2018-12-14,760.76,705.33,675.47,2.0,,,2019-02-25,749.11,ma_breach,49,-0.137,False,-5105.61,364.27
BALRAMCHIN,2019-02-05,2019-02-08,100.55,100.55,95.06,2.0,2019-02-15,111.53922545139153,2019-04-09,121.05,trail,38,2.866,False,55682.76,805.78
TTKPRESTIG,2019-03-01,2019-03-06,684.78,639.46,602.56,2.0,,,2019-04-25,650.94,ma_breach,32,-0.412,False,-11439.28,361.6
SUVEN,2019-02-21,2019-02-25,11.0,10.97,10.19,2.0,2019-03-07,12.614202644348143,2019-05-07,11.78,trail,44,1.486,False,28883.87,597.62
JUSTDIAL,2019-03-13,2019-03-14,654.0,654.0,552.9,2.0,,,2019-05-09,562.0,ma_breach,34,-0.91,False,-21086.71,272.23
ICICIGI,2019-02-12,2019-02-15,865.93,847.81,815.52,2.0,2019-03-05,966.7438096612238,2019-05-13,977.34,trail,54,2.105,False,40757.66,751.51
GILLETTE,2019-04-12,2019-04-16,7004.01,6562.91,6093.46,2.0,,,2019-05-15,6208.14,ma_breach,17,-0.874,False,-21668.45,330.62
NAUKRI,2019-01-22,2019-01-24,339.41,321.84,294.81,2.0,,,2019-05-21,361.19,ma_breach,75,0.488,False,9049.44,328.01
DCMSHRIRAM,2019-04-25,2019-05-02,436.41,385.95,366.5,2.0,2019-05-23,576.2295083808567,2019-06-06,475.37,trail,24,1.279,False,26969.19,307.88
BAJAJFINSV,2019-05-14,2019-05-17,764.45,738.85,719.01,2.0,,,2019-07-11,766.49,ma_breach,38,0.045,False,-346.9,745.13
JKCEMENT,2019-05-20,2019-05-23,957.42,884.29,836.64,2.0,,,2019-07-12,940.1,ma_breach,35,-0.143,False,-4654.04,368.56
ASTRAL,2019-07-09,2019-07-11,595.33,586.44,567.87,2.0,,,2019-07-12,567.87,stop,1,-1.0,False,-29055.76,971.38
FEDERALBNK,2019-05-02,2019-05-07,95.23,90.19,86.85,2.0,,,2019-07-22,94.44,ma_breach,53,-0.095,False,-2993.02,499.59
ADANIPORTS,2019-07-09,2019-07-12,393.65,387.96,374.83,2.0,,,2019-07-24,382.23,ma_breach,8,-0.607,False,-15500.35,938.41
LALPATHLAB,2019-07-17,2019-07-22,520.94,520.94,492.51,2.0,,,2019-08-02,505.08,ma_breach,9,-0.558,False,-15354.66,809.89
MERCK,2019-05-10,2019-05-14,2913.43,2768.84,2711.4,2.0,2019-05-17,3317.480354775694,2019-08-13,3751.62,time,63,3.074,False,62868.18,677.25
RELAXO,2019-08-01,2019-08-05,425.05,425.05,402.13,2.0,,,2019-08-22,416.14,ma_breach,11,-0.389,False,-14074.23,833.17
ASIANPAINT,2019-07-22,2019-07-24,1346.28,1326.99,1277.76,2.0,2019-08-09,1483.3230908693909,2019-09-16,1417.79,trail,34,1.522,False,32179.72,906.86
NAM-INDIA,2019-08-22,2019-08-23,201.83,201.83,190.3,2.0,2019-08-28,224.88316186829252,2019-09-16,208.44,trail,14,1.287,False,26325.03,823.84
ADANIPOWER,2019-09-11,2019-09-16,12.9,12.9,12.1,2.0,,,2019-10-01,12.1,stop,11,-1.0,False,-25549.66,717.95
ELGIEQUIP,2019-09-26,2019-10-01,148.38,141.38,134.63,2.0,,,2019-10-03,134.63,stop,1,-1.0,False,-26466.3,482.0
BRIGADE,2019-09-26,2019-10-01,160.87,146.18,141.12,2.0,,,2019-10-07,141.12,stop,3,-1.0,False,-25328.01,358.17
BHARTIARTL,2019-10-09,2019-10-14,367.5,344.94,323.73,2.0,,,2019-10-24,323.73,stop,7,-1.0,False,-22946.64,352.36
TRENT,2019-08-09,2019-08-13,451.22,451.22,428.97,2.0,2019-09-23,495.70615436480347,2019-11-11,503.56,trail,58,2.177,False,45457.62,968.28
KOLTEPATIL,2019-10-03,2019-10-04,242.92,242.92,219.68,2.0,,,2019-11-18,233.62,ma_breach,28,-0.4,False,-12092.98,468.58
KEI,2019-11-07,2019-11-11,564.51,537.8,517.02,2.0,,,2019-11-18,517.02,stop,4,-1.0,False,-25360.58,534.92
BPCL,2019-09-18,2019-09-23,132.43,124.65,118.22,2.0,2019-10-01,160.85277629027263,2019-11-27,158.47,trail,43,1.916,True,43570.32,476.52
GODFRYPHLP,2019-08-23,2019-08-28,300.96,293.33,260.2,2.0,2019-11-14,382.49385332138576,2019-12-03,415.78,time,63,2.408,False,54478.37,398.44
CHOLAFIN,2019-11-13,2019-11-18,324.85,296.29,290.21,2.0,,,2019-12-06,296.0,ma_breach,14,-0.833,False,-19663.76,407.33
PETRONET,2019-09-20,2019-09-23,216.61,201.05,184.02,2.0,,,2019-12-30,204.97,ma_breach,65,-0.357,False,-8824.63,299.84
GRANULES,2019-10-18,2019-10-24,114.44,99.99,94.91,2.0,,,2019-12-31,122.68,ma_breach,46,0.422,False,8726.09,279.08
AAVAS,2019-11-14,2019-11-18,1627.75,1615.0,1510.49,2.0,2019-12-11,1862.274,2020-01-27,1882.37,trail,49,2.086,False,44711.39,678.36
NMDC,2019-12-03,2019-12-06,18.13,18.0,16.71,2.0,2019-12-30,20.973491675021155,2020-01-28,20.21,trail,36,1.73,False,37335.19,621.91
ABCAPITAL,2019-12-11,2019-12-12,100.0,96.5,88.46,2.0,,,2020-01-31,100.6,ma_breach,35,0.052,False,478.38,401.66
TATACOMM,2019-11-25,2019-11-28,389.1,355.06,330.91,2.0,,,2020-02-17,357.0,ma_breach,56,-0.552,False,-14405.27,298.07
ATGL,2020-01-24,2020-01-27,176.68,176.68,147.91,2.0,,,2020-02-19,164.69,ma_breach,17,-0.417,False,-11053.84,299.27
ESSELPACK,2020-02-03,2020-02-04,167.05,158.12,146.18,2.0,,,2020-03-02,146.18,stop,18,-1.0,False,-26244.16,364.9
INFIBEAM,2019-12-26,2019-12-31,14.15,13.99,11.88,2.0,,,2020-03-04,14.2,ma_breach,45,0.022,False,-519.01,298.91
RATNAMANI,2020-02-28,2020-03-04,868.03,860.95,793.93,2.0,,,2020-03-09,793.93,stop,3,-1.0,False,-29146.25,572.81
DEEPAKNTR,2019-12-24,2019-12-30,369.96,359.98,343.62,2.0,2020-02-14,422.6396562324842,2020-03-12,448.93,trail,51,2.499,True,56986.71,728.82
ORIENTELEC,2020-01-24,2020-01-29,225.37,205.71,197.79,2.0,,,2020-03-12,197.79,stop,29,-1.0,False,-26634.06,377.94
MIDHANI,2020-02-17,2020-02-18,211.61,202.67,173.56,2.0,,,2020-03-12,173.56,stop,15,-1.0,False,-25859.81,252.83
TASTYBITE,2020-02-20,2020-02-26,12808.75,12287.81,10788.76,2.0,,,2020-03-12,10788.76,stop,10,-1.0,True,-27091.59,298.03
AMBER,2020-03-06,2020-03-09,1482.87,1482.87,1329.8,2.0,,,2020-03-12,1329.8,stop,2,-1.0,False,-26241.39,453.06
SFL,2020-03-11,2020-03-12,776.6,776.6,741.13,2.0,,,2020-03-13,741.13,stop,1,-1.0,True,-29132.47,981.94
BAYERCROP,2020-03-09,2020-03-13,3676.04,3676.04,3512.25,2.0,,,2020-03-16,3512.25,stop,1,-1.0,True,-24233.51,921.91
RATNAMANI,2020-03-09,2020-03-13,816.52,816.52,757.96,2.0,,,2020-03-16,757.96,stop,1,-1.0,False,-24564.9,564.78
IPCALAB,2020-02-11,2020-02-14,700.37,620.91,604.37,2.0,,,2020-03-19,604.37,stop,22,-1.0,False,-26029.92,337.71
NAVINFLUOR,2020-03-13,2020-03-17,1359.26,1359.26,1106.29,2.0,,,2020-03-19,1106.29,stop,2,-1.0,True,-19905.35,190.66
PIDILITIND,2020-03-17,2020-03-18,777.07,777.07,716.71,2.0,,,2020-03-19,716.71,stop,1,-1.0,True,-20360.93,482.37
PFIZER,2020-03-13,2020-03-16,3797.74,3797.74,3022.05,2.0,,,2020-03-20,3527.04,ma_breach,4,-0.349,False,-7867.99,194.48
IPCALAB,2020-03-20,2020-03-23,796.22,741.24,647.0,2.0,,,2020-03-24,647.0,stop,1,-1.0,False,-18786.29,178.59
NAVINFLUOR,2020-03-26,2020-03-27,1322.02,1293.6,1091.6,2.0,,,2020-04-03,1180.65,ma_breach,4,-0.614,False,-11785.88,196.48
HINDUNILVR,2020-03-31,2020-04-01,2069.06,2069.06,1952.6,2.0,,,2020-04-03,1952.6,stop,1,-1.0,False,-18872.81,613.61
AJANTPHARM,2020-03-30,2020-03-31,832.25,832.25,743.27,2.0,,,2020-04-23,815.41,ma_breach,13,-0.189,False,-4475.37,326.08
NAVINFLUOR,2020-04-03,2020-04-07,1288.7,1255.13,1165.03,2.0,2020-04-27,1536.028131082598,2020-05-12,1390.33,trail,22,1.411,False,22879.5,381.93
IPCALAB,2020-03-31,2020-04-03,694.92,694.92,644.14,2.0,2020-04-08,796.5025762138079,2020-05-29,742.3,trail,35,1.466,False,24593.75,501.31
ABBOTINDIA,2020-03-26,2020-03-30,15487.62,13578.23,13015.65,2.0,,,2020-06-11,14955.46,ma_breach,47,-0.215,False,-4648.91,221.58
DIVISLAB,2020-04-07,2020-04-08,2085.58,2085.58,1861.82,2.0,,,2020-06-18,2236.81,ma_breach,47,0.676,False,11529.27,347.4
INDIACEM,2020-05-15,2020-05-18,117.11,117.11,98.78,2.0,,,2020-07-13,119.82,ma_breach,39,0.148,False,1944.75,244.88
TRIDENT,2020-06-10,2020-06-11,6.67,6.35,5.67,2.0,,,2020-07-16,5.67,stop,25,-1.0,False,-20988.58,247.28
GMMPFAUDLR,2020-04-20,2020-04-23,1270.27,1166.73,1061.3,2.0,,,2020-07-20,1306.7,ma_breach,60,0.174,False,2459.06,231.26
ALKYLAMINE,2020-04-22,2020-04-27,678.46,678.46,554.79,2.0,2020-07-09,925.7985899429601,2020-07-27,882.21,time,63,1.824,False,33752.78,242.78
ZYDUSLIFE,2020-04-03,2020-04-07,291.32,269.57,248.88,2.0,,,2020-07-30,348.66,ma_breach,78,1.351,False,22719.92,258.79
BPCL,2020-07-17,2020-07-20,151.32,151.32,132.45,2.0,,,2020-08-04,132.45,stop,11,-1.0,False,-20881.21,305.74
NAUKRI,2020-05-27,2020-06-01,530.08,478.2,457.09,2.0,2020-08-10,676.0623456779233,2020-08-27,642.21,time,63,1.768,False,33737.2,316.13
ITI,2020-06-17,2020-06-18,101.0,92.8,82.32,2.0,2020-07-07,138.36479695129395,2020-08-31,131.87,trail,52,1.826,False,35379.52,250.93
BHARATRAS,2020-07-06,2020-07-09,2223.17,1928.41,1891.55,2.0,2020-08-11,2886.4137041852096,2020-08-31,2356.76,trail,37,1.201,False,22972.7,298.59
ADVENZYMES,2020-07-28,2020-07-31,175.2,164.78,149.71,2.0,2020-08-17,226.16080925393976,2020-08-31,199.31,trail,21,1.473,False,28572.37,312.36
AJANTPHARM,2020-07-30,2020-08-04,1042.12,963.21,910.31,2.0,,,2020-09-01,910.31,stop,20,-1.0,False,-22786.74,320.91
ESSELPACK,2020-07-08,2020-07-13,177.65,166.3,158.79,2.0,2020-07-31,215.3642856067652,2020-09-08,234.7,trail,41,2.513,False,49055.35,440.49
MASFIN,2020-08-26,2020-08-31,288.9,271.06,256.14,2.0,,,2020-09-22,256.14,stop,16,-1.0,False,-25066.3,380.26
DIVISLAB,2020-08-07,2020-08-11,3045.87,2735.5,2638.19,2.0,,,2020-10-05,2987.71,ma_breach,38,-0.143,False,-3820.38,334.0
TIMKEN,2020-08-24,2020-08-27,1122.57,1052.17,962.55,2.0,,,2020-10-12,1041.61,ma_breach,31,-0.506,False,-13595.87,311.06
FDC,2020-09-22,2020-09-23,337.15,336.17,302.64,2.0,,,2020-11-05,318.09,ma_breach,30,-0.552,False,-13555.6,416.04
GRANULES,2020-08-31,2020-09-01,312.88,312.88,276.68,2.0,2020-09-25,385.2841711976599,2020-11-09,359.72,trail,48,1.647,False,35010.59,410.94
ASTRAZEN,2020-09-04,2020-09-08,4627.75,3877.73,3594.2,2.0,,,2020-11-11,4169.5,ma_breach,45,-0.443,False,-10856.79,195.3
SUPREMEIND,2020-07-27,2020-07-30,1198.43,1117.58,1087.71,2.0,,,2020-11-17,1330.65,ma_breach,77,1.194,False,23101.15,473.59
INDIGO,2020-11-09,2020-11-11,1609.33,1494.97,1428.15,2.0,,,2020-12-22,1428.15,stop,28,-1.0,True,-22899.01,372.66
ALLCARGO,2020-12-09,2020-12-11,36.0,30.85,30.05,2.0,,,2020-12-22,30.05,stop,7,-1.0,False,-25698.05,269.68
ADVENZYMES,2020-09-23,2020-09-25,277.38,222.5,210.97,2.0,,,2020-12-24,311.28,ma_breach,62,0.511,False,10216.66,188.87
CROMPTON,2020-09-29,2020-10-05,277.95,270.38,245.38,2.0,2020-12-16,343.0833323433927,2021-01-04,359.48,time,63,2.252,False,49233.55,435.52
JSL,2020-10-12,2020-10-15,53.98,51.13,44.35,2.0,2020-12-28,73.2469064207298,2021-01-14,88.2,time,63,2.776,False,60007.21,310.58
NAVINFLUOR,2020-11-03,2020-11-05,2389.18,2296.81,2134.09,2.0,,,2021-01-18,2449.13,ma_breach,50,0.235,False,3729.98,419.57
CHAMBLFERT,2020-11-12,2020-11-17,165.72,154.63,147.64,2.0,2020-12-10,201.8839817863106,2021-01-18,197.54,trail,42,1.88,False,40562.98,453.22
TASTYBITE,2020-12-18,2020-12-22,12291.37,11392.0,11048.27,2.0,,,2021-02-01,11771.93,ma_breach,27,-0.418,False,-12648.96,453.59
ECLERX,2020-12-22,2020-12-24,296.05,257.41,238.63,2.0,,,2021-02-26,307.02,ma_breach,44,0.191,False,3610.54,245.58
CEATLTD,2021-01-14,2021-01-18,1201.97,1172.21,1128.11,2.0,2021-01-21,1349.6907346786923,2021-03-17,1457.85,trail,40,2.732,False,63486.2,858.57
QUESS,2021-01-27,2021-02-01,518.84,518.18,462.61,2.0,2021-02-05,631.3132196063707,2021-03-17,607.53,trail,31,1.789,False,42272.14,498.13
UFLEX,2021-03-12,2021-03-17,427.56,412.9,392.96,2.0,,,2021-03-18,392.96,stop,1,-1.0,False,-32390.94,709.26
JKTYRE,2021-01-19,2021-01-21,111.28,87.45,84.09,2.0,,,2021-03-19,104.48,ma_breach,39,-0.25,False,-6792.96,193.98
INDIANB,2021-02-02,2021-02-05,102.44,89.81,80.7,2.0,,,2021-03-22,102.31,ma_breach,30,-0.006,False,-1029.99,249.56
POLYMED,2020-12-21,2020-12-23,513.02,513.02,444.18,2.0,2021-02-17,650.6846845170702,2021-03-25,811.96,time,63,3.171,False,72213.67,420.0
NIACL,2021-01-18,2021-01-21,136.67,127.4,120.13,2.0,2021-02-19,169.7483230476976,2021-03-25,148.13,trail,43,1.346,False,31386.31,436.92
TRIDENT,2020-12-31,2021-01-05,12.53,9.17,8.8,2.0,,,2021-03-30,12.71,ma_breach,57,0.049,False,597.58,161.76
BANKINDIA,2021-02-16,2021-02-19,81.63,60.1,52.98,2.0,,,2021-04-05,59.33,ma_breach,28,-0.778,False,-22592.39,141.19
ADANIGREEN,2021-03-19,2021-03-22,1252.2,1192.6,1080.02,2.0,,,2021-04-13,1080.02,stop,14,-1.0,False,-28307.7,374.31
RCF,2021-02-23,2021-02-26,63.85,48.47,47.08,2.0,,,2021-04-22,62.74,ma_breach,34,-0.066,False,-2694.26,219.38
IOB,2021-02-16,2021-02-19,20.15,13.1,11.89,2.0,,,2021-04-23,15.9,ma_breach,40,-0.514,False,-15202.19,125.23
REDINGTON,2021-03-25,2021-03-31,78.48,75.56,63.01,2.0,,,2021-04-27,75.54,ma_breach,16,-0.19,False,-6388.6,283.01
FSL,2020-12-22,2020-12-28,81.43,66.52,57.92,2.0,2021-05-21,128.44662474615242,2021-05-21,124.67,time,97,1.92,False,44554.0,208.69
ATGL,2021-02-12,2021-02-17,520.14,382.77,377.25,2.0,2021-03-22,805.9224294257011,2021-05-25,1292.26,time,63,3.702,False,99826.51,299.26
BIRLACORPN,2021-03-22,2021-03-25,847.07,812.06,763.33,2.0,2021-05-12,1014.550433046118,2021-06-18,1123.65,trail,56,2.651,False,72958.24,649.25
ELGIEQUIP,2021-04-19,2021-04-23,226.48,226.48,184.87,2.0,,,2021-06-21,207.12,ma_breach,40,-0.465,False,-14583.71,291.9
MINDTREE,2021-03-15,2021-03-18,2018.0,1942.0,1851.9,2.0,2021-05-28,2350.2075,2021-06-22,2480.65,time,63,2.393,False,66322.99,755.01
TVTODAY,2021-05-20,2021-05-25,259.75,240.61,206.62,2.0,,,2021-06-28,217.23,ma_breach,24,-0.8,False,-26261.77,278.04
FLUOROCHEM,2021-04-09,2021-04-13,716.19,712.2,617.06,2.0,2021-06-01,914.4477714605641,2021-06-29,1021.29,trail,52,2.539,False,69499.11,476.18
GMDCLTD,2021-05-07,2021-05-12,72.63,61.48,53.82,2.0,,,2021-07-02,61.43,ma_breach,36,-0.595,False,-18712.66,214.95
VGUARD,2021-05-26,2021-05-31,278.9,247.1,235.22,2.0,,,2021-07-22,249.45,ma_breach,37,-0.674,False,-22142.96,373.71
PNBHOUSING,2021-05-28,2021-06-01,519.76,365.87,353.7,2.0,,,2021-07-28,564.72,ma_breach,40,0.271,False,7726.49,203.6
DIXON,2021-06-17,2021-06-22,4619.78,4325.57,4111.91,2.0,,,2021-08-03,4360.35,ma_breach,29,-0.511,False,-17485.96,569.76
TCIEXP,2021-05-18,2021-05-21,1221.13,1096.35,908.29,2.0,,,2021-08-09,1429.84,ma_breach,55,0.667,False,19653.84,261.25
FACT,2021-06-15,2021-06-18,143.73,128.18,124.61,2.0,,,2021-08-09,134.41,ma_breach,35,-0.488,False,-17526.57,473.61
ASHOKLEY,2021-07-29,2021-08-03,60.59,56.41,54.78,2.0,,,2021-08-20,54.78,stop,12,-1.0,False,-33354.57,639.67
DCMSHRIRAM,2021-06-24,2021-06-29,843.1,811.27,764.52,2.0,2021-07-19,1000.2766904076209,2021-08-23,866.19,trail,37,1.147,False,33799.47,715.5
EQUITAS,2021-07-07,2021-07-12,134.7,112.8,93.66,2.0,,,2021-08-31,116.75,ma_breach,34,-0.437,False,-14453.89,193.01
ORIENTREF,2021-04-22,2021-04-27,306.7,305.23,255.93,2.0,,,2021-09-29,344.65,ma_breach,107,0.747,False,19587.93,357.68
ASTERDM,2021-08-17,2021-08-23,148.78,139.68,121.21,2.0,,,2021-10-20,150.14,ma_breach,40,0.049,False,344.5,328.81
SONATSOFTW,2021-08-04,2021-08-09,293.02,279.85,268.12,2.0,2021-10-19,342.8079001474374,2021-10-21,301.63,trail,50,1.173,False,34754.7,790.5
KAJARIACER,2021-08-16,2021-08-20,1071.6,1023.93,975.09,2.0,2021-10-14,1264.6150547042546,2021-10-22,1144.87,trail,43,1.38,False,40654.32,739.31
SCHAEFFLER,2021-07-22,2021-07-26,1295.78,1157.46,1062.12,2.0,,,2021-10-28,1399.52,ma_breach,65,0.444,False,12964.09,370.52
EQUITAS,2021-10-20,2021-10-22,133.5,128.8,123.38,2.0,,,2021-11-15,123.38,stop,15,-1.0,False,-36306.43,846.11
CERA,2021-09-24,2021-09-29,5205.21,4915.38,4459.37,2.0,,,2021-11-25,4857.21,ma_breach,38,-0.467,False,-16671.48,437.75
CYIENT,2021-07-14,2021-07-19,945.55,795.98,771.46,2.0,,,2021-12-01,924.64,ma_breach,91,-0.12,False,-5167.24,352.0
TTKPRESTIG,2021-10-13,2021-10-19,1009.53,875.66,854.04,2.0,,,2021-12-01,970.8,ma_breach,29,-0.249,False,-10297.23,446.54
NETWORK18,2021-10-12,2021-10-18,80.0,73.25,60.79,2.0,,,2021-12-02,71.35,ma_breach,31,-0.45,False,-16334.84,269.32
CRISIL,2021-11-11,2021-11-15,3030.66,3021.29,2740.4,2.0,,,2021-12-06,2740.4,stop,14,-1.0,False,-36117.6,671.39
SCI,2021-11-26,2021-12-01,142.29,142.29,132.34,2.0,,,2021-12-17,132.34,stop,12,-1.0,False,-34959.16,880.41
ADANIENSOL,2021-12-01,2021-12-06,1875.25,1875.25,1707.84,2.0,,,2021-12-20,1707.84,stop,10,-1.0,True,-34598.49,688.91
BORORENEW,2021-10-11,2021-10-14,452.8,356.45,329.77,2.0,2021-12-16,698.860151184082,2021-12-28,593.99,trail,50,1.574,False,51573.25,298.72
GRINDWELL,2021-10-25,2021-10-28,1528.7,1504.42,1346.07,2.0,2022-01-03,1893.949370456358,2022-01-24,1780.46,trail,60,1.689,False,53472.47,606.57
ELGIEQUIP,2021-11-23,2021-11-25,257.56,230.82,205.05,2.0,2022-01-10,362.57205709056853,2022-01-24,322.37,trail,42,1.617,False,52634.44,381.38
INFY,2021-12-14,2021-12-17,1599.22,1549.13,1501.37,2.0,,,2022-01-25,1501.37,stop,27,-1.0,False,-34579.35,1036.58
SUZLON,2021-12-24,2021-12-29,8.54,7.44,6.83,2.0,2022-01-18,11.950459456443786,2022-02-08,10.01,trail,28,1.43,False,43535.17,358.44
BCG,2022-01-06,2022-01-11,111.77,96.59,87.34,2.0,,,2022-02-09,99.09,ma_breach,20,-0.519,False,-18874.72,296.69
ASAHIINDIA,2021-12-20,2021-12-21,479.22,474.33,435.35,2.0,2022-01-11,566.9526794260131,2022-02-11,529.36,trail,37,1.572,False,46103.86,724.89
POWERINDIA,2022-01-20,2022-01-25,2908.15,2908.15,2742.97,2.0,2022-01-27,3238.497470467948,2022-02-11,2884.87,trail,12,0.93,False,25506.77,1173.73
LINDEINDIA,2022-01-20,2022-01-24,2820.81,2615.93,2548.55,2.0,,,2022-02-14,2548.55,stop,14,-1.0,True,-36561.8,674.49
RENUKA,2022-02-09,2022-02-14,38.05,38.05,33.72,2.0,,,2022-02-21,33.72,stop,5,-1.0,False,-34857.18,545.61
DCMSHRIRAM,2022-01-25,2022-01-27,1053.88,1006.99,949.07,2.0,,,2022-02-22,949.07,stop,18,-1.0,True,-35676.93,639.11
REDINGTON,2022-01-05,2022-01-10,144.25,129.95,126.17,2.0,,,2022-02-24,126.95,ma_breach,32,-0.957,False,-33400.0,496.27
GNFC,2022-02-08,2022-02-11,497.26,482.97,450.51,2.0,,,2022-02-24,450.51,stop,9,-1.0,False,-34875.47,682.02
BSE,2022-02-09,2022-02-11,243.01,243.01,213.62,2.0,,,2022-02-24,213.62,stop,9,-1.0,True,-34588.94,522.84
SCHAEFFLER,2022-02-17,2022-02-22,1776.06,1776.06,1606.02,2.0,,,2022-03-07,1606.02,stop,8,-1.0,False,-32441.12,603.25
NATIONALUM,2022-02-22,2022-02-24,96.7,96.7,90.1,2.0,2022-03-04,109.88816928114312,2022-03-15,95.3,trail,12,0.894,False,25163.27,905.45
OIL,2022-03-02,2022-03-07,138.51,136.02,125.83,2.0,,,2022-03-15,125.83,stop,6,-1.0,True,-33916.46,658.97
POWERINDIA,2022-02-17,2022-02-21,3140.82,2980.38,2818.28,2.0,2022-03-03,3785.896888877592,2022-04-19,3291.55,trail,37,1.234,False,36381.16,648.84
BSE,2022-03-08,2022-03-11,283.88,226.89,219.57,2.0,,,2022-04-28,265.42,ma_breach,31,-0.287,False,-9280.87,262.2
BDL,2022-02-28,2022-03-04,224.34,221.29,199.87,2.0,2022-03-16,273.2718708354974,2022-05-04,335.12,trail,39,3.264,False,103789.94,703.23
MAZDOCK,2022-04-12,2022-04-19,159.85,159.73,138.21,2.0,,,2022-05-05,138.21,stop,11,-1.0,False,-39147.16,514.35
GAEL,2022-03-10,2022-03-15,117.35,111.9,105.9,2.0,2022-04-11,140.23426758864656,2022-05-09,150.2,trail,35,2.436,False,73139.52,712.44
JKPAPER,2022-03-11,2022-03-15,258.24,254.55,219.52,2.0,2022-04-18,335.69848970785966,2022-05-09,309.59,trail,35,1.663,False,50009.27,465.78
ADANIENSOL,2022-02-22,2022-02-24,1990.0,1985.0,1808.29,2.0,2022-03-04,2353.420248779297,2022-05-10,2580.34,trail,48,2.624,False,76060.31,734.89
COALINDIA,2022-02-25,2022-03-03,140.05,121.81,112.35,2.0,,,2022-05-10,134.44,ma_breach,44,-0.203,False,-6861.18,308.34
AMBER,2022-04-28,2022-05-04,3928.0,3671.0,3438.36,2.0,,,2022-05-10,3438.36,stop,4,-1.0,False,-37228.86,532.07
RENUKA,2022-04-07,2022-04-12,58.95,49.5,43.01,2.0,,,2022-05-11,43.01,stop,18,-1.0,False,-37129.17,234.74
GODFRYPHLP,2022-05-09,2022-05-10,373.31,373.31,345.9,2.0,,,2022-05-12,345.9,stop,2,-1.0,False,-36863.73,885.96
LINDEINDIA,2022-03-14,2022-03-16,3256.3,2919.78,2779.08,2.0,,,2022-05-16,3053.89,ma_breach,39,-0.424,False,-13798.02,407.31
KEI,2022-05-17,2022-05-20,1235.78,1228.81,1133.15,2.0,,,2022-05-25,1133.15,stop,3,-1.0,False,-35227.33,752.39
GAEL,2022-05-11,2022-05-16,149.55,146.06,131.08,2.0,,,2022-06-10,147.55,ma_breach,19,-0.109,False,-4374.16,511.63
HOMEFIRST,2022-05-02,2022-05-05,740.01,738.43,666.03,2.0,,,2022-06-16,739.51,ma_breach,30,-0.007,False,-3338.78,690.85
BDL,2022-05-11,2022-05-12,318.94,318.94,296.47,2.0,2022-05-20,363.86966501969414,2022-06-20,366.28,trail,27,2.054,False,63250.23,963.51
COROMANDEL,2022-06-13,2022-06-16,936.93,894.29,861.72,2.0,,,2022-06-20,861.72,stop,2,-1.0,False,-33391.95,765.61
ABB,2022-05-05,2022-05-10,2249.8,2248.82,2044.88,2.0,,,2022-06-21,2146.87,ma_breach,30,-0.502,False,-18263.02,724.4
MRPL,2022-06-21,2022-06-23,84.56,81.33,75.62,2.0,,,2022-07-04,75.62,stop,7,-1.0,False,-32168.01,557.95
JAMNAAUTO,2022-06-30,2022-07-04,119.25,115.77,112.18,2.0,,,2022-08-04,112.18,stop,23,-1.0,False,-36336.33,1066.84
ASAHIINDIA,2022-06-15,2022-06-20,458.32,441.72,425.38,2.0,2022-06-24,524.1936084533454,2022-08-08,542.02,trail,35,2.271,False,66844.02,935.23
PHOENIXLTD,2022-06-17,2022-06-21,548.37,548.37,511.35,2.0,2022-07-07,622.3898085181632,2022-09-21,709.51,time,63,3.177,False,92119.18,987.03
CHOLAFIN,2022-08-01,2022-08-04,758.84,734.54,684.35,2.0,,,2022-09-28,711.82,ma_breach,36,-0.631,False,-22046.23,652.83
HOMEFIRST,2022-08-10,2022-08-16,940.39,817.31,777.04,2.0,,,2022-09-28,847.83,ma_breach,30,-0.567,False,-19825.56,358.75
ASHOKLEY,2022-05-20,2022-05-25,64.25,60.05,57.42,2.0,,,2022-09-30,68.0,ma_breach,89,0.549,False,16951.11,638.37
FEDERALBNK,2022-07-15,2022-07-20,106.36,96.31,92.8,2.0,2022-11-03,133.4890909722689,2022-11-03,134.61,time,71,2.041,False,66579.45,587.32
SOLARINDS,2022-08-03,2022-08-08,3144.3,2790.5,2704.23,2.0,2022-10-03,4024.431380046447,2022-11-11,4131.93,time,63,2.122,False,67440.63,536.08
FLUOROCHEM,2022-09-27,2022-09-30,3901.52,3663.16,3555.88,2.0,,,2022-11-14,3555.88,stop,28,-1.0,False,-34610.52,718.83
RENUKA,2022-09-20,2022-09-21,57.75,57.75,49.5,2.0,,,2022-11-15,56.95,ma_breach,36,-0.097,False,-4296.59,489.66
ASTERDM,2022-09-27,2022-09-28,192.44,192.44,174.66,2.0,,,2022-11-15,174.66,stop,31,-1.0,True,-35817.4,689.97
AIAENG,2022-11-10,2022-11-15,2729.45,2654.43,2576.13,2.0,,,2022-11-16,2576.13,stop,1,-1.0,False,-39190.38,1173.45
ALLCARGO,2022-11-09,2022-11-14,109.46,100.67,98.35,2.0,,,2022-12-08,102.52,ma_breach,18,-0.624,False,-23211.03,640.95
EASEMYTRIP,2022-11-21,2022-11-23,34.91,28.58,25.76,2.0,,,2022-12-09,25.76,stop,12,-1.0,True,-33005.85,216.21
RAYMOND,2022-11-01,2022-11-04,1312.91,1208.06,1170.25,2.0,2022-12-02,1598.2247687462313,2022-12-23,1397.37,trail,34,1.296,False,44682.58,698.37
IDFCFIRSTB,2022-09-30,2022-10-06,53.67,49.84,46.9,2.0,,,2022-12-27,56.02,ma_breach,56,0.346,False,10759.56,550.25
HDFCBANK,2022-11-11,2022-11-16,774.86,774.86,727.27,2.0,,,2023-01-10,757.34,ma_breach,39,-0.368,False,-14167.64,1070.84
GODFRYPHLP,2023-01-06,2023-01-10,671.43,647.1,613.8,2.0,,,2023-01-16,613.8,stop,4,-1.0,False,-35785.64,740.18
KARURVYSYA,2022-12-05,2022-12-08,82.35,81.34,75.56,2.0,,,2023-01-23,85.12,ma_breach,32,0.409,False,12123.17,821.87
BANKINDIA,2022-12-26,2022-12-27,79.37,78.88,66.63,2.0,,,2023-01-27,73.42,ma_breach,22,-0.468,False,-16125.28,395.24
MAHABANK,2023-01-11,2023-01-16,28.19,27.44,25.56,2.0,,,2023-01-27,25.56,stop,8,-1.0,False,-34170.74,673.99
360ONE,2023-01-18,2023-01-23,456.62,437.77,430.8,2.0,,,2023-01-27,430.8,stop,3,-1.0,False,-36602.27,1089.26
AEGISLOG,2022-12-26,2022-12-27,334.27,334.27,308.4,2.0,,,2023-01-30,323.06,ma_breach,23,-0.433,False,-17204.07,837.42
ASHOKLEY,2023-01-23,2023-01-27,67.55,67.18,65.34,2.0,,,2023-01-30,65.34,stop,1,-1.0,False,-33982.41,1848.93
CERA,2023-01-24,2023-01-30,5377.95,5377.95,5262.33,2.0,,,2023-01-31,5262.33,stop,1,-1.0,True,-47207.76,2750.1
SUNDRMFAST,2023-01-25,2023-01-31,973.35,973.35,947.56,2.0,,,2023-02-01,947.56,stop,1,-1.0,False,-37120.17,2071.14
MAXHEALTH,2023-01-27,2023-02-01,461.5,457.72,433.44,2.0,,,2023-02-02,433.44,stop,1,-1.0,False,-29338.69,884.98
AEGISLOG,2023-01-30,2023-01-31,372.44,372.44,320.99,2.0,,,2023-02-20,337.61,ma_breach,14,-0.677,False,-20162.55,383.73
M&M,2023-01-27,2023-02-01,1351.34,1305.78,1252.72,2.0,,,2023-02-24,1252.72,stop,17,-1.0,False,-29064.5,732.65
360ONE,2023-01-30,2023-02-02,446.17,440.95,401.8,2.0,,,2023-02-24,425.36,ma_breach,16,-0.469,False,-14171.16,517.68
AEGISLOG,2023-02-21,2023-02-24,346.44,346.44,334.56,2.0,2023-03-08,370.1953921960286,2023-03-20,344.22,trail,15,0.907,False,18132.49,1536.32
KPITTECH,2023-03-15,2023-03-20,855.3,841.91,768.01,2.0,,,2023-04-03,768.01,stop,9,-1.0,False,-28276.5,508.8
RADICO,2023-01-27,2023-02-01,1126.34,1064.94,1031.09,2.0,,,2023-04-12,1079.9,ma_breach,46,-0.488,False,-15776.44,642.69
3MINDIA,2023-03-28,2023-04-03,22323.88,22090.97,21357.61,2.0,,,2023-04-24,21357.61,stop,12,-1.0,False,-33274.72,1249.95
APARINDS,2023-01-31,2023-02-02,1908.38,1648.39,1326.29,2.0,2023-05-08,3072.572394980568,2023-05-09,2614.67,trail,62,1.607,False,41589.61,215.15
JBMA,2023-03-02,2023-03-08,300.57,300.57,282.82,2.0,2023-04-03,336.08353712520466,2023-05-10,374.53,trail,40,3.083,False,79561.13,995.08
RITES,2023-04-25,2023-04-28,177.43,175.06,159.84,2.0,,,2023-06-27,174.63,ma_breach,41,-0.159,False,-6164.22,537.71
TORNTPOWER,2023-06-07,2023-06-08,692.17,692.17,598.63,2.0,,,2023-06-28,598.63,stop,14,-1.0,False,-30171.91,397.18
PFC,2023-04-06,2023-04-12,118.31,110.97,107.92,2.0,2023-06-08,139.09269386287326,2023-07-13,161.3,time,63,3.069,False,82092.21,701.91
CARBORUNIV,2023-04-20,2023-04-24,1051.89,1038.83,964.24,2.0,2023-06-15,1227.1927148377777,2023-07-24,1177.02,time,63,1.714,False,43673.48,691.66
POWERINDIA,2023-05-05,2023-05-10,3759.26,3759.26,3437.27,2.0,,,2023-07-31,3954.38,ma_breach,57,0.606,False,14606.78,670.16
FACT,2023-06-12,2023-06-15,377.26,325.87,314.55,2.0,2023-07-13,502.6729703331542,2023-08-10,452.01,trail,39,1.596,False,44479.56,391.5
ABCAPITAL,2023-06-23,2023-06-27,185.2,175.9,167.83,2.0,,,2023-08-16,182.7,ma_breach,34,-0.144,False,-5322.6,619.24
TORNTPOWER,2023-07-26,2023-07-31,648.03,616.35,588.4,2.0,,,2023-08-21,606.74,ma_breach,14,-0.692,False,-23523.76,646.26
3MINDIA,2023-08-10,2023-08-16,27678.03,27373.48,25720.38,2.0,2023-09-04,31593.340772673928,2023-09-20,28894.98,trail,24,1.311,False,37868.68,928.08
EIHOTEL,2023-08-30,2023-09-04,262.24,242.97,226.75,2.0,,,2023-09-20,226.75,stop,11,-1.0,False,-36002.13,473.22
RITES,2023-07-21,2023-07-25,222.86,211.72,191.97,2.0,,,2023-10-09,224.2,ma_breach,51,0.043,False,522.89,439.89
ESCORTS,2023-07-10,2023-07-13,2292.62,2253.73,2150.53,2.0,2023-08-02,2576.8157348589216,2023-10-13,3318.19,time,63,4.609,False,137835.24,1119.03
IRFC,2023-07-31,2023-08-02,38.61,36.52,33.27,2.0,2023-08-16,49.285810736193994,2023-10-23,69.04,trail,55,3.85,False,118475.65,568.36
COCHINSHIP,2023-08-14,2023-08-17,395.58,338.29,313.74,2.0,2023-09-08,559.2708489770514,2023-10-23,487.72,trail,45,1.563,False,48603.73,353.8
RVNL,2023-09-07,2023-09-12,193.69,155.15,146.67,2.0,,,2023-10-25,146.67,stop,28,-1.0,False,-38633.26,276.08
CRISIL,2023-10-18,2023-10-23,4048.05,3936.53,3704.57,2.0,,,2023-10-26,3704.57,stop,2,-1.0,False,-39899.88,834.64
JMFINANCIL,2023-08-17,2023-08-21,77.52,75.7,67.94,2.0,,,2023-10-27,76.68,ma_breach,46,-0.088,False,-4566.7,510.55
MAPMYINDIA,2023-10-25,2023-10-27,2001.44,1982.11,1863.65,2.0,2023-11-16,2277.027658669812,2023-12-20,2081.01,trail,36,1.289,False,43827.0,1077.42
ANGELONE,2023-09-14,2023-09-20,181.13,171.72,166.42,2.0,2023-10-13,210.5614607077375,2023-12-22,317.03,time,63,5.618,False,196931.43,1070.37
BOSCHLTD,2023-10-10,2023-10-13,19738.91,19273.66,18701.72,2.0,2024-01-01,21813.30905202801,2024-01-16,22515.38,time,63,2.338,False,79846.83,1468.27
QUESS,2023-11-10,2023-11-16,464.18,433.58,409.9,2.0,,,2024-01-25,440.36,ma_breach,47,-0.439,False,-19810.94,664.09
SWANENERGY,2023-10-25,2023-10-26,315.8,315.8,295.0,2.0,2023-10-27,357.3906,2024-01-30,622.45,time,63,8.373,False,290580.93,1355.92
3MINDIA,2023-12-27,2024-01-01,36168.27,36168.27,30468.47,2.0,,,2024-02-07,32363.49,ma_breach,25,-0.668,False,-30996.35,525.2
IRFC,2023-12-19,2023-12-22,98.05,98.05,91.2,2.0,2024-01-16,111.7587080933396,2024-02-12,140.4,trail,33,4.09,False,172532.97,1399.79
NSLNISP,2024-01-19,2024-01-25,55.65,49.5,48.2,2.0,2024-01-31,70.54650457763672,2024-02-12,59.73,trail,11,1.274,False,60598.72,807.41
NIACL,2024-02-02,2024-02-07,274.48,244.49,234.38,2.0,,,2024-02-13,234.38,stop,4,-1.0,False,-54839.61,666.2
IDEA,2024-02-07,2024-02-12,15.65,15.45,14.24,2.0,,,2024-02-13,14.24,stop,1,-1.0,False,-54662.12,1112.79
AMBER,2024-02-14,2024-02-19,3999.95,3899.0,3546.45,2.0,,,2024-03-01,3700.0,ma_breach,9,-0.661,False,-35132.0,862.03
RITES,2024-01-25,2024-01-31,341.58,325.65,272.48,2.0,,,2024-03-13,272.48,stop,29,-1.0,False,-51812.72,453.15
INDUSTOWER,2024-02-28,2024-03-04,265.55,250.4,234.27,2.0,,,2024-03-13,234.27,stop,6,-1.0,False,-53032.89,823.59
APLLTD,2024-01-11,2024-01-16,921.25,824.34,783.55,2.0,,,2024-03-18,930.74,ma_breach,41,0.069,False,1001.29,617.22
ACC,2024-01-24,2024-01-30,2476.48,2220.19,2160.31,2.0,,,2024-03-18,2448.93,ma_breach,33,-0.087,False,-5890.02,796.67
HUDCO,2024-03-14,2024-03-18,178.68,169.8,143.32,2.0,,,2024-03-22,171.82,ma_breach,4,-0.194,False,-9827.39,459.51
ABBOTINDIA,2024-03-13,2024-03-18,27951.36,26762.72,26057.63,2.0,,,2024-03-26,26057.63,stop,5,-1.0,False,-50988.41,1322.21
ADANIGREEN,2024-03-14,2024-03-15,1913.0,1913.0,1661.54,2.0,,,2024-04-18,1829.7,ma_breach,20,-0.331,False,-16733.82,695.6
BLUESTARCO,2024-01-11,2024-01-16,1055.53,992.3,958.44,2.0,2024-02-19,1249.7272929737603,2024-04-23,1444.59,time,63,3.003,False,133860.33,1135.61
KALYANKJIL,2024-02-08,2024-02-13,366.8,366.8,341.64,2.0,2024-03-28,417.12916047750105,2024-05-06,394.63,trail,53,1.553,False,73247.72,1501.86
JUSTDIAL,2024-04-18,2024-04-23,1086.85,1025.0,939.06,2.0,,,2024-05-27,939.06,stop,22,-1.0,False,-51005.48,682.35
DMART,2024-03-21,2024-03-27,4480.5,4238.0,4087.41,2.0,,,2024-05-30,4475.9,ma_breach,41,-0.012,False,-2505.68,1083.02
EPIGRAL,2024-04-01,2024-04-02,1329.15,1179.86,1088.48,2.0,,,2024-05-30,1206.57,ma_breach,38,-0.509,False,-26502.21,511.2
APARINDS,2024-03-20,2024-03-26,6323.47,6156.49,5942.06,2.0,2024-03-27,7086.273655235091,2024-06-04,7439.76,trail,45,2.463,False,109057.16,1619.18
AEGISLOG,2024-04-15,2024-04-18,518.88,493.18,443.61,2.0,2024-04-29,669.4264445073294,2024-06-04,625.51,trail,31,1.708,False,81911.1,755.3
PNCINFRA,2024-05-22,2024-05-27,568.1,533.71,472.94,2.0,,,2024-06-04,472.94,stop,6,-1.0,False,-52688.16,565.29
BDL,2024-05-29,2024-05-31,1612.83,1541.41,1398.17,2.0,,,2024-06-05,1398.17,stop,3,-1.0,True,-51191.62,700.38
ADANIENSOL,2024-05-30,2024-06-04,1219.75,1107.15,1080.12,2.0,,,2024-06-05,1080.12,stop,1,-1.0,True,-52075.89,833.04
LODHA,2024-05-30,2024-06-04,1437.73,1328.28,1269.25,2.0,,,2024-06-05,1269.25,stop,1,-1.0,False,-52039.16,812.64
VIJAYA,2024-05-08,2024-05-13,791.32,681.86,651.85,2.0,,,2024-07-01,746.56,ma_breach,33,-0.321,False,-18403.62,564.45
KNRCON,2024-05-31,2024-06-05,330.04,330.04,294.76,2.0,2024-06-06,400.58929415195513,2024-07-19,341.4,trail,30,1.161,False,49849.8,880.43
SUPREMEIND,2024-04-26,2024-04-30,4831.3,4356.45,4010.77,2.0,,,2024-07-23,5673.65,ma_breach,56,1.027,False,51965.53,662.95
EIDPARRY,2024-05-27,2024-05-30,693.55,642.5,627.77,2.0,2024-06-19,825.1067145996094,2024-08-05,755.71,trail,45,1.472,True,70465.48,1140.79
ELGIEQUIP,2024-06-13,2024-06-19,693.6,658.39,600.2,2.0,,,2024-08-08,638.85,ma_breach,35,-0.586,False,-32090.34,719.73
ABFRL,2024-06-05,2024-06-07,321.5,311.45,267.93,2.0,,,2024-08-09,319.2,ma_breach,43,-0.043,False,-3133.25,581.33
APLLTD,2024-07-18,2024-07-23,1106.84,1075.54,1033.76,2.0,2024-08-08,1253.0119122522942,2024-08-12,1086.53,trail,14,0.861,False,41059.36,1589.01
BIKAJI,2024-05-31,2024-06-05,596.01,596.01,550.98,2.0,2024-06-07,686.0792670687556,2024-09-05,880.39,time,63,4.157,False,179433.98,1356.86
ZYDUSWELL,2024-06-04,2024-06-06,383.82,346.15,329.73,2.0,2024-07-30,492.00670028800886,2024-09-06,449.42,time,63,1.606,False,73023.59,743.75
ECLERX,2024-08-05,2024-08-08,1246.76,1214.28,1161.07,2.0,2024-08-27,1418.1326522472593,2024-09-18,1326.47,trail,28,1.465,False,72193.0,1642.3
GODFRYPHLP,2024-08-16,2024-08-21,1829.93,1501.9,1415.15,2.0,2024-09-16,2659.4697869408938,2024-10-03,2190.13,trail,30,1.434,False,78837.79,571.23
PCBL,2024-08-01,2024-08-05,352.65,348.54,313.83,2.0,2024-08-21,430.2941088226779,2024-10-07,487.93,trail,43,2.742,False,145586.56,1125.57
SAREGAMA,2024-09-30,2024-10-03,646.07,629.59,548.24,2.0,,,2024-10-14,548.24,stop,7,-1.0,False,-65229.99,779.19
CRAFTSMAN,2024-08-23,2024-08-27,6239.79,6024.92,5558.4,2.0,,,2024-10-22,5895.03,ma_breach,39,-0.506,False,-32592.17,1021.35
JMFINANCIL,2024-09-03,2024-09-05,116.89,114.69,102.83,2.0,2024-09-27,145.00929441203482,2024-10-22,134.24,trail,32,1.617,False,94119.74,1083.88
GODFRYPHLP,2024-10-08,2024-10-10,2328.08,2272.24,2050.31,2.0,,,2024-10-22,2050.31,stop,8,-1.0,False,-64010.65,981.12
ALKEM,2024-08-07,2024-08-12,5748.27,5423.9,5235.22,2.0,,,2024-10-25,5854.39,ma_breach,52,0.207,False,8930.19,1215.59
BBTC,2024-10-18,2024-10-22,2767.55,2674.31,2534.38,2.0,,,2024-10-25,2534.38,stop,3,-1.0,False,-65570.17,1381.08
INDIGOPNTS,2024-10-18,2024-10-22,1651.91,1589.0,1525.47,2.0,,,2024-11-08,1525.47,stop,13,-1.0,False,-66078.28,1526.25
BEML,2024-11-05,2024-11-08,2119.34,2030.29,1946.59,2.0,,,2024-11-12,1946.59,stop,2,-1.0,False,-62871.99,1419.65
ASTRAZEN,2024-10-29,2024-11-01,7574.11,7471.91,6924.38,2.0,,,2024-11-14,6924.38,stop,9,-1.0,False,-60637.35,1300.84
DCMSHRIRAM,2024-11-14,2024-11-18,1298.68,1298.68,1153.61,2.0,,,2024-11-26,1153.61,stop,5,-1.0,False,-60637.24,967.78
ABSLAMC,2024-10-23,2024-10-25,724.49,724.49,691.39,2.0,2024-11-01,790.6949567558355,2024-12-13,783.53,trail,33,1.892,False,106562.26,2689.09
NEULANDLAB,2024-11-11,2024-11-12,13990.71,13945.1,12792.59,2.0,2024-11-27,16386.959565851997,2024-12-13,15589.12,trail,21,1.667,False,93084.85,1435.95
DIXON,2024-09-13,2024-09-18,14043.75,13109.48,12766.96,2.0,2024-12-02,16597.326722260757,2024-12-19,18393.76,time,63,2.703,False,163861.4,1522.25
JUBLINGREA,2024-12-10,2024-12-13,829.27,796.46,759.08,2.0,,,2024-12-20,759.08,stop,5,-1.0,False,-68131.09,1428.74
BSE,2024-11-27,2024-12-02,1548.45,1494.95,1420.76,2.0,2024-12-06,1803.8310357311361,2025-01-06,1705.72,trail,24,1.616,False,93584.77,1542.74
KEC,2024-12-03,2024-12-06,1204.4,1103.99,1057.26,2.0,,,2025-01-08,1057.26,stop,22,-1.0,False,-65451.32,978.98
AEGISLOG,2025-01-07,2025-01-08,1016.21,1004.88,845.17,2.0,,,2025-01-10,845.17,stop,2,-1.0,False,-63911.42,682.17
KFINTECH,2024-11-21,2024-11-26,1100.43,1028.81,995.38,2.0,2024-12-18,1310.5320808553552,2025-01-13,1355.27,trail,33,2.213,True,125275.58,1336.48
ZENTEC,2024-12-13,2024-12-18,2396.62,2176.73,2075.5,2.0,,,2025-01-14,2075.5,stop,18,-1.0,False,-64557.02,877.05
CRISIL,2025-01-13,2025-01-14,5804.64,5804.64,5478.46,2.0,,,2025-01-17,5478.46,stop,3,-1.0,False,-61221.33,1993.6
ANANTRAJ,2024-12-17,2024-12-20,848.98,842.99,789.31,2.0,,,2025-01-27,789.31,stop,25,-1.0,False,-67134.32,1756.44
BIOCON,2025-01-14,2025-01-17,393.47,390.68,369.39,2.0,,,2025-01-27,369.39,stop,6,-1.0,False,-60847.46,1823.09
LAURUSLABS,2025-01-23,2025-01-27,608.06,585.13,567.02,2.0,,,2025-01-28,567.02,stop,1,-1.0,True,-57825.66,1574.6
ALIVUS,2025-01-27,2025-01-28,1207.53,1207.53,1124.73,2.0,,,2025-02-01,1124.73,stop,4,-1.0,False,-55738.94,1429.26
MAZDOCK,2025-01-29,2025-02-01,2491.32,2392.39,2308.98,2.0,,,2025-02-03,2308.98,stop,1,-1.0,False,-54227.84,1363.04
CENTURYPLY,2025-01-31,2025-02-03,827.55,827.55,766.81,2.0,,,2025-02-13,766.81,stop,8,-1.0,False,-54944.58,1320.85
EICHERMOT,2025-01-01,2025-01-06,5242.77,4843.64,4677.06,2.0,,,2025-02-14,4769.26,ma_breach,30,-0.837,False,-55759.88,1135.77
PTCIL,2025-01-03,2025-01-08,16901.0,14628.0,13256.78,2.0,,,2025-02-14,13625.0,ma_breach,28,-0.899,False,-58187.58,525.07
WOCKPHARMA,2025-02-12,2025-02-13,1519.7,1515.6,1369.93,2.0,,,2025-02-14,1369.93,stop,1,-1.0,False,-49956.12,931.49
REDINGTON,2025-02-13,2025-02-17,242.6,242.6,221.45,2.0,,,2025-02-18,221.45,stop,1,-1.0,False,-48134.35,1015.71
WIPRO,2025-01-22,2025-01-27,297.91,290.59,280.33,2.0,,,2025-02-25,280.33,stop,22,-1.0,False,-58247.95,1809.21
SUNDARMFIN,2025-02-17,2025-02-20,4707.86,4587.42,4338.02,2.0,,,2025-02-25,4338.02,stop,3,-1.0,False,-49886.08,1123.93
ABBOTINDIA,2025-02-24,2025-02-25,29439.97,29439.97,28118.34,2.0,,,2025-04-07,28118.34,stop,26,-1.0,True,-47333.07,1911.55
BAJAJFINSV,2025-02-12,2025-02-14,1851.02,1798.44,1723.21,2.0,2025-04-21,2106.6299547257277,2025-05-02,1918.07,trail,48,1.262,False,56750.17,1420.22
AAVAS,2025-04-07,2025-04-08,2029.85,2025.0,1672.53,2.0,,,2025-05-07,1740.0,ma_breach,17,-0.811,False,-35267.68,448.21
GLAXO,2025-04-07,2025-04-08,2568.62,2568.62,2308.95,2.0,,,2025-05-13,2645.3,ma_breach,21,0.295,False,9558.5,853.02
ASTRAZEN,2025-04-07,2025-04-08,8052.48,8052.48,7169.44,2.0,,,2025-05-14,8162.1,ma_breach,22,0.124,False,3869.97,780.09
ALIVUS,2025-05-09,2025-05-14,1132.57,1118.85,1062.38,2.0,,,2025-05-28,1062.38,stop,10,-1.0,False,-50790.83,1392.27
NH,2025-03-03,2025-03-04,1655.1,1655.1,1445.15,2.0,,,2025-06-09,1762.85,ma_breach,63,0.513,False,21408.11,720.24
CEATLTD,2025-04-29,2025-05-05,3368.22,3069.05,3010.46,2.0,,,2025-06-24,3529.7,ma_breach,36,0.451,False,17051.96,856.47
MAZDOCK,2025-04-28,2025-04-30,3054.69,2797.59,2627.1,2.0,,,2025-06-30,3219.96,ma_breach,42,0.387,False,16576.73,675.51
ANGELONE,2025-06-20,2025-06-24,293.85,279.77,271.14,2.0,,,2025-07-04,271.14,stop,8,-1.0,False,-46788.73,1114.2
AIIL,2025-05-09,2025-05-13,383.91,351.9,329.91,2.0,2025-06-03,491.90608312799753,2025-07-25,522.08,trail,53,2.279,False,98066.02,728.27
CCL,2025-07-02,2025-07-04,874.57,857.67,806.99,2.0,,,2025-07-29,835.9,ma_breach,17,-0.572,False,-30864.54,1182.21
JUBLPHARMA,2025-05-23,2025-05-28,1126.69,1078.39,1036.98,2.0,,,2025-08-06,1119.0,ma_breach,50,-0.086,False,-7932.79,1146.0
ABBOTINDIA,2025-07-29,2025-07-30,34750.0,34750.0,32832.14,2.0,,,2025-08-06,32832.14,stop,5,-1.0,False,-49996.16,1568.35
MAXHEALTH,2025-08-01,2025-08-06,1289.9,1258.2,1237.76,2.0,,,2025-08-14,1237.76,stop,6,-1.0,False,-48041.96,2142.11
JKCEMENT,2025-06-04,2025-06-09,5925.73,5591.54,5425.99,2.0,2025-08-05,6925.216909457209,2025-08-28,6669.82,trail,56,1.744,False,78357.09,1174.44
JMFINANCIL,2025-08-11,2025-08-14,181.22,162.68,148.83,2.0,,,2025-09-24,168.82,ma_breach,27,-0.383,False,-17355.38,466.38
AIIL,2025-08-11,2025-08-14,596.82,578.6,559.44,2.0,,,2025-09-30,607.0,ma_breach,31,0.272,False,9251.74,1389.9
GMDCLTD,2025-07-18,2025-07-23,453.24,434.93,367.77,2.0,2025-09-23,624.1736964373713,2025-10-20,560.47,trail,60,1.627,False,74323.02,566.37
TATAINVEST,2025-09-23,2025-09-25,868.52,819.57,723.69,2.0,2025-10-03,1158.1830894984992,2025-10-20,861.24,trail,16,0.975,False,43512.93,593.04
KAYNES,2025-08-28,2025-09-02,6650.0,6236.0,6069.42,2.0,,,2025-10-24,6732.0,ma_breach,36,0.141,False,4375.46,1011.05
USHAMART,2025-09-26,2025-09-30,474.0,454.3,441.66,2.0,,,2025-10-27,441.66,stop,17,-1.0,False,-49352.08,1271.27
ABCAPITAL,2025-08-04,2025-08-06,282.0,280.95,251.25,2.0,2025-11-07,343.503,2025-11-10,333.55,time,63,1.838,False,79616.77,891.62
NEULANDLAB,2025-11-04,2025-11-10,19000.0,18075.0,17099.88,2.0,,,2025-11-11,17099.88,stop,1,-1.0,False,-46308.03,850.7
ADANIPOWER,2025-09-19,2025-09-23,179.9,144.6,132.94,2.0,,,2025-11-21,151.0,ma_breach,40,-0.615,False,-28298.52,317.47
CHOLAHLDNG,2025-10-21,2025-10-27,2011.9,1867.2,1841.76,2.0,,,2025-11-21,1841.76,stop,18,-1.0,False,-48694.01,1021.88
SCI,2025-10-21,2025-10-27,266.29,227.37,224.24,2.0,,,2025-11-27,231.94,ma_breach,22,-0.817,False,-37817.0,534.57
NBCC,2025-11-24,2025-11-27,118.75,118.75,112.4,2.0,,,2025-12-03,112.4,stop,4,-1.0,False,-45223.62,1546.24
NESTLEIND,2025-10-15,2025-10-20,1282.58,1218.42,1168.02,2.0,,,2025-12-08,1240.2,ma_breach,33,-0.37,False,-18726.17,1007.03
CHENNPETRO,2025-10-30,2025-11-03,963.86,884.99,799.36,2.0,,,2025-12-19,891.98,ma_breach,33,-0.437,False,-20248.0,499.56
NAVINFLUOR,2025-12-09,2025-12-12,6032.74,5733.1,5428.03,2.0,,,2026-01-09,5743.09,ma_breach,19,-0.479,False,-21290.9,806.56
BHEL,2025-11-07,2025-11-12,285.5,265.8,255.04,2.0,,,2026-01-13,269.15,ma_breach,43,-0.537,False,-25113.6,802.91
BSE,2026-01-12,2026-01-13,2820.0,2800.0,2682.32,2.0,,,2026-01-20,2682.32,stop,5,-1.0,False,-49617.0,1849.79
HINDZINC,2025-11-28,2025-12-03,491.03,480.42,467.87,2.0,2025-12-12,537.3361582071948,2026-01-30,623.0,trail,40,3.85,False,157779.57,1937.93
BANKINDIA,2026-01-16,2026-01-20,157.89,152.6,148.45,2.0,,,2026-02-02,148.45,stop,8,-1.0,True,-49025.19,1502.39
HINDCOPPER,2025-12-04,2025-12-08,371.4,367.41,341.11,2.0,2025-12-24,431.99137268528034,2026-02-17,566.7,trail,49,4.223,False,171270.05,1180.08
JKTYRE,2025-12-19,2025-12-24,512.3,491.9,459.04,2.0,,,2026-03-02,459.04,stop,46,-1.0,True,-46270.4,817.05
FORCEMOT,2026-02-13,2026-02-18,25800.0,24129.0,22981.0,2.0,,,2026-03-04,22981.0,stop,9,-1.0,True,-47736.01,801.09
AJANTPHARM,2026-01-28,2026-02-02,2810.0,2767.2,2682.32,2.0,2026-03-11,3065.37,2026-03-23,2863.34,trail,34,1.209,False,50046.52,2154.3
CHENNPETRO,2026-03-20,2026-03-23,1082.43,1082.43,1000.02,2.0,,,2026-03-24,1000.02,stop,1,-1.0,False,-46187.94,1116.41
OIL,2026-01-27,2026-01-30,503.84,443.57,426.4,2.0,,,2026-04-13,475.0,ma_breach,47,-0.372,False,-19736.49,631.21
SAILIFE,2026-02-26,2026-03-04,975.05,966.1,919.23,2.0,,,2026-04-21,959.4,ma_breach,30,-0.28,False,-15096.14,1526.38
KIRLOSENG,2026-03-24,2026-03-27,1378.0,1335.0,1253.65,2.0,2026-04-16,1626.7097512207033,2026-05-12,1582.44,trail,29,1.822,False,77088.53,1039.4
AMBER,2026-04-10,2026-04-16,7589.0,7290.5,6965.53,2.0,2026-05-07,8835.945,2026-05-18,7817.71,trail,22,1.183,False,51100.71,1146.83
AUROPHARMA,2026-03-09,2026-03-11,1291.0,1251.8,1180.92,2.0,2026-05-08,1511.164248779297,2026-06-12,1472.8,time,63,1.826,False,79128.74,1123.7
ACUTAAS,2026-04-16,2026-04-21,2410.7,2357.5,2253.34,2.0,2026-05-06,2725.410858398437,2026-06-29,3568.2,eos,49,4.678,False,209112.8,1600.53
RRKABEL,2026-05-04,2026-05-06,1795.47,1794.48,1596.67,2.0,2026-06-04,2193.0763157899537,2026-06-29,2502.3,eos,38,2.778,False,131063.7,996.81
BHARATFORG,2026-05-05,2026-05-08,2009.4,1878.3,1816.48,2.0,,,2026-06-29,2170.9,eos,36,0.837,False,39976.2,1085.32
KIRLOSENG,2026-05-13,2026-05-18,1739.0,1650.0,1560.54,2.0,2026-06-22,2095.9242487792967,2026-06-29,2441.1,eos,30,2.967,False,143948.28,1104.49
CHENNPETRO,2026-06-01,2026-06-04,1184.0,1114.2,1059.14,2.0,,,2026-06-29,1153.8,eos,16,-0.242,False,-14186.82,963.9
MMTC,2026-06-12,2026-06-17,75.74,71.35,63.69,2.0,,,2026-06-29,66.75,eos,8,-0.746,False,-39848.2,614.07
