date,mkt,hml
2017-09-15,0.0016271544,-0.0066158923
2017-09-18,0.00949088,0.001790549
2017-09-19,0.0032230838,0.004438484
2017-09-20,-0.0032631402,0.0027431435
2017-09-21,-0.0020646867,-0.0046917182
2017-09-22,-0.025803797,-0.014238627
2017-09-25,-0.016017273,0.0011533316
2017-09-26,0.0072884843,0.0027392524
2017-09-27,-0.018976125,-0.006157588
2017-09-28,0.0049310492,0.0012272113
2017-09-29,0.0082660014,0.00021738385
2017-10-03,0.0080671287,0.0025193421
2017-10-04,0.0076825534,-0.0044653108
2017-10-05,0.0077262374,0.0056016434
2017-10-06,0.012079573,0.0055317732
2017-10-09,0.0033403595,0.0024471987
2017-10-10,0.0065664713,0.002360505
2017-10-11,-0.0094981955,-0.0098707558
2017-10-12,0.012398208,0.0028869997
2017-10-13,0.0027955302,0.002126445
2017-10-16,0.0042746225,0.0023412638
2017-10-17,0.0036049396,0.0054556771
2017-10-18,-0.0011206549,0.0013901183
2017-10-19,-0.0034911913,-0.0010438628
2017-10-23,0.0063781487,0.013205401
2017-10-24,0.0048976563,0.0085868171
2017-10-25,0.0080345146,0.033856211
2017-10-26,0.006718972,0.010244962
2017-10-27,0.0038939299,-0.0045556995
2017-10-30,0.011498689,-0.0025812292
2017-10-31,0.0028677982,0.0042182863
2017-11-01,0.007329484,0.00671457
2017-11-02,0.0024122327,-0.0042779149
2017-11-03,0.00034023765,0.0010856307
2017-11-06,0.0039350832,-0.0091054005
2017-11-07,-0.013536338,-0.017276647
2017-11-08,-0.0090073843,-0.0038386466
2017-11-09,0.0060545866,-0.0039172726
2017-11-10,-0.0017092259,-0.00024720896
2017-11-13,-0.0060016838,-0.007441724
2017-11-14,-0.0018285036,-0.0042125917
2017-11-15,-0.01101364,-0.00014755383
2017-11-16,0.012078279,0.0077962759
2017-11-17,0.0073527363,0.0071286023
2017-11-20,0.0058594214,0.0073960983
2017-11-21,0.003014289,0.001598796
2017-11-22,0.0031992247,-1.5554099e-05
2017-11-23,0.0036195425,0.0057835654
2017-11-24,0.0038315011,0.0018643433
2017-11-27,0.0053565923,-0.001667256
2017-11-28,0.0015750501,-0.0067194945
2017-11-29,-0.0019841994,-0.0007821908
2017-11-30,-0.0035145871,-0.0060723518
2017-12-01,-0.01145301,-0.010510685
2017-12-04,-0.0025842144,0.0018572795
2017-12-05,-0.00041755129,0.00070603496
2017-12-06,-0.0082248879,-0.005415565
2017-12-07,0.015207599,-0.00073825148
2017-12-08,0.0097226749,-8.8430675e-05
2017-12-11,0.0028384906,-0.00083780815
2017-12-12,-0.0078256554,-0.0065397645
2017-12-13,-0.009082359,-0.0043505628
2017-12-14,0.00022668915,0.0027237859
2017-12-15,0.013089118,0.00021598894
2017-12-18,0.0060403157,-0.0028592988
2017-12-19,0.014354764,-0.00058593489
2017-12-20,0.0037984812,0.00056611929
2017-12-21,0.0079294153,0.010170605
2017-12-22,0.0030384537,-0.002576817
2017-12-26,0.0058266802,0.0053533506
2017-12-27,-0.0025270463,-0.0035017776
2017-12-28,0.0022099085,0.0030433891
2017-12-29,0.0060339155,-0.0064306553
2018-01-01,-0.00050940691,0.0043108118
2018-01-02,-0.0035361165,-0.0043488025
2018-01-03,0.0068626673,-0.0016936283
2018-01-04,0.008938585,0.0080490134
2018-01-05,0.0090556685,-0.00060832717
2018-01-08,0.0085409565,0.0015058085
2018-01-09,-0.00066578368,0.0036580034
2018-01-10,-0.0011214707,0.0022811587
2018-01-11,0.0047485447,0.0048014981
2018-01-12,0.0010249328,-0.0012851131
2018-01-15,0.0020285407,0.0068315041
2018-01-16,-0.017398993,-0.01510647
2018-01-17,0.0055870114,0.010477718
2018-01-18,-0.017370655,-0.010648154
2018-01-19,0.0089229646,0.0018108328
2018-01-22,0.0092469133,-0.0027761921
2018-01-23,0.005488576,0.0087171814
2018-01-24,-0.0058695936,0.001370371
2018-01-25,-0.0092550217,-0.0028613129
2018-01-29,-0.0077701041,-0.0063756251
2018-01-30,-0.0099492267,0.0050455277
2018-01-31,-0.0060551521,0.0037684205
2018-02-01,-0.001919401,-0.0080173125
2018-02-02,-0.041062605,-0.018179117
2018-02-05,-0.0027010199,0.011919654
2018-02-06,-0.020731071,-0.0049497207
2018-02-07,0.011407701,0.0026577527
2018-02-08,0.01806468,0.0076545177
2018-02-09,0.00099036632,0.00021595087
2018-02-12,0.015194775,0.0036293258
2018-02-14,0.0002902758,-0.0030113807
2018-02-15,-0.0074968758,-0.0031104243
2018-02-16,-0.0099544309,-0.0053642637
2018-02-19,-0.010720446,-0.0071655693
2018-02-20,-0.00097041852,0.0045081209
2018-02-21,-0.0011422048,-0.0043426003
2018-02-22,-0.0059197309,0.00033459548
2018-02-23,0.016101031,0.0046972456
2018-02-26,0.010096691,0.0014184443
2018-02-27,-0.0055447866,-0.0076355362
2018-02-28,-0.00033369217,-0.0028687063
2018-03-01,-0.0036276741,-0.0038497169
2018-03-05,-0.010165752,-0.010593041
2018-03-06,-0.010236719,-0.011815106
2018-03-07,-0.017301698,-0.010776118
2018-03-08,0.0046385426,-0.0039901507
2018-03-09,-0.0045139135,-0.0094364126
2018-03-12,0.0098120629,0.0031615145
2018-03-13,0.011154215,0.0070714522
2018-03-14,0.00037359821,0.0031555707
2018-03-15,0.00609853,0.0004901599
2018-03-16,-0.013086311,-0.0033741007
2018-03-19,-0.017127315,-0.01128435
2018-03-20,0.00061850231,0.00037123126
2018-03-21,0.0025652254,-0.00091123732
2018-03-22,-0.0084656239,-0.0052796235
2018-03-23,-0.013909856,-0.011989511
2018-03-26,0.012571164,-0.00021209261
2018-03-27,0.011006823,0.0093985323
2018-03-28,-0.0079187193,-0.0056035238
2018-04-02,0.019948229,0.0013873802
2018-04-03,0.010920047,0.0081552441
2018-04-04,-0.012591263,-0.0021215247
2018-04-05,0.019113768,0.00872155
2018-04-06,0.0064715923,0.0027777289
2018-04-09,0.0020814844,0.0021226301
2018-04-10,0.0011303528,0.007263725
2018-04-11,-0.00076654661,-0.008290205
2018-04-12,-0.0010633012,-0.005635849
2018-04-13,0.0029303676,0.0058697245
2018-04-16,0.0043112577,0.00067419016
2018-04-17,0.0015979212,-0.0023146854
2018-04-18,-0.00205795,-0.0065180508
2018-04-19,0.0087013539,0.0071521543
2018-04-20,-0.00091793543,-0.010196044
2018-04-23,0.0060854734,-0.0051030023
2018-04-24,-0.0021541192,0.00080110703
2018-04-25,-0.01017559,-0.013111941
2018-04-26,0.0015121785,-0.0016450923
2018-04-27,0.0040534898,0.0084770474
2018-04-30,0.0072801565,0.0059689438
2018-05-02,-0.014390236,-0.01367852
2018-05-03,-0.010276929,0.0089078813
2018-05-04,-0.0032772804,0.0037241562
2018-05-07,0.0088784057,0.011163048
2018-05-08,0.00069061697,-0.0022409605
2018-05-09,-0.0018700574,0.00020214604
2018-05-10,-0.013468926,-0.0098663921
2018-05-11,0.0025741293,-0.0015961207
2018-05-14,-0.0084459962,-0.00724961
2018-05-15,-0.0055625718,-0.010537133
2018-05-16,-0.0020227092,-0.0081917356
2018-05-17,0.0038435223,0.0030348455
2018-05-18,-0.015159593,-0.0088057175
2018-05-21,-0.016476661,0.0034966371
2018-05-22,0.0084623097,0.0058547734
2018-05-23,-0.0059280603,-0.0093291478
2018-05-24,3.9100024e-05,-0.0023833026
2018-05-25,0.014006363,0.0047765965
2018-05-28,0.01671567,0.015755893
2018-05-29,-0.0013150862,-0.0034013287
2018-05-30,-0.0022814771,-0.0045585255
2018-05-31,-0.0031473327,-0.0041964195
2018-06-01,-0.013359454,0.00181376
2018-06-04,-0.016189993,-0.0030676147
2018-06-05,-0.016965245,-0.0023321161
2018-06-06,0.015146855,0.0036086924
2018-06-07,0.016705451,0.0083197075
2018-06-08,0.0067072382,0.00066507966
2018-06-11,0.0040134111,0.0038945637
2018-06-12,0.0093886563,0.0011570305
2018-06-13,-0.00072920344,-0.0010541877
2018-06-14,-0.00022933422,-0.0038236609
2018-06-15,-0.0041452127,-0.0074537522
2018-06-18,-0.0044873404,0.0024287143
2018-06-19,-0.012396674,-0.0067423288
2018-06-20,0.0023153808,0.0043968093
2018-06-21,-0.0073768672,-0.0045303068
2018-06-22,0.0018590044,-0.001615118
2018-06-25,-0.0087814398,-0.0049737992
2018-06-26,-0.002170154,-0.0044505783
2018-06-27,-0.01756156,-0.012042119
2018-06-28,-0.014943117,-0.0052407494
2018-06-29,0.020101364,0.006706413
2018-07-02,-0.0079082214,-0.012219867
2018-07-03,0.0055699347,-0.00077640672
2018-07-04,0.0025339293,-0.0030406316
2018-07-05,-0.0036725339,0.00080503919
2018-07-06,0.005335738,0.0097915108
2018-07-09,0.012932095,0.0018266342
2018-07-10,0.01189038,0.0048426117
2018-07-11,-0.0059515234,-0.0070975554
2018-07-12,-0.0016636561,0.0004269989
2018-07-13,-0.012592472,-0.012850665
2018-07-16,-0.023400257,-0.014009104
2018-07-17,0.013440017,0.016181906
2018-07-18,-0.0093687433,-0.0088327798
2018-07-19,-0.0064996878,-0.003402013
2018-07-20,0.0060493176,-0.0023441263
2018-07-23,0.012800923,-0.0011177416
2018-07-24,0.0217322,0.013167704
2018-07-25,4.7678902e-05,-0.0039602284
2018-07-26,0.0051089155,0.0087653114
2018-07-27,0.010161295,0.0095053052
2018-07-30,0.0052965653,0.010532256
2018-07-31,0.0052298306,-0.0061742724
2018-08-01,0.0013304607,-0.0059284062
2018-08-02,-0.0013329097,0.0083710686
2018-08-03,0.011086822,0.0026009363
2018-08-06,0.0032686524,0.0039329455
2018-08-07,0.00010543855,-0.00071077199
2018-08-08,0.0016661099,-0.0074116031
2018-08-09,0.0046240131,0.0093688622
2018-08-10,-0.0059975956,-0.0084574713
2018-08-13,-0.0092209279,-0.0043717991
2018-08-14,0.005323229,-0.0064421132
2018-08-16,-0.0036063146,-0.0033023353
2018-08-17,0.009765801,0.00067089469
2018-08-20,0.0058053051,0.004614859
2018-08-21,0.006064451,-0.0032444368
2018-08-23,0.0016807254,-0.0074244465
2018-08-24,-0.0025871883,0.0044350891
2018-08-27,0.0096761423,0.0011741037
2018-08-28,-0.00064149851,-0.0060224341
2018-08-29,0.0024674573,0.0053553054
2018-08-30,0.004581096,0.0064767393
2018-08-31,0.0043485188,-0.0013720551
2018-09-03,-0.0029118246,0.0074209703
2018-09-04,-0.023087132,-0.0041439319
2018-09-05,-0.0040352144,0.0094104495
2018-09-06,0.0058311795,0.0056303083
2018-09-07,0.0085432698,0.0053610216
2018-09-10,-0.014118115,0.00062614093
2018-09-11,-0.014430217,-0.0025960704
2018-09-12,0.0021337443,-0.0042118289
2018-09-14,0.017858485,0.014037036
2018-09-17,-0.0020094615,0.007645395
2018-09-18,-0.015430958,-0.012946867
2018-09-19,-0.0066325015,0.008722722
2018-09-21,-0.020816321,-0.013178303
2018-09-24,-0.025666084,-0.008821897
2018-09-25,0.0015382981,-0.0050848542
2018-09-26,0.0016286667,0.0035938668
2018-09-27,-0.017884245,-0.0085989423
2018-09-28,-0.023130679,-0.012406436
2018-10-01,0.0013104968,0.0080459001
2018-10-03,-0.0023251236,0.019218817
2018-10-04,-0.020296219,0.0061456358
2018-10-05,-0.027057729,-0.019088081
2018-10-08,-0.010930126,-0.0029283077
2018-10-09,-0.0048098206,0.0020446843
2018-10-10,0.036672178,0.011339897
2018-10-11,-0.015244391,0.0016918439
2018-10-12,0.028076975,0.011273772
2018-10-15,0.010420518,0.0076667425
2018-10-16,0.013055562,-0.0052306983
2018-10-17,-0.023733704,-0.016465709
2018-10-19,-0.011181225,0.0049605964
2018-10-22,-0.012107657,0.0031293016
2018-10-23,-0.012907596,0.004669221
2018-10-24,0.0099722304,0.0057561709
2018-10-25,-0.0090331417,-0.0089963047
2018-10-26,-0.00072269286,0.0043356673
2018-10-29,0.025789678,0.012083548
2018-10-30,0.0053365089,-0.001866815
2018-10-31,0.016849572,-0.0042294473
2018-11-01,0.012874211,0.006346496
2018-11-02,0.012424922,0.011257793
2018-11-05,-0.0025903684,-0.0014089607
2018-11-06,-0.0024646393,0.0018351717
2018-11-07,0.0088377864,0.0027715145
2018-11-09,0.0071389962,0.0059168673
2018-11-12,-0.0092581925,-0.0073778545
2018-11-13,0.0042402191,0.0027585003
2018-11-14,-0.0024883069,-0.006704715
2018-11-15,0.0041744354,-0.0038996068
2018-11-16,-0.0026605997,-0.0072814152
2018-11-19,0.0055610756,0.0094606505
2018-11-20,-0.011169764,-0.0080201239
2018-11-21,0.0020841484,0.00015596323
2018-11-22,-0.0060636317,-0.0065516336
2018-11-26,0.0013446046,-0.010774279
2018-11-27,0.0020668627,-0.0016047841
2018-11-28,-0.0054354611,-0.0081832595
2018-11-29,0.005802584,0.0020989993
2018-11-30,0.00384376,-0.0058892795
2018-12-03,0.0052853603,0.0051439962
2018-12-04,0.00098280123,-0.00050225991
2018-12-05,-0.014239736,-0.011539418
2018-12-06,-0.014653626,0.00084968022
2018-12-07,0.0024985154,-0.0031340614
2018-12-10,-0.01806728,0.00076803109
2018-12-11,0.014672954,-0.0050122303
2018-12-12,0.024353863,0.0061866429
2018-12-13,0.0079091709,-0.00086898545
2018-12-14,0.0018148496,0.0015637253
2018-12-17,0.0053641301,0.0027431322
2018-12-18,0.0043079832,0.0089500771
2018-12-19,0.011888946,0.0040742255
2018-12-20,0.00069975191,0.0032733831
2018-12-21,-0.014330075,-3.9732388e-05
2018-12-24,-0.010597968,0.0024158161
2018-12-26,0.00048670592,0.0022770979
2018-12-27,0.0035340948,-0.0068600351
2018-12-28,0.010276304,0.0046814796
2018-12-31,0.0047996085,-0.00011719891
2019-01-01,0.0020426818,0.0026428789
2019-01-02,-0.0096325694,-0.0023371289
2019-01-03,-0.0085693585,-0.010300371
2019-01-04,0.0042335573,0.0095605467
2019-01-07,0.0023319852,0.0045075585
2019-01-08,0.0021442586,0.009105373
2019-01-09,-0.0012825945,-0.00893213
2019-01-10,0.0030739107,-0.00087060196
2019-01-11,-0.00086695989,0.0018658759
2019-01-14,-0.0067106823,-0.004299053
2019-01-15,0.011212871,0.0061818772
2019-01-16,0.0016404066,0.0011188011
2019-01-17,-0.0031305787,-0.0028550992
2019-01-18,-0.0072129018,-0.0031542439
2019-01-21,-0.0049442105,-0.0027167465
2019-01-22,-0.0026599154,-0.0073100037
2019-01-23,-0.0012266428,0.00025390496
2019-01-24,-0.0021225522,0.0034791172
2019-01-25,-0.017414291,-0.0099109887
2019-01-28,-0.016793216,-0.0095104401
2019-01-29,0.00056616273,-0.0019996156
2019-01-30,0.0079760236,-0.00028615185
2019-01-31,0.0072573827,-0.00038479496
2019-02-01,0.004327418,-0.013095093
2019-02-04,-0.011459838,-0.018316242
2019-02-05,-0.0076899486,-0.015089675
2019-02-06,0.0075835432,-0.0006298496
2019-02-07,0.0083092899,0.0020245983
2019-02-08,-0.011367226,-0.0022434341
2019-02-11,-0.01424607,-0.0023902704
2019-02-12,-0.0018924142,0.0063914428
2019-02-14,-0.0026901134,0.0081502172
2019-02-15,-0.0096015899,-0.0023759691
2019-02-18,-0.0075183307,0.0065879037
2019-02-19,0.0035247009,0.0077375191
2019-02-20,0.013245341,0.0028599165
2019-02-21,0.0093079127,0.0082015889
2019-02-22,0.0064123239,0.0095690796
2019-02-25,0.0062048185,-0.00069243525
2019-02-26,-0.0016885538,-0.0027671664
2019-02-27,0.0021187898,5.8711582e-05
2019-02-28,0.0071539794,0.0098880437
2019-03-01,0.018254584,0.019827931
2019-03-05,0.024985943,0.02089351
2019-03-06,0.0064203053,-0.00068015499
2019-03-07,-0.0047339264,-0.0027023357
2019-03-08,-0.0015690933,-0.0045922793
2019-03-11,0.020009284,0.0085336659
2019-03-12,0.0076457393,0.0012709715
2019-03-13,-0.0048059295,-0.0005161485
2019-03-14,-0.00042441504,0.0043781436
2019-03-15,0.0024974043,0.0019692633
2019-03-18,0.00045123353,0.0036305195
2019-03-19,0.0059001897,0.006751096
2019-03-20,-0.0034879458,-0.008146131
2019-03-22,-0.0063180185,-0.0042250708
2019-03-25,-0.011116441,0.0022149572
2019-03-26,0.011017409,0.0038184522
2019-03-27,0.0038515622,0.0010010532
2019-03-28,0.010068678,0.0042733778
2019-04-01,0.016166277,0.012328958
2019-04-02,-0.0019067179,-0.0035253959
2019-04-03,-0.0089852521,-0.0097775586
2019-04-04,-0.0026056438,-0.0037433586
2019-04-05,0.0065356491,0.0066326365
2019-04-08,-0.0065659935,-0.0011399792
2019-04-09,0.0014405602,0.0026458014
2019-04-10,-0.0010520051,0.0010245211
2019-04-11,0.0010074182,0.0013797233
2019-04-12,0.0055581565,0.0047784458
2019-04-15,0.0073352806,-0.0027668417
2019-04-16,0.0032341829,-0.0008940665
2019-04-18,-0.0098951472,-0.0099594853
2019-04-22,-0.0158251,-0.011885307
2019-04-23,-0.0018493846,-0.0030213713
2019-04-24,0.0062417461,0.0035864062
2019-04-25,-0.0020120638,0.00069471425
2019-04-26,-8.8595097e-05,0.0011126562
2019-04-30,-0.0089675158,-0.017456765
2019-05-02,-0.0052235876,0.0015759214
2019-05-03,-0.001584232,0.0090662571
2019-05-06,-0.0079805069,0.0058239355
2019-05-07,-0.010589177,-0.01203751
2019-05-08,-0.011330182,-0.00013512766
2019-05-09,-0.0026527564,-0.00030214675
2019-05-10,0.0023356444,0.0029527678
2019-05-13,-0.023002228,-0.016979699
2019-05-14,0.0058451543,0.01189882
2019-05-15,-0.0078075364,-0.015714299
2019-05-16,0.0040831035,0.0068040743
2019-05-17,0.0068296206,-0.0064704661
2019-05-20,0.03876938,0.02282241
2019-05-21,-0.0098061317,-0.0087750858
2019-05-22,0.0036155885,0.0076281051
2019-05-23,-0.00081760874,1.9687755e-05
2019-05-24,0.024381824,0.018420473
2019-05-27,0.012047423,0.0082897956
2019-05-28,0.003946931,0.0026601301
2019-05-29,-0.0084141493,-0.0097649504
2019-05-30,0.002484353,-0.0029139907
2019-05-31,-0.0018969955,-0.01807416
2019-06-03,0.0066046206,-0.0076233602
2019-06-04,-0.0029041586,0.0021800495
2019-06-06,-0.016609951,-0.015837194
2019-06-07,-0.0025038775,-0.0051080824
2019-06-10,-0.0014122891,-0.017603629
2019-06-11,0.006647788,0.013465733
2019-06-12,-0.0053397786,-0.0019046689
2019-06-13,-0.004013571,-0.0047363731
2019-06-14,-0.0094013229,-0.0033231144
2019-06-17,-0.017039845,-0.010177885
2019-06-18,-0.0030591013,-0.013157275
2019-06-19,-0.012058865,-0.014432725
2019-06-20,0.017940203,0.025646076
2019-06-21,-0.00072626102,5.2721008e-05
2019-06-24,-0.0034266677,-0.0054332603
2019-06-25,0.0079020771,0.0029330542
2019-06-26,0.010265357,0.016933424
2019-06-27,0.00021510596,-0.0041464985
2019-06-28,-0.0046448346,-0.011065151
2019-07-01,0.0044646292,0.0019540331
2019-07-02,0.0025932978,0.0021501722
2019-07-03,0.0031918935,0.0063619673
2019-07-04,0.0014428795,-0.0007959639
2019-07-05,-0.017313525,-0.0058246813
2019-07-08,-0.022228953,-0.011402235
2019-07-09,0.0037669667,0.0067967246
2019-07-10,-0.0082188725,-0.00063352734
2019-07-11,0.0065565978,0.0060055263
2019-07-12,0.0040132731,-0.00090183331
2019-07-15,-0.0035811449,-0.0042215802
2019-07-16,0.0079532077,-0.0038782473
2019-07-17,-0.0002969494,-0.0020650051
2019-07-18,-0.013023923,-0.012847615
2019-07-19,-0.018540004,-0.0039053239
2019-07-22,-0.0035867351,0.0042346076
2019-07-23,0.00051770342,-0.0059437011
2019-07-24,-0.012971276,-0.006525861
2019-07-25,0.0036027269,-0.0086003337
2019-07-26,0.0047330265,0.0021478389
2019-07-29,-0.010731985,-0.0091084669
2019-07-30,-0.021083344,-0.022906655
2019-07-31,0.0093045503,0.0073280021
2019-08-01,-0.010770013,-0.0091299587
2019-08-02,-0.003319936,-0.015273077
2019-08-05,-0.016070646,-0.012162161
2019-08-06,0.017157124,0.0026449545
2019-08-07,-0.005041813,-0.009862279
2019-08-08,0.009720263,0.0035933575
2019-08-09,0.0059682642,-0.0054967748
2019-08-13,-0.018306364,-0.0040989159
2019-08-14,0.010348041,0.013607713
2019-08-16,0.0013233488,-0.00095285391
2019-08-19,0.0018358485,-0.0012009553
2019-08-20,-0.0073212001,-0.0069670525
2019-08-21,-0.017064222,-0.01950292
2019-08-22,-0.020733336,-0.028503704
2019-08-23,0.013058782,0.012349393
2019-08-26,0.020098157,0.0085599981
2019-08-27,0.014519171,0.010917906
2019-08-28,-0.0079906089,-0.016720915
2019-08-29,-0.003183165,-0.0071738112
2019-08-30,0.009265658,-0.00035825273
2019-09-03,-0.016883235,-0.0066787236
2019-09-04,0.0027687071,0.0087583742
2019-09-05,0.0071710398,0.0070021317
2019-09-06,0.0088182429,-0.00062862159
2019-09-09,0.0084101914,0.0038938863
2019-09-11,0.014136726,0.025829644
2019-09-12,8.005885e-05,0.0083523256
2019-09-13,0.0087710242,0.0040414543
2019-09-16,0.0029380787,0.0029803086
2019-09-17,-0.020713602,-0.015859986
2019-09-18,0.0057251906,-0.0016669085
2019-09-19,-0.015657946,-0.013408206
2019-09-20,0.04931116,-0.0025481091
2019-09-23,0.025167234,-0.0071441871
2019-09-24,-0.0016840385,-0.0036476779
2019-09-25,-0.01712213,-0.014736546
2019-09-26,0.0096108015,0.0068820015
2019-09-27,-0.010230235,-0.020698224
2019-09-30,-0.014105352,-0.020814792
2019-10-01,-0.016002485,-0.012336335
2019-10-03,0.00080160467,0.0031364107
2019-10-04,-0.011377753,0.00061760364
2019-10-07,-0.0079047384,-0.013346855
2019-10-09,0.012587022,0.0055301126
2019-10-10,-0.0088665525,-0.010209766
2019-10-11,0.0023082287,-0.0090311958
2019-10-14,0.0049090183,-0.0028730056
2019-10-15,0.0058752168,0.0028117248
2019-10-16,0.0015945963,-0.0029253152
2019-10-17,0.014696002,0.0047002471
2019-10-18,0.018706026,0.017661352
2019-10-22,0.0026417165,0.0091751578
2019-10-23,0.0029971072,-0.0049444898
2019-10-24,-0.0042431714,-0.013821433
2019-10-25,-0.0011986776,0.012137021
2019-10-27,0.0069038464,-0.0019352329
2019-10-29,0.0093355146,0.0084899597
2019-10-30,0.0058145189,0.0026378559
2019-10-31,0.0094856933,0.0086160348
2019-11-01,0.0059648026,0.018700558
2019-11-04,0.00037863482,0.0067264874
2019-11-05,-0.008481046,-0.004488763
2019-11-06,0.00054924033,-0.00028033135
2019-11-07,0.0059040129,-0.00017818225
2019-11-08,-0.0083058261,-0.0006326615
2019-11-11,0.0043800895,0.0025504255
2019-11-13,-0.010587053,-0.017307945
2019-11-14,-0.00094671149,-0.0084165761
2019-11-15,0.00098407227,0.0048744693
2019-11-18,0.0046741595,0.014169505
2019-11-19,0.0029571557,0.0048195357
2019-11-20,0.0045131376,0.00539463
2019-11-21,-0.0081871786,-0.0063621867
2019-11-22,-0.00072259527,0.009295348
2019-11-25,0.010780383,0.0066812637
2019-11-26,-0.0047284387,-0.0033997853
2019-11-27,0.0064578121,-0.003679205
2019-11-28,0.0080063837,0.013086827
2019-11-29,-0.0022151924,-0.0049911725
2019-12-02,-0.0047424753,-0.0038333019
2019-12-03,-0.0092522421,-0.014667702
2019-12-04,0.0060396815,0.0085941281
2019-12-05,-0.0021148993,-0.0039817501
2019-12-06,-0.012980777,-0.016003527
2019-12-09,0.00088035898,0.0030185836
2019-12-10,-0.012709163,-0.0048056922
2019-12-11,0.005477119,0.00016253035
2019-12-12,0.0082477585,0.0057532583
2019-12-13,0.009208526,0.006617615
2019-12-16,-0.0048808844,-0.0010036637
2019-12-17,0.0059134824,0.0052961466
2019-12-18,0.00050689135,-0.0019268718
2019-12-19,0.0016484844,-0.0011168143
2019-12-20,0.00061101616,0.0043072308
2019-12-23,-0.0024357744,-0.004057496
2019-12-24,-0.0014168457,-0.0023682884
2019-12-26,-0.00031677659,-0.0021172573
2019-12-27,0.0074517225,0.0027067242
2019-12-30,0.0029832041,0.00053510118
2019-12-31,-0.0002874753,0.0045727799
2020-01-01,0.0019908962,0.0010744945
2020-01-02,0.013959582,0.02132796
2020-01-03,-0.0032688968,-0.0052789734
2020-01-06,-0.021078062,-0.013989283
2020-01-07,0.0092860931,0.0035736718
2020-01-08,-0.00042707815,-0.0034872626
2020-01-09,0.017628614,0.011557665
2020-01-10,0.0048384284,0.0027690357
2020-01-13,0.0091883819,0.0057974339
2020-01-14,0.005913177,-0.0018105815
2020-01-15,0.0062294099,0.002365281
2020-01-16,0.006068722,-0.0054787314
2020-01-17,0.0027225602,-0.0057290593
2020-01-20,-0.0070886559,-0.0034474337
2020-01-21,-0.0027546042,0.0016292462
2020-01-22,0.00091428025,0.0021204958
2020-01-23,0.01027467,0.00046601734
2020-01-24,0.0080287501,-0.0058294552
2020-01-27,-0.0039050221,-0.0083486006
2020-01-28,-0.0049908565,-0.0092982058
2020-01-29,0.00386426,-0.00055323139
2020-01-30,-0.0115139,-0.0091438784
2020-01-31,-0.0070352999,-0.012197308
2020-02-03,-0.024497448,-0.039799429
2020-02-04,0.017808478,0.012947486
2020-02-05,0.011816408,0.0084969732
2020-02-06,0.0068049345,0.010888666
2020-02-07,0.0058290212,-0.0044827324
2020-02-10,-0.0081658162,-0.010273699
2020-02-11,0.0004489409,0.0013036875
2020-02-12,-0.00050922691,-0.015831661
2020-02-13,-0.0010537103,-0.0035809174
2020-02-14,-0.0087727484,-0.0049660934
2020-02-17,-0.010168722,-0.013028083
2020-02-18,-0.0045653777,-0.010014412
2020-02-19,0.016780239,0.0059161115
2020-02-20,0.00071346997,-0.0058158955
2020-02-24,-0.020759683,-0.02105085
2020-02-25,-0.0032271444,0.0011530742
2020-02-26,-0.011384597,-0.0085397705
2020-02-27,-0.010171448,-0.013589181
2020-02-28,-0.037413944,-0.022581623
2020-03-02,-0.0064213789,-0.011897008
2020-03-03,0.021785934,0.0098921627
2020-03-04,-0.011924457,-0.0010987753
2020-03-05,0.0016671466,-0.0084866129
2020-03-06,-0.023753945,-0.023185542
2020-03-09,-0.047877129,-0.029980478
2020-03-11,-0.008172676,-0.012256305
2020-03-12,-0.089184816,-0.04183846
2020-03-13,0.024720806,0.036941706
2020-03-16,-0.05973119,-0.0080003513
2020-03-17,-0.019332131,-0.002591284
2020-03-18,-0.046157303,0.019342175
2020-03-19,-0.0413044,-0.012833118
2020-03-20,0.043573832,-0.010161336
2020-03-23,-0.12715165,-0.0092755589
2020-03-24,0.0082211182,-0.030628881
2020-03-25,0.035997451,-0.005357214
2020-03-26,0.036337326,-0.012186756
2020-03-27,-0.00057082798,0.012462595
2020-03-30,-0.019707202,-0.00089200116
2020-03-31,0.032210379,0.0054815659
2020-04-01,-0.018558925,0.0044599636
2020-04-03,-0.011655094,0.00043860741
2020-04-07,0.058988291,0.0018587697
2020-04-08,0.014580135,0.003775907
2020-04-09,0.040956226,0.019672563
2020-04-13,-0.0016258214,0.0046884086
2020-04-15,0.011149639,-0.0015333191
2020-04-16,0.016963465,0.01580052
2020-04-17,0.023716101,0.023070857
2020-04-20,-0.0017233485,-0.008153372
2020-04-21,-0.029765653,-0.026560815
2020-04-22,0.011218785,-0.0066301712
2020-04-23,0.010769307,0.0069480644
2020-04-24,-0.021137882,-0.020294019
2020-04-27,0.016101746,-0.014346509
2020-04-28,0.0076129,0.006483739
2020-04-29,0.012098769,0.016043555
2020-04-30,0.019728394,0.014457241
2020-05-04,-0.04324903,-0.021249369
2020-05-05,-0.011498007,-0.0027373299
2020-05-06,0.0068228777,0.0057037981
2020-05-07,-0.0045548907,0.0097197826
2020-05-08,-0.005198737,-0.020186513
2020-05-11,0.0033651293,0.0022618527
2020-05-12,-0.0049203765,0.0034906134
2020-05-13,0.023444659,0.023624276
2020-05-14,-0.0080897309,-0.016291924
2020-05-15,0.00074180359,0.0036083983
2020-05-18,-0.037389601,-0.021659166
2020-05-19,0.0038881093,-0.0039184014
2020-05-20,0.015241602,-0.0037869685
2020-05-21,0.0090449701,-0.0052503317
2020-05-22,-0.0056622391,-0.010234939
2020-05-26,0.0074476862,0.0098713285
2020-05-27,0.0095371581,0.023682118
2020-05-28,0.015918718,0.0041694859
2020-05-29,0.014554024,-0.010301907
2020-06-01,0.028490714,0.012378811
2020-06-02,0.019786225,0.024741387
2020-06-03,0.0099123065,0.003029211
2020-06-04,0.0022660323,0.0020581906
2020-06-05,0.024580633,0.02903688
2020-06-08,0.004764192,0.014317946
2020-06-09,-0.0081859153,-0.0046932771
2020-06-10,0.0051718367,0.0079836665
2020-06-11,-0.015148241,-0.001595236
2020-06-12,0.0073802601,-0.0012731691
2020-06-15,-0.0084763536,-0.00126183
2020-06-16,0.0021018975,-0.008823075
2020-06-17,0.001978242,-0.00012248008
2020-06-18,0.01473445,0.017335914
2020-06-19,0.014019548,0.0082384329
2020-06-22,0.015824599,0.0165835
2020-06-23,0.01756316,0.0074407583
2020-06-24,-0.012114102,-0.011560909
2020-06-25,0.0046117243,-0.0046231914
2020-06-26,0.0026464545,0.003308359
2020-06-29,-0.013922971,-0.010093991
2020-06-30,-0.0052534163,-0.019681494
2020-07-01,0.0041192263,0.017970136
2020-07-02,0.0099740221,0.0054229421
2020-07-03,0.0055789271,-0.010528531
2020-07-06,0.01795301,0.010063555
2020-07-07,0.0051793018,-0.0022545116
2020-07-08,-0.0035998767,0.0023170954
2020-07-09,0.0033610821,-0.0054562596
2020-07-10,-0.0050130415,-0.014329008
2020-07-13,-0.0016800917,-0.0097873749
2020-07-14,-0.014581702,-0.02341058
2020-07-15,-0.0014659344,-0.0082479698
2020-07-16,0.0029926726,-0.0026888215
2020-07-17,0.013071245,0.0075882811
2020-07-20,0.0096366181,0.0013486408
2020-07-21,0.0031280186,0.0016193087
2020-07-22,-0.0020960834,0.0028830233
2020-07-23,0.0087330373,-0.0019388429
2020-07-24,-0.0047674585,-0.0084241098
2020-07-27,-0.010909766,-0.012501749
2020-07-28,0.008609659,0.0015635156
2020-07-29,0.0037361486,0.0029326354
2020-07-30,-0.0064725289,-0.014948723
2020-07-31,0.0047536211,-0.013698633
2020-08-03,0.0013649019,-0.0053176995
2020-08-04,0.011058473,0.0088967843
2020-08-05,0.012489364,-0.0074261836
2020-08-06,0.006624091,-0.0036470841
2020-08-07,0.010350225,0.0019087917
2020-08-10,0.014053651,-0.0032251604
2020-08-11,0.00022430666,0.0095267688
2020-08-12,0.00067278695,0.0086456523
2020-08-13,0.0080160957,0.00047861185
2020-08-14,-0.0076778061,-0.003077885
2020-08-17,0.0089644384,0.010195501
2020-08-18,0.012847667,0.0024869926
2020-08-19,0.0096023319,0.014136477
2020-08-20,0.0042771122,0.0059132207
2020-08-21,0.0083148742,-0.0069065601
2020-08-24,0.0071564105,-0.014895267
2020-08-25,0.0029252495,-0.0031421323
2020-08-26,0.0069829475,0.013422867
2020-08-27,0.0038224808,0.0087181735
2020-08-28,0.0018062338,0.013107523
2020-08-31,-0.039893181,-0.016292985
2020-09-01,0.005692227,-0.009120091
2020-09-02,0.014366724,-0.0052132267
2020-09-03,0.0074550119,-0.0083287544
2020-09-04,-0.014390629,-0.0064035214
2020-09-07,-0.0024988903,-0.0052824593
2020-09-08,-0.011466602,-0.012249684
2020-09-09,-0.0081680431,-0.0069880336
2020-09-10,0.011973529,0.0017049286
2020-09-11,0.0032358791,0.00013852925
2020-09-14,0.027898451,-0.010903198
2020-09-15,0.010157938,-0.0010411125
2020-09-16,0.0050288947,-0.001124857
2020-09-17,-0.0038075446,0.001547337
2020-09-18,0.0026392337,0.0043604866
2020-09-21,-0.035557932,-0.012176193
2020-09-22,-0.0176066,-0.0083140477
2020-09-23,-0.00016140002,-0.0024669744
2020-09-24,-0.025151629,-0.014709915
2020-09-25,0.026165078,0.014917491
2020-09-28,0.026491178,0.0050558463
2020-09-29,-0.0018735626,-0.0040091812
2020-09-30,0.00045189685,-0.0078255463
2020-10-01,0.0061152802,0.0077523571
2020-10-05,0.0034622276,-0.0018473617
2020-10-06,0.0044667886,0.0018867552
2020-10-07,-0.0051962403,-0.0097544905
2020-10-08,0.00049977686,0.0011345792
2020-10-09,-0.001261995,0.0059526738
2020-10-12,-0.0059490659,-0.018364687
2020-10-13,-0.0019783172,-0.0075638011
2020-10-14,-0.00032283353,0.0049885149
2020-10-15,-0.014893724,-0.0026317783
2020-10-16,0.011167789,0.004872595
2020-10-19,0.0079388442,0.013928018
2020-10-20,0.0025377077,0.0048839574
2020-10-21,0.0035601041,0.011983658
2020-10-22,0.0049531053,0.0074912094
2020-10-23,0.0050167875,-0.0010382518
2020-10-26,-0.011144565,-0.0037575531
2020-10-27,0.0071396826,-0.0096233359
2020-10-28,-0.0085202863,-0.0052676561
2020-10-29,-0.0046415648,-0.0085976636
2020-10-30,0.00053469409,0.0034269325
2020-11-02,-0.0029638631,0.0077008583
2020-11-03,0.0069968481,0.00082577702
2020-11-04,0.0031846468,-0.0082947197
2020-11-05,0.017037293,0.0066027352
2020-11-06,0.006074819,0.0041548193
2020-11-09,0.0070604889,-0.0003787577
2020-11-10,0.00038054688,0.022146593
2020-11-11,0.0066295547,-0.0041097928
2020-11-12,0.0053075124,-0.0014331047
2020-11-13,0.006519898,-0.0030448403
2020-11-14,0.0075222651,0.0059508727
2020-11-17,0.013073802,-0.010162507
2020-11-18,0.008247484,0.0066636739
2020-11-19,-0.002535537,0.0047465476
2020-11-20,0.0099412595,-0.0025607653
2020-11-23,0.012994262,0.0056882686
2020-11-24,0.0077391728,0.0039281374
2020-11-25,-0.012709942,0.010281704
2020-11-26,0.0094717998,0.012116702
2020-11-27,0.018228451,-0.0073779427
2020-12-01,0.012528333,0.0096499656
2020-12-02,0.0062093206,0.0045953951
2020-12-03,0.0099368223,0.020492251
2020-12-04,0.0050597438,0.0014720134
2020-12-07,0.011717049,0.012256628
2020-12-08,-0.0026902822,0.000876835
2020-12-09,0.0067422177,0.0084832471
2020-12-10,-0.0052614186,-0.0096052259
2020-12-11,0.0053887165,0.011823466
2020-12-14,0.0075251501,0.012211502
2020-12-15,0.0016666374,-0.0014480063
2020-12-16,0.0096607149,0.0028143278
2020-12-17,0.00042504827,-0.0080916518
2020-12-18,-0.0010062174,-0.010487032
2020-12-21,-0.046265573,-0.036061865
2020-12-22,0.010000757,0.0038441096
2020-12-23,0.022848272,0.012320922
2020-12-24,0.0067982194,0.0038581163
2020-12-28,0.011386054,0.0093573838
2020-12-29,-0.00087492651,0.000297462
2020-12-30,0.0058337935,0.0018340519
2020-12-31,0.0023563724,-0.0030282836
2021-01-01,0.01099046,0.0075386225
2021-01-04,0.014774081,0.0036170182
2021-01-05,0.0077205531,-0.0048232083
2021-01-06,0.00083263042,0.0013914238
2021-01-07,0.0080563533,0.012199911
2021-01-08,0.011380216,-0.0037395441
2021-01-11,0.0013882892,-0.0058625695
2021-01-12,0.0041891606,0.013641704
2021-01-13,-0.0019742824,0.0030439375
2021-01-14,0.0016062897,1.3109201e-05
2021-01-15,-0.0096247892,-0.00033692317
2021-01-18,-0.018735975,-0.017035246
2021-01-19,0.018261918,0.0090858337
2021-01-20,0.0089899,-0.0032060368
2021-01-21,-0.0078327842,-0.010026339
2021-01-22,-0.0098845189,-0.0051147425
2021-01-25,-0.0090035901,-0.0035650956
2021-01-27,-0.0081084501,-0.0042722969
2021-01-28,-0.0042928558,0.0048286691
2021-01-29,-0.0065895973,0.0082551326
2021-02-01,0.025522539,0.017866028
2021-02-02,0.017145944,0.0070573786
2021-02-03,0.013203336,0.0056015499
2021-02-04,0.039394898,0.00097513537
2021-02-05,-0.0026082803,-0.0077028042
2021-02-08,0.013809172,0.0018419273
2021-02-09,-0.0031623836,-0.009052743
2021-02-10,0.0046133045,0.001172703
2021-02-11,0.0061980713,-0.0075489177
2021-02-12,-0.001614224,0.0021380999
2021-02-15,0.0059056763,0.0017069022
2021-02-16,0.007813115,0.0047720609
2021-02-17,0.0034460423,0.00940746
2021-02-18,0.0077356693,0.01560693
2021-02-19,-0.0094371214,0.0011686379
2021-02-22,-0.013715268,-0.0014354506
2021-02-23,0.0080266162,0.0085015224
2021-02-24,0.0093083932,0.003513275
2021-02-25,0.014926208,0.018532673
2021-02-26,-0.014137895,-0.0073091794
2021-03-01,0.023776432,0.019761492
2021-03-02,0.016627919,0.0022810754
2021-03-03,0.010240233,0.0002725636
2021-03-04,0.0044217085,-0.00091691445
2021-03-05,-0.015238918,-0.011245115
2021-03-08,0.0060806976,0.012173045
2021-03-09,-0.0043309976,-0.01207203
2021-03-10,0.0085682109,-0.00027946375
2021-03-12,-0.0028162544,0.0019601203
2021-03-15,-0.0067921881,-0.0025054174
2021-03-16,0.0029655657,-0.0010826063
2021-03-17,-0.020248087,-0.011424381
2021-03-18,-0.012767823,-0.0017570888
2021-03-19,0.0073454224,-0.0038538204
2021-03-22,0.0067065443,-0.0034895649
2021-03-23,0.0078823636,0.00064971666
2021-03-24,-0.012372671,0.0032511936
2021-03-25,-0.017690028,-0.0046928518
2021-03-26,0.012526841,-0.0027329133
2021-03-30,0.01570579,-0.013206734
2021-03-31,0.0043132514,0.0012516781
2021-04-01,0.016721506,0.022449592
2021-04-05,-0.014987233,-0.012091287
2021-04-06,0.0087655586,0.0033494369
2021-04-07,0.013407526,-0.00022795542
2021-04-08,0.010044931,0.0024743197
2021-04-09,0.0043721846,-0.00055160531
2021-04-12,-0.049768016,-0.033328897
2021-04-13,0.014378123,0.021796499
2021-04-15,0.00085325028,-0.0025579861
2021-04-16,0.010116934,-0.0030741908
2021-04-19,-0.019532889,-0.016820452
2021-04-20,0.003543387,0.0021411944
2021-04-22,0.0043600222,0.0036023746
2021-04-23,0.0035653357,0.0029216917
2021-04-26,0.0072576411,0.0049765797
2021-04-27,0.013725,0.0019185282
2021-04-28,0.0085300257,-0.0019572202
2021-04-29,0.0011084014,0.0031519538
2021-04-30,-0.0014199018,0.013088338
2021-05-03,0.010148329,0.00013121219
2021-05-04,-0.0044895512,0.010322274
2021-05-05,0.0096376216,0.0028834479
2021-05-06,0.0060866907,-0.013240688
2021-05-07,0.0049389065,0.021150428
2021-05-10,0.012746195,0.022734285
2021-05-11,0.0077753782,0.0070821957
2021-05-12,-0.0058297739,-0.0040024098
2021-05-14,-0.0099847377,-0.0087897207
2021-05-17,0.014302504,0.0046510275
2021-05-18,0.012636994,-0.0052765259
2021-05-19,0.0055684307,0.0075102999
2021-05-20,-0.00028407565,0.0030412875
2021-05-21,0.0058923954,0.0061622508
2021-05-24,0.0067155056,0.0047038245
2021-05-25,0.00034280169,-0.00037284214
2021-05-26,0.0047776767,0.00080468084
2021-05-27,0.0041025484,-0.0050659412
2021-05-28,-0.0010474932,0.0028083826
2021-05-31,0.005117252,0.0014851644
2021-06-01,-0.0031395302,-0.00082714506
2021-06-02,0.012774676,0.0070463091
2021-06-03,0.014485225,0.0056211943
2021-06-04,0.0049329889,0.0090269923
2021-06-07,0.011262064,0.010455163
2021-06-08,0.0053306546,-0.0091875704
2021-06-09,-0.0091395564,-0.0052112448
2021-06-10,0.013761147,0.007692981
2021-06-11,0.0035915234,-0.0030187287
2021-06-14,0.0051713229,0.01418844
2021-06-15,0.0068545666,-0.0054754961
2021-06-16,-0.0062460981,-0.002415622
2021-06-17,-0.0077969282,-0.011074639
2021-06-18,-0.0070325915,-0.008075108
2021-06-21,0.0063850423,0.0033112606
2021-06-22,0.006511027,0.0043280593
2021-06-23,-0.0026482634,-0.0031303858
2021-06-24,-0.0016348929,-0.0036529427
2021-06-25,0.0056309969,0.0044683979
2021-06-28,0.0056608181,0.0037357431
2021-06-29,-0.0028905308,-0.0055061699
2021-06-30,0.032402074,0.043184672
2021-07-01,0.0031221689,-0.0042260279
2021-07-02,0.0062900773,-0.004935367
2021-07-05,0.0072542403,0.0085867109
2021-07-06,-0.0016261245,-0.0042112376
2021-07-07,0.003716845,0.0017540878
2021-07-08,-0.002733983,-0.0038227429
2021-07-09,0.0035813416,0.0048374856
2021-07-12,0.0051786951,0.0091702754
2021-07-13,0.0053758566,0.003151488
2021-07-14,0.00081816255,-0.0050632073
2021-07-15,0.0049293994,-0.0016082422
2021-07-16,0.0044961667,0.0010255647
2021-07-19,-0.004104562,-0.0042098622
2021-07-20,-0.01210958,-0.011637788
2021-07-22,0.013271471,0.0020263048
2021-07-23,0.0015491158,-0.0020731894
2021-07-26,0.0024235525,-0.0035598834
2021-07-27,-0.0039075441,0.0010024424
2021-07-28,-0.0039917133,0.002102685
2021-07-29,0.0071092848,0.0079563439
2021-07-30,0.0048856078,-0.0019744892
2021-08-02,0.0087327588,-0.0016122923
2021-08-03,0.002904226,-0.0057341254
2021-08-04,-0.0083484205,-0.0016219501
2021-08-05,-0.0026678509,-0.0036836384
2021-08-06,8.9619967e-05,0.002322695
2021-08-09,-0.006832183,-0.0049554684
2021-08-10,-0.017007815,-0.014426549
2021-08-11,-0.0045931908,0.0086996178
2021-08-12,0.013823103,0.0031926771
2021-08-13,0.0008774305,0.00014192219
2021-08-16,-0.0043833743,-0.0039403673
2021-08-17,-0.00031097261,-0.021622379
2021-08-18,-0.00072359831,-0.0061220648
2021-08-20,-0.01962993,-0.019093046
2021-08-23,-0.011462767,-0.0091843046
2021-08-24,0.01417297,0.013484871
2021-08-25,0.0062801054,0.0089446028
2021-08-26,0.0014521723,-0.0077078875
2021-08-27,0.0082464515,-0.0030231829
2021-08-30,0.014312361,-0.0010595947
2021-08-31,0.0071912665,-0.0041255243
2021-09-01,0.0032091323,-0.0011079796
2021-09-02,0.010208166,-0.0022344538
2021-09-03,0.0054793671,0.0037342377
2021-09-06,0.0060873129,-0.0019663892
2021-09-07,-0.0021334894,-0.0048521269
2021-09-08,0.0034562925,-0.0014404195
2021-09-09,0.0045309331,-0.0020910125
2021-09-13,0.0058725004,-0.00034847546
2021-09-14,0.0065849336,0.0097022857
2021-09-15,0.0086776852,0.0060201591
2021-09-16,0.0026715021,0.009074378
2021-09-17,-0.0094341486,-0.0051516165
2021-09-20,-0.018405089,-0.010529351
2021-09-21,0.0049219174,0.0025093642
2021-09-22,0.01138672,0.010056527
2021-09-23,0.010424398,0.0034716076
2021-09-24,-0.0031986407,0.00020122117
2021-09-27,0.00089980843,0.014897014
2021-09-28,-0.003807238,0.012063487
2021-09-29,0.0063051618,0.011853786
2021-09-30,0.0042603806,0.0069962171
2021-10-01,0.0020836414,-0.0010970572
2021-10-04,0.012333912,0.0021287282
2021-10-05,0.0052936972,0.0034142258
2021-10-06,-0.0086479429,-0.0077781502
2021-10-07,0.012481205,-0.006394384
2021-10-08,0.0059944777,0.0027237485
2021-10-11,0.0066124304,0.0027211744
2021-10-12,0.0047036859,0.0042884261
2021-10-13,0.0068197778,0.003433307
2021-10-14,0.0038690256,0.0058076002
2021-10-18,0.0078028165,0.012124373
2021-10-19,-0.018504619,-0.017765485
2021-10-20,-0.018445412,0.0093007889
2021-10-21,-0.0069743313,0.014218767
2021-10-22,-0.0091618232,0.0054159772
2021-10-25,-0.013777357,0.0027089232
2021-10-26,0.017830943,0.0014211296
2021-10-27,0.0039707196,-0.0037718869
2021-10-28,-0.017128582,-0.013232863
2021-10-29,-0.00030575458,0.00088227491
2021-11-01,0.013387906,-0.0024872487
2021-11-02,0.0069882705,0.0046863813
2021-11-03,-0.0013215797,-0.0018202887
2021-11-04,0.010358455,-1.4972278e-05
2021-11-08,0.0097526723,-0.00031737813
2021-11-09,0.0059826225,-0.0014289638
2021-11-10,-0.0022184201,-0.0026918904
2021-11-11,-0.0061978473,-0.0074836198
2021-11-12,0.0031951145,-0.0048681247
2021-11-15,-0.00076838778,-0.01491057
2021-11-16,-0.0017775944,-0.0030863699
2021-11-17,-0.0029342985,-0.005618148
2021-11-18,-0.014500607,-0.0048347615
2021-11-22,-0.024390027,-0.0029405524
2021-11-23,0.013942743,0.010831246
2021-11-24,0.0010092599,0.0064788189
2021-11-25,0.0042806133,0.00033625327
2021-11-26,-0.025419701,-0.0076638474
2021-11-29,-0.014194081,-0.0088811823
2021-11-30,0.0091152585,-0.0091014767
2021-12-01,0.0050509682,0.010344631
2021-12-02,0.011168834,0.0015583417
2021-12-03,-0.00069437028,0.0052197685
2021-12-06,-0.014330838,0.0024808801
2021-12-07,0.01242193,0.0067070904
2021-12-08,0.014307408,0.0015438554
2021-12-09,0.0064875745,0.0036014092
2021-12-10,0.0068106878,0.0038569056
2021-12-13,-0.00091530733,-0.0027043027
2021-12-14,0.00010999602,-0.0021669634
2021-12-15,0.0040276068,-0.0055793805
2021-12-16,-0.0058576894,-0.005700797
2021-12-17,-0.019546538,-0.0079792893
2021-12-20,-0.031356055,-0.0094252183
2021-12-21,0.012361694,-0.0037366097
2021-12-22,0.013577626,0.0034558665
2021-12-23,0.0091389654,0.0045099132
2021-12-24,-0.0082384667,-0.0058690942
2021-12-27,0.0036111338,-0.0015150756
2021-12-28,0.012541851,0.0039011482
2021-12-29,0.0026716021,-0.0051295357
2021-12-30,-0.0002966619,-0.0018984273
2021-12-31,0.011835694,-0.0020214657
2022-01-03,0.011648683,0.004279736
2022-01-04,0.0045412778,0.0017126999
2022-01-05,0.0020788061,0.0086146436
2022-01-06,-0.0014755036,-0.00013839618
2022-01-07,0.0022022696,0.00086535785
2022-01-10,0.0090374715,0.0093591194
2022-01-11,0.00028309014,-0.006523786
2022-01-12,0.0080971107,0.0044668129
2022-01-13,0.0047693477,0.0062269899
2022-01-14,0.0037357719,-0.0014839904
2022-01-17,0.0049529293,0.0064594962
2022-01-18,-0.018437982,-0.0036808968
2022-01-19,-0.00021243754,0.0093000043
2022-01-20,-0.0023760079,-0.001970698
2022-01-21,-0.01800585,-0.0070590471
2022-01-24,-0.038412527,0.0017725594
2022-01-25,0.010203914,0.015491986
2022-01-27,-0.0077971793,0.028165399
2022-01-28,0.0069276392,-0.0023800461
2022-01-31,0.012314006,-0.0067506721
2022-02-01,0.0096984516,-0.0025754099
2022-02-02,0.01340431,-0.00054780889
2022-02-03,-0.0049796655,0.0022304217
2022-02-04,-0.0054599618,-0.0038235973
2022-02-07,-0.0095016859,0.0056881031
2022-02-08,-0.0084096727,0.0078755499
2022-02-09,0.0062850875,0.0031882254
2022-02-10,0.0027063894,0.0031234492
2022-02-11,-0.015718002,0.0043365795
2022-02-14,-0.03781213,-0.0033025668
2022-02-15,0.020090822,-0.0065677941
2022-02-16,0.0037968614,0.0020418342
2022-02-17,-0.005700903,-0.0031107208
2022-02-18,-0.0076349676,0.0015079701
2022-02-21,-0.015916718,-0.005059482
2022-02-22,-0.014704742,-0.0098217561
2022-02-23,0.0083354334,0.00090479517
2022-02-24,-0.055848843,-0.017197056
2022-02-25,0.039176879,0.0026754201
2022-02-28,0.0081280398,0.0020812686
2022-03-02,-0.00027825033,0.0046237141
2022-03-03,0.0001776515,0.0094388835
2022-03-04,-0.017108192,0.0032963648
2022-03-07,-0.019424801,0.0056021966
2022-03-08,0.012949326,-0.00077009502
2022-03-09,0.019035293,-0.0025684618
2022-03-10,0.013514724,-0.00056203383
2022-03-11,0.0068761002,0.00023426813
2022-03-14,0.00058115847,-0.0036495409
2022-03-15,-0.0084313473,-0.010491914
2022-03-16,0.016175737,0.0036104288
2022-03-17,0.012348977,-0.006540619
2022-03-21,-0.00080123469,0.001637001
2022-03-22,0.0013353727,0.0034880028
2022-03-23,0.00018987189,-0.0001789778
2022-03-24,0.0014715936,0.0063599737
2022-03-25,-0.005082645,0.0043144177
2022-03-28,-0.0042484745,0.001416397
2022-03-29,0.0055654398,-0.009239613
2022-03-30,0.0079998173,-0.0064953895
2022-03-31,0.0021657598,-0.0025235789
2022-04-01,0.018704207,0.02306948
2022-04-04,0.016299871,0.0037817019
2022-04-05,0.011003985,-0.0049018751
2022-04-06,0.0027192575,0.0098033003
2022-04-07,-0.0058967376,0.0019838174
2022-04-08,0.010313023,0.0033648759
2022-04-11,0.0035053088,0.00413768
2022-04-12,-0.013283747,-0.0018607755
2022-04-13,0.0025363791,0.0062835095
2022-04-18,-0.0080161425,0.0031141021
2022-04-19,-0.012083961,0.0032192521
2022-04-20,0.0040088746,0.00054789598
2022-04-21,0.013209345,0.0039588843
2022-04-22,-0.0060465287,-0.0056324124
2022-04-25,-0.01874194,-0.0092479227
2022-04-26,0.011343624,0.0060577358
2022-04-27,-0.0062323712,0.0025084261
2022-04-28,0.0062690565,-0.0075379033
2022-04-29,-0.0081426041,-0.0048542344
2022-05-02,-0.0065807298,0.0011657616
2022-05-04,-0.022002683,-0.0005488957
2022-05-05,-0.0040124039,0.0011057213
2022-05-06,-0.019185758,0.009921415
2022-05-09,-0.015832147,0.0020134894
2022-05-10,-0.017363564,-0.002756011
2022-05-11,-0.01470656,-0.0052732188
2022-05-12,-0.017706052,-0.002810041
2022-05-13,0.0076879764,-0.0072060123
2022-05-16,0.011456033,0.010104838
2022-05-17,0.02739339,0.0011097131
2022-05-18,0.0020152681,0.00018564937
2022-05-19,-0.023831799,0.00090917844
2022-05-20,0.022131548,0.013335885
2022-05-23,-0.0071505929,-0.0083824648
2022-05-24,-0.0089619101,-0.0047093013
2022-05-25,-0.024197542,-0.00024224473
2022-05-26,0.010498461,0.0080134922
2022-05-27,0.010228365,-0.0077520428
2022-05-30,0.021542899,-0.0088493751
2022-05-31,0.0042104275,-0.0093509667
2022-06-01,0.0034111735,-0.00076289799
2022-06-02,0.0045277194,0.0041876907
2022-06-03,-0.011322532,-0.00081131047
2022-06-06,-0.0039690201,0.0039339931
2022-06-07,-0.0076024029,0.0043657478
2022-06-08,-0.0027996065,0.0075675022
2022-06-09,0.0024890016,-0.0036855635
2022-06-10,-0.0077485771,-0.0015633225
2022-06-13,-0.02957358,-0.010958227
2022-06-14,-0.0036620162,-0.00021865197
2022-06-15,0.0042540694,-0.0038881694
2022-06-16,-0.024900466,-0.0090085262
2022-06-17,-0.010219142,0.0073278107
2022-06-20,-0.020494478,-0.020081351
2022-06-21,0.028022936,0.011592192
2022-06-22,-0.013219204,-0.00031047368
2022-06-23,0.011592525,-0.006125855
2022-06-24,0.01512189,0.0030516636
2022-06-27,0.013128032,0.00025960789
2022-06-28,0.00093598489,0.0051351529
2022-06-29,-0.0049890107,0.0016923174
2022-06-30,0.013462258,-0.058308006
2022-07-01,0.0039780978,0.0013713565
2022-07-04,0.0062503781,0.0014871379
2022-07-05,0.00021087377,-0.0042041026
2022-07-06,0.0112766,-0.0068826627
2022-07-07,0.014158995,0.0086120653
2022-07-08,0.0016087723,0.0019940594
2022-07-11,0.0089940038,0.0057430313
2022-07-12,-0.0053480078,0.0016540938
2022-07-13,0.0020907395,0.00064404562
2022-07-14,-0.0037927105,3.066047e-05
2022-07-15,0.0036588113,-0.0022942808
2022-07-18,0.01453831,0.0085629149
2022-07-19,0.0079021105,0.0027378349
2022-07-20,0.005187232,-0.0022356137
2022-07-21,0.010179095,0.00081325432
2022-07-22,0.0058747503,0.0016088124
2022-07-25,-0.0030611918,-0.0036794426
2022-07-26,-0.010620012,0.0055160162
2022-07-27,0.004502979,0.0074997666
2022-07-28,0.0069721966,1.9927895e-05
2022-07-29,0.01337137,-0.0011772436
2022-08-01,0.015432398,0.0049664439
2022-08-02,0.0049810193,0.0013645037
2022-08-03,-0.0040818668,-0.0027347388
2022-08-04,0.0028059003,-0.0029851049
2022-08-05,0.0016540447,-0.00013406266
2022-08-08,0.0016259867,0.0035436082
2022-08-10,-0.0026410247,-0.00060384221
2022-08-11,0.0070180727,0.0037183282
2022-08-12,0.0024010268,0.0052091192
2022-08-16,0.010584863,0.0018457727
2022-08-17,0.0067939729,-0.00083144756
2022-08-18,0.0022097857,-0.0017358419
2022-08-19,-0.010269475,-0.0020390139
2022-08-22,-0.013720488,-0.0032687526
2022-08-23,0.0076427436,0.0071781625
2022-08-24,0.0071304205,0.0028784483
2022-08-25,0.0028532541,0.0061944922
2022-08-26,0.0049364919,0.0060165445
2022-08-29,-0.0065131273,-0.0020196844
2022-08-30,0.015523351,-7.9049634e-05
2022-09-01,0.0010380078,-0.0054177021
2022-09-02,-0.00041511618,-0.0047049424
2022-09-05,0.0052675136,0.0082582831
2022-09-06,0.0023012559,0.002834692
2022-09-07,0.0083871968,0.001123222
2022-09-08,0.0066177376,0.0019308988
2022-09-09,0.00091031559,-0.0073397703
2022-09-12,0.0089333857,0.0027535649
2022-09-13,0.0041325413,0.0032384981
2022-09-14,0.00014428574,0.0099069923
2022-09-15,0.00047416464,0.0035647658
2022-09-16,-0.023327023,-0.0050451329
2022-09-19,-0.0017683695,0.0050190469
2022-09-20,0.012520553,-0.0026828236
2022-09-21,-0.0066485702,-0.0087458373
2022-09-22,0.0024710747,-0.0077829591
2022-09-23,-0.017923435,-0.010420552
2022-09-26,-0.029021026,-0.011822105
2022-09-27,0.0040862305,0.0037342337
2022-09-28,-0.0049198422,-0.0095591293
2022-09-29,0.0048791486,0.00076668227
2022-09-30,0.018225173,-0.010502891
2022-10-03,-0.0065250806,-0.00033903104
2022-10-04,0.017476162,0.0092172892
2022-10-06,0.010579314,0.0092983406
2022-10-07,-0.00089058784,0.00018662115
2022-10-10,-0.0063370122,0.00072882629
2022-10-11,-0.016575965,-0.0040987338
2022-10-12,0.0046547317,0.0040636216
2022-10-13,-0.0051810812,0.0014844004
2022-10-14,-0.00019138984,-0.00032506035
2022-10-17,0.0014591052,0.0031977076
2022-10-18,0.0083674009,0.0040318324
2022-10-19,-0.00074204963,-0.00031177923
2022-10-20,0.0029484561,0.0051234239
2022-10-21,-0.0055153622,0.0040816601
2022-10-24,0.0076384317,0.00068203142
2022-10-25,0.0004433681,0.0084745976
2022-10-27,0.0056190522,0.0087996959
2022-10-28,-0.004637156,0.0027495762
2022-10-31,0.0076637758,-0.0054295746
2022-11-01,0.0058872987,-0.002680553
2022-11-02,0.00024233228,-0.0012962071
2022-11-03,0.00089933386,0.01110969
2022-11-04,0.0039201224,0.015178605
2022-11-07,0.0062054306,0.010797331
2022-11-09,-0.0026346004,0.0077354826
2022-11-10,-0.010042391,-0.0028077127
2022-11-11,0.0052044051,-0.00088765578
2022-11-14,0.0024361517,0.007483505
2022-11-15,0.0008113018,0.0032450523
2022-11-16,-0.0040692067,0.0017134255
2022-11-17,-0.0040368733,0.003496042
2022-11-18,-0.003134391,0.0019070392
2022-11-21,0.0006164343,0.0049930189
2022-11-22,0.0013072332,0.0023519586
2022-11-23,0.0040920834,0.0022208089
2022-11-24,0.0050022651,0.0010325107
2022-11-25,0.0066839695,0.010374281
2022-11-28,0.0076880283,0.0013841799
2022-11-29,-0.00062698171,0.00055567796
2022-11-30,0.0069698781,-0.00055095246
2022-12-01,0.0056993345,0.002492553
2022-12-02,0.0062982415,0.0020844838
2022-12-05,0.0015527466,0.0074871496
2022-12-06,-0.0045428657,0.0036710238
2022-12-07,-0.0031644695,-0.00049425848
2022-12-08,0.0069152577,0.0096727484
2022-12-09,-0.0078110369,-0.007005969
2022-12-12,0.0038142974,0.013491079
2022-12-13,0.0042689736,0.012375833
2022-12-14,0.0078982109,0.0011114047
2022-12-15,-0.0061552494,0.005499269
2022-12-16,-0.012036895,-0.0055757725
2022-12-19,0.003251875,0.0041350003
2022-12-20,-0.0013742188,-0.00024465395
2022-12-21,-0.014536716,-0.010214533
2022-12-22,-0.012800089,-0.0074256862
2022-12-23,-0.036147215,-0.016762214
2022-12-26,0.026855229,0.016262156
2022-12-27,0.015376945,0.023452861
2022-12-28,0.0033680392,0.0016173878
2022-12-29,-0.00035870716,-0.00045423499
2022-12-30,0.0059177567,0.010306519
2023-01-02,0.0064938703,0.013398893
2023-01-03,0.0027537344,0.0023256495
2023-01-04,-0.0082139074,-0.0044615584
2023-01-05,0.0037348469,0.0074504029
2023-01-06,-0.0049864199,0.0018801029
2023-01-09,0.0067088498,0.0015590912
2023-01-10,-0.0045098224,-0.0066647261
2023-01-11,-0.00070799802,0.0079677307
2023-01-12,-4.0846941e-06,-0.0034662549
2023-01-13,0.0026757321,0.0058236302
2023-01-16,-0.00075898623,0.00052428656
2023-01-17,-0.0013958331,-0.0036283748
2023-01-18,0.0024963195,0.004654418
2023-01-19,-0.0018467253,0.00055275935
2023-01-20,-0.0055236183,0.0029109547
2023-01-23,-0.00016777474,-8.6515485e-05
2023-01-24,-0.0028328169,-0.0078449695
2023-01-25,-0.012419667,-0.0057864278
2023-01-27,-0.017531828,-0.013795269
2023-01-30,-0.00084152157,0.002698598
2023-01-31,0.018187348,0.015096971
2023-02-01,-0.012474442,-0.016054798
2023-02-02,0.0020463929,0.0016571895
2023-02-03,-0.0017444622,0.0022886025
2023-02-06,0.0039169913,-0.00042318969
2023-02-07,-0.0012860463,-0.00093524554
2023-02-08,0.0096340822,0.0022041205
2023-02-09,-0.00097822896,-0.0034258844
2023-02-10,0.0023285914,-0.0015219208
2023-02-13,-0.0099506392,0.0023707886
2023-02-14,-0.0044847599,0.0060440347
2023-02-15,0.005876958,0.0055720362
2023-02-16,0.0077676062,-0.0027241715
2023-02-17,-0.004043511,-0.0009402322
2023-02-20,-0.0017021264,-0.0074147206
2023-02-21,-0.0026073867,-0.0031618626
2023-02-22,-0.011267735,-0.0069694415
2023-02-23,-0.00023190856,0.005390885
2023-02-24,-0.0025127945,-0.0029198786
2023-02-27,-0.0094460554,-0.0076527016
2023-02-28,0.0031295139,-0.0023013676
2023-03-01,0.0131273,0.0074389942
2023-03-02,-0.00064056638,0.0014176936
2023-03-03,0.0080294744,0.0074797595
2023-03-06,0.0075561583,0.0043170894
2023-03-08,0.0025914554,0.0053876804
2023-03-09,-0.003774885,0.0015236858
2023-03-10,-0.005488523,-0.0045579161
2023-03-13,-0.017759637,-0.0082258141
2023-03-14,-0.0089475412,-0.00047504353
2023-03-15,0.00064546732,0.0024403423
2023-03-16,-0.0035398088,0.003452441
2023-03-17,0.0062444911,0.002790111
2023-03-20,-0.0089845368,-0.0041108659
2023-03-21,0.0050785246,0.0061861013
2023-03-22,0.0039270263,-0.0019705959
2023-03-23,-0.0038272439,-0.0047180561
2023-03-24,-0.012948324,-0.0084215791
2023-03-27,-0.0098856185,-0.00064294759
2023-03-28,-0.0073519396,0.0022089985
2023-03-29,0.017065516,0.0098684493
2023-03-31,0.012366138,-0.0037265876
2023-04-03,0.0083044692,0.012065048
2023-04-05,0.0066783873,-0.0020804296
2023-04-06,0.0054341746,0.0022752565
2023-04-10,0.0031518457,0.003534366
2023-04-11,0.0046443672,-0.00020695012
2023-04-12,0.005222531,-0.0046329966
2023-04-13,0.002641594,0.0004251828
2023-04-17,0.0016530396,0.0046088485
2023-04-18,0.0032447516,0.003350514
2023-04-19,-0.00026777021,0.00089571105
2023-04-20,-6.8959708e-06,-0.0020170154
2023-04-21,-0.0024609479,-0.0014003066
2023-04-24,0.0041363511,0.0079190825
2023-04-25,0.0019844494,0.0070105001
2023-04-26,0.0035379991,0.0070291222
2023-04-27,0.0048043925,-0.0013833255
2023-04-28,0.011412183,0.0019510496
2023-05-02,0.0071028629,0.0025498676
2023-05-03,0.001824001,0.0017542927
2023-05-04,0.008567665,0.0098624673
2023-05-05,-0.0039724137,-0.0073637746
2023-05-08,0.0078485209,0.00098711808
2023-05-09,-0.0022477942,-0.0077314358
2023-05-10,0.0031191803,0.00237614
2023-05-11,0.0045898696,0.0021249145
2023-05-12,-0.0032799504,-0.0041100269
2023-05-15,0.0058672266,0.005321225
2023-05-16,0.00093045496,-0.0004699841
2023-05-17,-3.6705411e-05,-0.00092526506
2023-05-18,-0.005359057,-0.0012875148
2023-05-19,-0.0010597934,-0.0040884533
2023-05-22,0.0040778628,-0.006987304
2023-05-23,0.002940369,-0.0012505361
2023-05-24,-0.00014330092,-0.0064677279
2023-05-25,0.0014119236,-0.002311749
2023-05-26,0.0065998321,-0.0030930302
2023-05-29,0.0028110417,0.0022647726
2023-05-30,0.0011953467,0.0010407269
2023-05-31,0.0038366444,-0.0038235976
2023-06-01,0.0050816191,0.0057078658
2023-06-02,0.0052699094,0.004579667
2023-06-05,0.003703664,0.00090605851
2023-06-06,0.0036994081,0.0024569342
2023-06-07,0.0093977642,-0.0017674034
2023-06-08,-0.0056316604,0.000524741
2023-06-09,-0.0020038592,0.00079604006
2023-06-12,0.0054301757,0.0040134751
2023-06-13,0.012423451,0.0063206297
2023-06-14,0.0040203168,0.0023844299
2023-06-15,0.0018709105,-0.0070223637
2023-06-16,0.0074662632,-0.00028372975
2023-06-19,0.001370391,-0.00068402446
2023-06-20,0.0052409394,0.0016222592
2023-06-21,0.0034625156,-0.0025993669
2023-06-22,-0.0080556038,-0.0022248266
2023-06-23,-0.011730053,-0.00056915337
2023-06-26,0.0070723598,-2.5478052e-05
2023-06-27,0.0051345033,0.0017740125
2023-06-28,0.0028160779,-0.00046308004
2023-06-30,0.0090761412,0.013298833
2023-07-03,0.0047453525,0.010233463
2023-07-04,-0.00044237204,-0.00069911661
2023-07-05,0.0070156546,0.0034556068
2023-07-06,0.0080807363,0.0067509066
2023-07-07,-0.0053819719,0.0026075631
2023-07-10,-0.002585463,0.0028364127
2023-07-11,0.0069577554,-0.00049729937
2023-07-12,0.0035944261,-0.00097936035
2023-07-13,-0.0052007927,-0.0074672992
2023-07-14,0.011862957,0.0041701518
2023-07-17,0.0065190896,0.004851246
2023-07-18,-0.0037855874,-0.0013514432
2023-07-19,0.0053592116,0.0012241362
2023-07-20,0.0028161797,0.002720157
2023-07-21,-0.00094014465,0.0035407868
2023-07-24,0.00078502989,0.0053085608
2023-07-25,0.002794492,0.0047351452
2023-07-26,0.0033886065,0.0046605912
2023-07-27,0.0014419927,0.001795533
2023-07-28,0.0051715256,0.0021600008
2023-07-31,0.010132821,0.0061954777
2023-08-01,0.0028660814,0.0003379025
2023-08-02,-0.012638401,-0.0088546934
2023-08-03,0.00061893982,-0.00011082947
2023-08-04,0.0064565115,-0.00051177323
2023-08-07,0.0035160727,-0.0015536989
2023-08-08,0.0021853619,0.0046932956
2023-08-09,0.0039641452,0.0026384923
2023-08-10,-0.0028835771,0.0030870423
2023-08-11,-0.0012064759,0.00069747694
2023-08-14,-0.0062350056,-0.0047914604
2023-08-16,0.0028894978,-0.0002091833
2023-08-17,0.0018149826,0.0015581619
2023-08-18,-0.0027739188,-0.00066784609
2023-08-21,0.0067717487,0.0012300958
2023-08-22,0.00720574,0.00062962724
2023-08-23,0.0048907993,0.0083366341
2023-08-24,0.0019553317,-0.0019279402
2023-08-25,-0.0052424378,-0.0052764909
2023-08-28,0.0061117233,0.0062482041
2023-08-29,0.0069313757,0.0041333058
2023-08-30,0.0070922809,-4.1866695e-05
2023-08-31,0.0040933115,-0.0018498961
2023-09-01,0.007798343,0.010506907
2023-09-04,0.010796929,0.014602452
2023-09-05,0.025337844,0.034845502
2023-09-06,0.0023510583,-0.0040169452
2023-09-07,0.0052171555,0.0062544836
2023-09-08,0.0062184305,0.0022071165
2023-09-11,0.010576839,0.0031979718
2023-09-12,-0.031640191,-0.016144811
2023-09-13,0.0085921332,0.017723514
2023-09-14,0.010451406,0.0070194834
2023-09-15,0.0030007558,-0.0018729702
2023-09-18,-0.0028039653,0.0063587472
2023-09-20,-0.0064719083,-0.0058518514
2023-09-21,-0.0097620564,-0.0057975509
2023-09-22,0.000241161,0.0078897472
2023-09-25,0.0013199369,0.0036350412
2023-09-26,0.0015047641,-0.0010153141
2023-09-27,0.0068074056,-0.00090113998
2023-09-28,-0.0070870648,0.0015148466
2023-09-29,0.0084576896,0.0095058498
2023-10-03,0.0032191293,-0.0011843982
2023-10-04,-0.01110813,-0.0048700301
2023-10-05,0.0022514712,-0.00031547099
2023-10-06,0.0054005358,0.0051783241
2023-10-09,-0.013922374,-0.0074037937
2023-10-10,0.012268224,0.0087108443
2023-10-11,0.0054661479,0.00064698837
2023-10-12,0.0043808487,0.0010209599
2023-10-13,-0.00020945399,-0.00098789168
2023-10-16,0.0027370394,0.0030808929
2023-10-17,0.0048150596,0.0022692204
2023-10-18,-0.0061828444,0.00051616992
2023-10-19,-0.00040335049,0.00022381155
2023-10-20,-0.0090243408,-0.006139328
2023-10-23,-0.031397093,-0.013207893
2023-10-25,-0.0053368855,0.0048882521
2023-10-26,-0.0079838301,0.0021886993
2023-10-27,0.01654732,0.0045158681
2023-10-30,0.0014763523,-0.00092463579
2023-10-31,0.001097942,0.0010850811
2023-11-01,-0.0036306603,-0.0028787744
2023-11-02,0.010518321,0.0050732891
2023-11-03,0.0078055896,-0.0019096116
2023-11-06,0.0087980557,0.0015364011
2023-11-07,0.0031563127,-0.0028607222
2023-11-08,0.0067744925,0.00059568047
2023-11-09,-0.0021255033,-0.00034314403
2023-11-10,0.0019293263,0.00070113252
2023-11-13,0.008266003,0.010044648
2023-11-15,0.0090094266,0.00028870529
2023-11-16,0.0043033817,-0.0016911803
2023-11-17,0.0037350957,-0.0038109324
2023-11-20,0.00044914113,-0.0023979224
2023-11-21,0.0036637581,0.0039221916
2023-11-22,-0.002143614,-0.0052962942
2023-11-23,0.0024443199,0.003862202
2023-11-24,0.0015213966,0.0012525554
2023-11-28,0.0039572284,0.0046274496
2023-11-29,0.0075322352,0.0046281661
2023-11-30,0.0086893205,-0.00063870623
2023-12-01,0.0071900775,0.0042593271
2023-12-04,0.013036808,0.010921632
2023-12-05,0.0037035816,0.0017299165
2023-12-06,0.0037220394,0.0023895455
2023-12-07,0.0042708128,0.0016326666
2023-12-08,-0.0059643751,0.0009788198
2023-12-11,0.0060728565,0.00098650397
2023-12-12,-0.0033400516,0.002068355
2023-12-13,0.0049439424,0.0021826421
2023-12-14,0.0080294413,0.0032522256
2023-12-15,0.0059352401,0.0048220081
2023-12-18,0.0047741391,0.0011349866
2023-12-19,0.00047938247,0.0016280567
2023-12-20,-0.029935157,-0.019868135
2023-12-21,0.014794888,0.007223631
2023-12-22,0.0088718334,-0.0017325684
2023-12-26,0.006276266,0.0040919358
2023-12-27,0.0052290388,0.0022738458
2023-12-28,0.0040520368,0.0034075011
2023-12-29,0.0065837833,-0.0015845823
2024-01-01,0.0057448603,0.0087464549
2024-01-02,-0.00064229932,0.0022564076
2024-01-03,0.0020814901,0.0034923144
2024-01-04,0.01039887,0.0028925271
2024-01-05,0.0032298677,-0.0057891772
2024-01-08,-0.0091300881,-0.0052625443
2024-01-09,0.0035828767,-0.00047389032
2024-01-10,0.0017268524,0.00042200547
2024-01-11,0.0062606467,0.0048429599
2024-01-12,0.0040508432,0.0027621825
2024-01-15,0.005308279,0.0043521584
2024-01-16,-0.00080361915,0.0048528923
2024-01-17,-0.010172561,-0.0057796423
2024-01-18,-0.0012635208,0.01035625
2024-01-19,0.012421905,0.0090305174
2024-01-23,-0.023704796,-0.0071303599
2024-01-24,0.016862496,0.0097522908
2024-01-25,0.00050070156,0.0084117597
2024-01-29,0.011496611,0.01675665
2024-01-30,-0.0018089965,0.0056165808
2024-01-31,0.01640828,-0.00091141614
2024-02-01,-0.0038044981,-0.0012741204
2024-02-02,0.0042148651,0.0062747289
2024-02-05,-0.0019196558,0.0086467884
2024-02-06,0.013485004,8.614279e-05
2024-02-07,0.0053517885,0.0025971202
2024-02-08,-0.0061762916,0.0012261415
2024-02-09,-0.00837374,-0.0067212388
2024-02-12,-0.024422349,-0.017841485
2024-02-13,0.0035843165,0.003004514
2024-02-14,0.0084494799,0.01094604
2024-02-15,0.0094615772,0.0052846936
2024-02-16,0.0087267371,0.0018348084
2024-02-19,0.0064432143,-0.0019290703
2024-02-20,-0.0015052572,0.0014911449
2024-02-21,-0.0060589053,-0.0034060312
2024-02-22,0.0058554956,0.0041708562
2024-02-23,0.0033055819,-0.0033893034
2024-02-26,-0.0022574296,-0.00041173762
2024-02-27,4.9905904e-05,-0.0059282094
2024-02-28,-0.015858368,-0.012532745
2024-02-29,0.0038090338,0.0026652939
2024-03-01,0.0074802407,0.012049137
2024-03-04,0.0031267604,0.011358436
2024-03-05,-0.0017065628,0.0073198466
2024-03-06,-0.011355782,-0.0067697184
2024-03-07,0.0050071426,0.0053422179
2024-03-11,-0.012040324,-0.0087935214
2024-03-12,-0.015375845,-0.0013988752
2024-03-13,-0.042346892,-0.015166055
2024-03-14,0.024169354,0.0011792908
2024-03-15,-0.00055324967,7.9950553e-05
2024-03-18,0.00016302665,0.0028838374
2024-03-19,-0.011286566,-0.0025082521
2024-03-20,0.00078512026,-0.0055914866
2024-03-21,0.019006155,0.0030048761
2024-03-22,0.0078089847,-0.0012506125
2024-03-26,0.0010099206,-0.0034697165
2024-03-27,0.0022650724,-0.0039043476
2024-03-28,0.005223918,0.0003642071
2024-04-01,0.025863188,0.012815493
2024-04-02,0.010824323,0.0057992867
2024-04-03,0.0083781445,0.0069675298
2024-04-04,0.003479733,0.00020225241
2024-04-05,0.0045664809,0.0027415724
2024-04-08,0.0020295984,0.0056016474
2024-04-09,-0.0030032023,0.00011544033
2024-04-10,0.0074602147,0.0055515942
2024-04-12,-0.0053543071,-0.0067828107
2024-04-15,-0.014506014,-0.00056671615
2024-04-16,0.0017650372,0.0039314252
2024-04-18,-0.0029937525,0.00067907805
2024-04-19,-0.0019861438,0.00097983246
2024-04-22,0.01095072,0.0072102728
2024-04-23,0.0081144778,-0.0010921203
2024-04-24,0.0080813278,0.0027261319
2024-04-25,0.0044322418,0.0057906846
2024-04-26,0.0043348334,0.0032624644
2024-04-29,0.0026755599,0.0013274183
2024-04-30,0.0011970128,-0.0043040881
2024-05-02,0.002411368,-0.00071263225
2024-05-03,-0.0033224266,-0.0031413925
2024-05-06,-0.00764808,-0.011176207
2024-05-07,-0.01505089,-0.01150638
2024-05-08,0.005399167,0.00396608
2024-05-09,-0.020418856,-0.0077840669
2024-05-10,0.0080402522,-0.00089735302
2024-05-13,0.00032286119,-0.0037599591
2024-05-14,0.012221669,0.0040595375
2024-05-15,0.0067956508,-0.0034574039
2024-05-16,0.0073782957,-0.0045202914
2024-05-17,0.012682004,-0.0020591911
2024-05-21,0.0074184266,0.00096221916
2024-05-22,0.0026427646,0.0014320708
2024-05-23,0.0034084573,-0.0013368876
2024-05-24,-0.0015769911,0.0031904913
2024-05-27,0.0018394934,0.0019487418
2024-05-28,-0.0061964038,-0.00059398335
2024-05-29,-0.0011494914,0.0011150603
2024-05-30,-0.011680265,-0.0018566166
2024-05-31,0.0029752927,-0.0018879377
2024-06-03,0.023232282,0.014678817
2024-06-04,-0.06277752,-0.034627207
2024-06-05,0.034761905,0.004923935
2024-06-06,0.024648827,0.0047628304
2024-06-07,0.019100888,0.0075670518
2024-06-10,0.0097340841,0.007100052
2024-06-11,0.0060915364,-0.0015271331
2024-06-12,0.007699561,0.0022878691
2024-06-13,0.0072986594,-4.101591e-05
2024-06-14,0.0080633054,-0.0051613697
2024-06-18,0.0057746414,-0.0058886166
2024-06-19,-0.0057503318,0.0079335984
2024-06-20,0.0087318851,0.0090417543
2024-06-21,-0.0017685909,-0.0061200536
2024-06-24,0.00031063102,-0.0043494899
2024-06-25,-0.0015841489,0.0028492836
2024-06-26,0.00071581103,0.0064305264
2024-06-27,-0.002330854,-0.0055549635
2024-06-28,0.0050065203,0.0024816041
2024-07-01,0.051135721,-0.0069067885
2024-07-02,-0.00083293713,-0.0016469215
2024-07-03,0.0078554347,0.0026641575
2024-07-04,0.0052816888,-0.0063208009
2024-07-05,0.0056889282,0.0025249295
2024-07-08,-0.0013564284,0.00030808988
2024-07-09,0.0043445286,0.0038162745
2024-07-10,-0.0039617285,-0.00078604878
2024-07-11,0.002823007,0.0054757886
2024-07-12,0.00065507841,0.0022388268
2024-07-15,0.0067718076,0.004017625
2024-07-16,0.0011648314,0.00062953756
2024-07-18,-0.0077838528,0.0027407882
2024-07-19,-0.021454097,-0.0042611535
2024-07-22,0.0088494262,0.000331851
2024-07-23,-0.0033398596,-0.007307184
2024-07-24,0.013179252,0.0042302871
2024-07-25,-0.00082565697,-0.0013764409
2024-07-26,0.013357392,0.0077907814
2024-07-29,0.0088230122,0.001363378
2024-07-30,0.0058794311,0.0020611101
2024-07-31,0.0023780251,0.0038912876
2024-08-01,-0.0053064168,-0.0028474088
2024-08-02,-0.0086311436,0.00018186315
2024-08-05,-0.035203625,-0.0078203617
2024-08-06,-0.0022282073,-0.0038155428
2024-08-07,0.021355993,0.0036302477
2024-08-08,-0.0034359201,-0.008031348
2024-08-09,0.006590059,-0.0016854238
2024-08-12,0.00031834277,0.0035838013
2024-08-13,-0.011495678,-0.011339688
2024-08-14,-0.0046402346,-0.0032022178
2024-08-16,0.015678713,-0.0016464687
2024-08-19,0.0090037718,0.0095177815
2024-08-20,0.0068956359,0.0055706874
2024-08-21,0.0078226504,0.00053740839
2024-08-22,0.0048561257,0.002414822
2024-08-23,-0.0029420641,-0.0035729987
2024-08-26,0.0032256904,-1.8828223e-05
2024-08-27,0.0053154692,0.005206787
2024-08-28,-0.0018038228,-0.0042648659
2024-08-29,-0.0043632363,0.0010338218
2024-08-30,0.0059427119,0.0011042495
2024-09-02,-0.00051677445,0.001533635
2024-09-03,0.0030068068,-0.0031777087
2024-09-04,0.0030102358,-0.0056096709
2024-09-05,0.0034525931,0.00028174935
2024-09-06,-0.010468943,-0.0052131916
2024-09-09,-0.0036170596,-0.0028169102
2024-09-10,0.011386702,-0.0021844298
2024-09-11,-0.0070881645,-0.012934278
2024-09-12,0.0099394745,0.0013280367
2024-09-13,0.0058083127,0.0049709464
2024-09-16,0.0010687702,0.0010969457
2024-09-17,-0.0016008282,-0.0041655625
2024-09-18,-0.0045280529,0.0032306124
2024-09-19,-0.0075864752,-0.0082323747
2024-09-20,0.0094721844,-0.0069894386
2024-09-23,0.009392073,0.0044939625
2024-09-24,0.00096031876,0.0042913826
2024-09-25,-0.0030016915,0.0083551853
2024-09-26,-0.00082377194,0.0031751603
2024-09-27,-0.00026689105,0.0039586992
2024-09-30,-0.00075306488,0.0022337039
2024-10-01,0.0051629791,-0.0048734692
2024-10-03,-0.019131591,0.002419411
2024-10-04,-0.0086609002,-0.00020723592
2024-10-07,-0.025578636,-0.00891848
2024-10-08,0.01982455,-0.0047013448
2024-10-09,0.0094494099,-0.006080023
2024-10-10,0.00020267871,-0.00013804542
2024-10-11,0.0023685292,-0.0016547188
2024-10-14,0.0012440062,-0.0023503757
2024-10-15,0.0059708484,-0.0013167538
2024-10-16,0.00090868024,0.0011117262
2024-10-17,-0.01502567,0.00078959971
2024-10-18,0.00036416018,0.0023081256
2024-10-21,0.053886169,-0.015262777
2024-10-22,-0.030799163,-0.0060971275
2024-10-23,0.0064703426,-0.0048110926
2024-10-24,-0.003648034,0.0064407212
2024-10-25,-0.01982506,-0.012929543
2024-10-28,0.0095475985,0.011384678
2024-10-29,0.0080987373,0.0092827989
2024-10-30,0.0091255275,0.0045209643
2024-10-31,0.0065844562,-0.0038734805
2024-11-01,0.0078599469,0.0014712813
2024-11-04,-0.015199726,-0.003620835
2024-11-05,0.005547998,0.010973903
2024-11-06,0.019322733,-0.00038746793
2024-11-07,-0.005638224,-0.0009460472
2024-11-08,-0.014074267,-0.010418208
2024-11-11,-0.007582755,0.0055836879
2024-11-12,-0.01236728,0.00043851536
2024-11-13,-0.026421364,-0.0013608966
2024-11-14,0.0042734156,-0.00069423734
2024-11-18,-0.0057152079,0.0014624221
2024-11-19,0.0072821807,-0.00047440238
2024-11-21,-0.0095607247,-0.0065545583
2024-11-22,0.013950273,0.0072085687
2024-11-25,0.019109777,0.0032599442
2024-11-26,0.0041179045,-0.0021255246
2024-11-27,0.008439272,-0.0030958656
2024-11-28,-0.00010391632,0.0036807964
2024-11-29,0.0062061252,-0.003797796
2024-12-02,0.0058328881,0.00029240281
2024-12-03,0.010485537,0.010836556
2024-12-04,0.0070498405,0.0068344044
2024-12-05,0.002732334,-0.00070600785
2024-12-06,0.0040298604,0.00037911376
2024-12-09,0.0022668963,-0.0031698832
2024-12-10,0.0026171998,-0.0014083864
2024-12-11,0.0027539098,-0.0026340162
2024-12-12,-0.0078978124,-0.0042046
2024-12-13,-0.0022214506,-0.00097143074
2024-12-16,0.0027776338,-0.0043091754
2024-12-17,-0.0096025302,-0.0071031268
2024-12-18,-0.0068354827,-0.0085370444
2024-12-19,-0.0044214217,0.00031810861
2024-12-20,-0.021861934,0.0011045477
2024-12-23,0.00040572884,0.0040181012
2024-12-24,0.0020436405,0.002096559
2024-12-26,-0.00017271079,-0.0021112505
2024-12-27,0.0010926076,-0.00018745169
2024-12-30,-0.0045108466,-0.0097340832
2024-12-31,0.0069657674,0.0027287278
2025-01-01,0.0058751932,-0.0019050452
2025-01-02,0.0086448823,0.0037513695
2025-01-03,-0.00013867616,0.00094984764
2025-01-06,-0.026792415,-0.016603958
2025-01-07,0.010480079,0.0014948879
2025-01-08,-0.0091304677,0.0054050199
2025-01-09,-0.0086399228,-0.001035973
2025-01-10,-0.0070889366,-0.0065060123
2025-01-13,-0.037760037,0.0011468495
2025-01-14,0.020078014,0.021365214
2025-01-15,0.0017429322,-0.0024952922
2025-01-16,0.012139222,0.0053559525
2025-01-17,0.0025498665,0.0044138947
2025-01-20,0.0071338625,0.0068802393
2025-01-21,-0.016426138,0.0049789386
2025-01-22,-0.011664016,-0.00094394332
2025-01-23,0.010919372,-0.007441487
2025-01-24,-0.018113035,-0.0020704851
2025-01-27,-0.028158832,0.0029559049
2025-01-28,-0.0084793125,0.009936891
2025-01-29,0.025099271,-0.000463323
2025-01-30,0.0014242652,8.8148256e-05
2025-01-31,0.016920362,-0.00099479175
2025-02-01,0.00048739329,-0.017750951
2025-02-03,-0.013875089,-0.0060824668
2025-02-04,0.012258064,0.010998099
2025-02-05,0.0098194411,0.0043074969
2025-02-06,-0.0038719534,0.0060877688
2025-02-07,-0.0028788903,-0.0018740447
2025-02-10,-0.018377855,0.0011972555
2025-02-11,-0.028789578,0.0019672637
2025-02-12,-0.0047506068,0.00027900714
2025-02-13,-0.0014368906,0.0087993807
2025-02-14,-0.025539568,-0.0032833724
2025-02-17,0.0011002578,0.0074014275
2025-02-18,-0.0069227855,-0.00054354683
2025-02-19,0.016783057,0.0017733421
2025-02-20,0.013968018,0.0052486313
2025-02-21,-0.0072603877,-0.0057312971
2025-02-24,-0.011032918,-0.0041294441
2025-02-25,-0.0061066325,-0.0021275226
2025-02-27,-0.013395497,0.010346949
2025-02-28,-0.025501967,-0.00078604631
2025-03-03,-0.0013863539,-0.010455258
2025-03-04,0.0084584304,0.0064066461
2025-03-05,0.02485561,0.0088312938
2025-03-06,0.013951496,0.0079404894
2025-03-07,0.0021927217,-0.00094812881
2025-03-10,-0.016904927,-0.0044138058
2025-03-11,-0.0016423501,-0.0019351375
2025-03-12,-0.0034376916,0.0012088058
2025-03-13,-0.00555236,-0.0048122616
2025-03-17,0.0028475229,-0.0037920237
2025-03-18,0.02499386,
2025-03-19,0.04394488,0.010944782
2025-03-20,0.0066817497,0.00046372726
2025-03-21,0.016426612,0.013080277
2025-03-24,0.011563218,0.0044824205
2025-03-25,-0.011066614,-0.0046250704
2025-03-26,-0.0098955178,-0.0047215471
2025-03-27,0.0078424201,0.0052418792
2025-03-28,-0.0039730692,-0.0067845491
2025-04-01,-0.00488086,0.010095686
2025-04-02,0.010151472,-0.0057606268
2025-04-03,0.0052140647,0.012368893
2025-04-04,-0.030466074,-0.0051251906
2025-04-07,-0.036842126,-0.0046815531
2025-04-08,0.021149301,-0.0042749711
2025-04-09,-0.0074937275,-0.0050845664
2025-04-11,0.022262025,0.0019087016
2025-04-15,0.029214975,0.0013820882
2025-04-16,0.009325855,0.0017683881
2025-04-17,0.0059850042,-0.000435041
2025-04-21,0.018450108,0.0059288377
2025-04-22,0.0061187547,-0.0053927686
2025-04-23,0.0055554228,-0.0069782842
2025-04-24,1.550664e-05,0.00439008
2025-04-25,-0.0094110044,-0.053898673
2025-04-28,0.0082402857,0.0029080694
2025-04-29,0.00099820328,-0.0030280933
2025-04-30,-0.011734934,-0.0014291001
2025-05-02,-0.0030054041,0.0038857839
2025-05-05,0.013504726,-0.0026850023
2025-05-06,-0.020150406,-0.0063831912
2025-05-07,0.010991093,0.0010939387
2025-05-08,-0.012609524,-0.0049721513
2025-05-09,-0.0042817281,0.00068051239
2025-05-12,0.040328424,0.0084610057
2025-05-13,0.0033839019,-0.00070424787
2025-05-14,0.011561193,-0.00066883437
2025-05-15,0.009862293,-0.00084313705
2025-05-16,0.012360532,0.0013599767
2025-05-19,0.0057429066,0.003704089
2025-05-20,-0.012247453,-0.0025494936
2025-05-21,0.0069339357,0.0017798221
2025-05-22,-0.001147923,-0.00063272881
2025-05-23,0.0066296427,0.00028848695
2025-05-26,0.0057196731,-0.0037580393
2025-05-27,0.00072060409,-0.0015896065
2025-05-28,0.0024907025,0.0014774481
2025-05-29,0.0039849338,0.00052926886
2025-05-30,-0.00099266436,-0.0047508453
2025-06-02,0.0038683891,0.0040970052
2025-06-03,-0.0021695955,-0.0042825795
2025-06-04,0.0058747947,-0.0020735803
2025-06-05,0.0054645713,-0.0027406007
2025-06-06,0.006974748,0.0089871749
2025-06-09,0.010614698,0.010600694
2025-06-10,0.0020344642,0.0024058791
2025-06-11,0.00019398073,0.0033973957
2025-06-12,-0.014218733,-0.0016615922
2025-06-13,-0.0054729606,-0.0037001391
2025-06-16,0.0054734175,-0.00085020369
2025-06-17,-0.006746507,-0.0032944034
2025-06-18,-0.00358979,-0.0017829154
2025-06-19,-0.016269854,-0.00040396284
2025-06-20,0.007529004,0.00090385523
2025-06-23,0.0051811534,0.00088719737
2025-06-24,0.0066536182,0.0038688776
2025-06-25,0.011931199,0.0063315576
2025-06-26,0.0042565066,0.0017727099
2025-06-27,0.0057632374,0.00059855345
2025-06-30,0.058028008,0.11482507
2025-07-01,-0.0021443613,0.0023544744
2025-07-02,-0.0019722036,0.0010958517
2025-07-03,0.0024346568,-0.0019076074
2025-07-04,0.0017864192,0.0038023222
2025-07-07,-0.0013333248,-0.0025646302
2025-07-08,-0.00077995989,0.0015252845
2025-07-09,0.0024558635,-0.0060885828
2025-07-10,-0.0012257345,-0.00011893531
2025-07-11,-0.0067445504,0.0013001655
2025-07-14,0.0058135415,0.001174369
2025-07-15,0.0077845223,-0.0023729297
2025-07-16,0.0019047549,0.0043500426
2025-07-17,0.0021965576,-0.0017877107
2025-07-18,-0.0061868339,0.0038009635
2025-07-21,0.0010260082,-0.00074631286
2025-07-22,-0.0033838721,-0.0028110874
2025-07-23,0.0023407918,0.0032693881
2025-07-24,-0.0035910952,0.00080852286
2025-07-25,-0.017476458,-0.0055162747
2025-07-28,-0.010503112,-0.003027103
2025-07-29,0.0095388166,0.0030614597
2025-07-30,0.0010101612,-0.0046304386
2025-07-31,-0.0084543891,-0.0029530304
2025-08-01,-0.014329083,-0.013608406
2025-08-04,0.0097467848,0.0059644629
2025-08-05,-0.0022393607,-0.0015154734
2025-08-06,-0.0099118764,0.00086506016
2025-08-07,2.2022748e-05,0.00079175715
2025-08-08,-0.011139778,0.005374427
2025-08-11,0.0053199926,0.00030715896
2025-08-12,-0.00023118643,0.0043208332
2025-08-13,0.0053624014,-0.0050486612
2025-08-14,-0.0031655564,-0.0040492104
2025-08-18,0.012896546,-0.0013435856
2025-08-19,0.0098906387,0.0058268732
2025-08-20,0.0042459054,-0.0056159142
2025-08-21,-0.00046363696,0.004138541
2025-08-22,-0.0038347509,-0.0016814542
2025-08-25,0.0012956748,-0.001499604
2025-08-26,-0.01458268,-0.0041153619
2025-08-28,-0.00945112,0.001127708
2025-08-29,-0.0034585717,-0.0036824865
2025-09-01,0.015503691,0.00038214127
2025-09-02,0.0054691559,0.0050087977
2025-09-03,0.0081925116,0.0029940136
2025-09-04,-0.0060280265,-0.0063347225
2025-09-05,8.7104464e-05,0.0026816479
2025-09-08,0.0025778957,0.0047647877
2025-09-09,0.0021990497,-0.002730346
2025-09-10,0.007738827,0.0014592365
2025-09-11,0.00085996891,0.0041704015
2025-09-12,0.0021692483,0.00078441187
2025-09-15,0.0056256918,0.0015164195
2025-09-16,0.0065052495,0.0031290243
2025-09-17,0.0044086135,0.00016927827
2025-09-18,0.0010178201,0.00077044411
2025-09-19,0.00092664904,-0.00033070021
2025-09-22,-0.0055666589,0.0019605309
2025-09-23,-0.0038517214,0.0063711514
2025-09-24,-0.0066333732,0.00093877494
2025-09-25,-0.0079850981,-0.0016124634
2025-09-26,-0.018904533,0.0018559047
2025-09-29,-0.00066187348,0.005354842
2025-09-30,0.0021194111,0.0081789264
2025-10-01,0.0090342137,-0.00079997465
2025-10-03,0.0081438049,0.0013400737
2025-10-06,0.0020118706,-0.0042672718
2025-10-07,0.0010972263,-0.0013132105
2025-10-08,-0.0060984862,-0.00021448671
2025-10-09,0.0042487698,0.0023362584
2025-10-10,0.0043966872,0.0015696064
2025-10-13,-0.003097014,0.000581177
2025-10-14,-0.0081360541,-0.0064802042
2025-10-15,0.0066479829,0.0059225002
2025-10-16,0.0053488432,-0.0040519881
2025-10-17,-0.0037808092,-0.0093429968
2025-10-20,0.0038089885,0.0080558104
2025-10-23,0.0036305901,0.0084732177
2025-10-24,-0.0015907847,-0.00049644932
2025-10-27,0.020108934,0.051775242
2025-10-28,-0.00054158751,0.0058411779
2025-10-29,0.0076326918,0.005877801
2025-10-30,-0.0016080955,-0.0011513368
2025-10-31,-0.0051057881,0.0021196275
2025-11-03,0.0062289236,0.00028042164
2025-11-04,-0.0059112318,-0.0048477994
2025-11-06,-0.012552098,-0.0027970527
2025-11-07,-0.00098274395,0.0070655779
2025-11-10,0.0010204802,-0.0030244531
2025-11-11,0.0010408431,0.0016453101
2025-11-12,0.0074626209,0.00030395175
2025-11-13,-0.0041629773,0.0049120355
2025-11-14,9.7124074e-06,-0.0018676767
2025-11-17,0.0058955547,2.2074224e-05
2025-11-18,-0.0087144775,0.0027825258
2025-11-19,-6.7994449e-05,-0.0020552524
2025-11-20,-0.00095108924,-0.005909649
2025-11-21,-0.011462423,-0.00015163537
2025-11-24,-0.0054826762,-0.0069161478
2025-11-25,0.0010687249,0.0044365514
2025-11-27,0.0089769692,0.004913651
2025-11-28,-0.001709745,-0.00080102621
2025-12-01,-0.00052769556,0.00022318192
2025-12-02,-0.0030777138,-0.00023081388
2025-12-03,-0.0061420815,-0.001456302
2025-12-04,-0.00029408611,-0.0023071526
2025-12-05,-0.0023211647,0.0033553682
2025-12-08,-0.019620366,-0.0024263328
2025-12-09,0.0071733263,-0.0011648321
2025-12-10,-0.0048404407,0.0043700122
2025-12-11,0.0052351338,-0.0013414401
2025-12-12,0.0092844124,0.00080962523
2025-12-15,0.0028627274,0.0023256737
2025-12-16,-0.0075437264,-0.0017860828
2025-12-17,-0.0062331727,0.0068621389
2025-12-18,-0.0016662178,-0.0025142341
2025-12-19,0.011866759,-0.0032094416
2025-12-22,0.0092163407,-0.00048015395
2025-12-23,0.0039493521,0.0055972466
2025-12-24,-0.0019296954,0.00030039672
2025-12-26,-0.001758814,-0.00016640136
2025-12-29,-0.0040342387,0.0019193203
2025-12-30,-0.0033656605,0.0055777648
2025-12-31,0.011919475,0.006996748
2026-01-01,2.1064923e-05,0.0031020801
2026-01-02,0.010054202,0.0073571231
2026-01-05,0.00058927646,-0.0019748778
2026-01-06,-0.0031931731,-0.00062399315
2026-01-07,0.002178325,-0.0051433683
2026-01-08,-0.018458282,-0.0052504982
2026-01-09,-0.013377699,9.0125241e-05
2026-01-12,-0.0031494492,0.0024018822
2026-01-13,0.0015927569,0.00037557026
2026-01-14,0.0027371283,0.009727993
2026-01-16,-0.0032036056,0.0017285514
2026-01-19,-0.0081492424,-0.00025631622
2026-01-20,-0.024754434,0.0020037151
2026-01-21,-0.0061779873,0.0034880363
2026-01-22,0.011167375,0.0016471254
2026-01-23,-0.018228804,-0.0010268482
2026-01-27,0.0011865554,0.0061207363
2026-01-28,0.018506555,0.0044500901
2026-01-29,-0.0019512012,0.0046033464
2026-01-30,0.0059156392,-0.0030672059
2026-02-02,-0.011769363,-0.010952511
2026-02-03,0.02900918,0.0011730213
2026-02-04,0.0064073797,0.012460047
2026-02-05,-0.0062727214,-0.0027475178
2026-02-06,-0.0013392681,0.0017694359
2026-02-09,0.020151715,0.0021337704
2026-02-10,0.0046986913,-0.0016732885
2026-02-11,-9.7147802e-05,-0.0047343043
2026-02-12,-0.0082223795,-0.0037733138
2026-02-13,-0.015425087,-0.00069465728
2026-02-16,0.0020273599,0.00075231
2026-02-18,0.010676756,0.005243515
2026-02-19,-0.013370822,0.0013161659
2026-02-20,0.00098561377,-0.00091271068
2026-02-23,0.0025938267,-0.0051548536
2026-02-24,-0.00680189,0.0042643009
2026-02-25,0.0055711488,0.0024259435
2026-02-26,0.0027390985,0.00032885048
2026-02-27,-0.0090347362,0.0036223942
2026-03-02,-0.018951481,-0.006256517
2026-03-04,-0.021539801,-0.0054832111
2026-03-05,0.01400415,-0.0053706414
2026-03-06,-0.0041968655,-0.0063634559
2026-03-09,-0.022757683,-0.010157162
2026-03-10,0.018333979,0.0078082206
2026-03-11,-0.0056367447,0.0048224111
2026-03-12,-0.001045359,0.0073111387
2026-03-13,-0.026936048,-0.00018951959
2026-03-16,-0.0034828356,-0.0036870428
2026-03-17,0.006930558,-0.0031854729
2026-03-18,0.018284805,-0.0001395358
2026-03-19,-0.028777179,-0.0014567092
2026-03-23,-0.031724322,-0.004558813
2026-03-24,0.022557761,-0.0013112503
2026-03-25,0.022693013,0.0029863288
2026-03-27,-0.020630608,0.0019558032
2026-04-01,0.0046120757,0.0043138072
2026-04-02,0.00019498434,0.0022895584
2026-04-06,0.011504195,-0.0011717794
2026-04-07,0.0024614962,-0.0023700405
2026-04-08,0.037990054,0.005636034
2026-04-09,0.00095693038,-0.0048642858
2026-04-10,0.016548733,0.00039003024
2026-04-13,-0.0057856037,0.0018334695
2026-04-15,0.023923991,0.0015569515
2026-04-16,0.0085096387,0.0026455764
2026-04-17,0.014026179,-0.003060174
2026-04-20,-0.0023675837,-0.0022974132
2026-04-21,0.0066525852,0.0038644769
2026-04-22,0.0063623225,0.0060964364
2026-04-23,-0.0054263622,-0.0042303697
2026-04-24,-0.011716129,-0.0006946663
2026-04-27,0.016954211,0.00088721785
2026-04-28,-0.001650348,0.0025648631
2026-04-29,0.0017778375,-0.00015809073
2026-04-30,-0.0071075986,0.0031320844
2026-05-04,0.008933361,-0.0074124785
2026-05-05,0.0011081279,-0.0023271533
2026-05-06,0.016507517,0.0035852445
2026-05-07,0.0079374477,-0.0024151783
2026-05-08,1.9353885e-05,-0.0051135435
2026-05-11,-0.012093682,-0.0050700685
2026-05-12,-0.026652052,0.00012051979
2026-05-13,0.0041987133,0.0030030114
2026-05-14,0.0057875669,-0.0026573599
2026-05-15,-0.0043264603,-0.0024852888
2026-05-18,-0.010410984,-0.0032183527
2026-05-19,0.0088882739,-0.0015403673
2026-05-20,0.00092930056,-0.0025101346
2026-05-21,0.0047871609,-0.0016376757
2026-05-22,-0.00031552269,-0.00021253421
2026-05-25,0.010523151,0.0078344437
2026-05-26,0.00093449578,-0.0027784761
2026-05-27,0.0053989293,-0.0027358107
2026-05-29,-0.010595368,-0.002206192
2026-06-01,-0.010042592,-0.0004798133
2026-06-02,0.0058404636,-0.0031020902
2026-06-03,-0.0020973183,0.0050792594
2026-06-04,0.0040542212,-0.0031690748
2026-06-05,-0.00072931799,-0.0028029844
2026-06-08,-0.016916878,-0.0047970747
2026-06-09,0.012408958,0.0024175135
2026-06-10,-0.01045686,-0.0071351956
2026-06-11,-0.0085982385,0.00098675885
2026-06-12,0.024378549,0.010011428
2026-06-15,0.014167679,0.0035658033
2026-06-16,0.00460026,-0.00095783495
2026-06-17,0.0058463793,-0.0019368563
2026-06-18,0.0055308171,-0.0019619929
2026-06-19,0.0018111488,-0.0088705845
2026-06-22,0.0061781406,0.0050293303
2026-06-23,-0.0087312178,-0.0055672213
2026-06-24,0.0019811716,0.0082840762
2026-06-25,-0.0043764395,-0.003581045
2026-06-29,-0.0064932159,-0.0016033924
