ticker,week_end,entry,base_hi,base_lo,stop_pct,base_range_pct,sma30,sma44,ext_vs_30w_pct,ext_vs_44w_pct,mansfield,vol_x,year,is_member,adv20,liquid,band
3MINDIA,2025-11-07,35580.0,32195.0,27360.01734212943,23.1,17.67,29817.157486979166,29205.516024502842,19.33,21.83,14.98,19.14,2025,True,653472296.5,True,20-25%
AARTIIND,2020-01-31,483.1336975097656,456.35565666486724,347.99975162808806,27.97,31.14,402.95119425455727,403.0241074995561,19.9,19.88,18.49,3.08,2020,True,299762684.92869264,True,15-20%
ABBOTINDIA,2019-08-09,8242.796875,8198.891867075781,6514.185975939688,20.97,25.86,7225.390543619792,7093.9035977450285,14.08,16.2,16.27,3.07,2019,False,59842291.58664551,True,15-20%
ABBOTINDIA,2025-06-27,34460.0546875,31757.693793471386,24977.130415708973,27.52,27.15,29411.154427083333,29072.96306818182,17.17,18.53,12.63,2.55,2025,True,396033509.21728516,True,15-20%
ABFRL,2019-12-20,231.394775390625,227.2055206298828,178.90586853027344,22.68,27.0,204.79710744222004,207.63587015325373,12.99,11.44,3.91,2.54,2019,True,160577579.27779236,True,10-15%
ACC,2022-09-16,2565.575927734375,2463.8465699667827,1935.7473430779216,24.55,27.28,2147.740185546875,2152.3353271484375,19.45,19.2,15.97,5.57,2022,True,3109007046.442395,True,15-20%
ACUTAAS,2023-05-19,577.2297973632812,546.9186780430535,421.3971374949859,27.0,29.79,472.58961181640626,478.75496951016515,22.14,20.57,16.35,6.73,2023,False,173553424.6993622,True,20-25%
ACUTAAS,2024-06-21,676.6658325195312,675.4196878530224,500.68283623110256,26.01,34.9,579.0747192382812,587.4010828191584,16.85,15.2,2.03,2.23,2024,False,445594069.8415772,True,15-20%
ADANIPORTS,2020-11-27,397.8221130371094,382.0175351474333,288.05978088170673,27.59,32.62,332.4641469319661,320.25748963789505,19.66,24.22,3.47,2.37,2020,True,3521187388.127402,True,20-25%
ADANIPORTS,2022-04-08,816.9876708984375,807.8376419413454,634.6182926045383,22.32,27.3,720.4865112304688,713.5850081010299,13.39,14.49,6.86,2.69,2022,True,5260853807.327685,True,10-15%
ADANIPOWER,2025-09-12,129.7100067138672,124.0,92.4000015258789,28.76,34.2,110.88800099690755,108.36750065196644,16.97,19.69,12.84,5.77,2025,True,4115542244.1391907,True,15-20%
AETHER,2023-06-23,1128.699951171875,1055.0,810.0,28.24,30.25,912.323329671224,919.0215884121982,23.72,22.82,18.15,8.97,2023,True,277252017.19178164,True,20-25%
AETHER,2026-01-09,979.8499755859375,953.0999755859375,726.4500122070312,25.86,31.2,794.9366638183594,799.4977278275924,23.26,22.56,16.59,2.11,2026,False,287597536.2284912,True,20-25%
AFFLE,2023-12-15,1213.199951171875,1178.8499755859375,972.0,19.88,21.28,1073.9166748046875,1036.9443248401988,12.97,17.0,2.15,3.89,2023,True,514558146.99802244,True,15-20%
AIAENG,2025-11-14,3693.0,3601.1660121398177,2985.486170743132,19.16,20.62,3238.6822102864585,3268.8090487393465,14.03,12.98,5.19,2.62,2025,True,339361443.5329956,True,10-15%
AJANTPHARM,2026-01-02,2949.199951171875,2843.306390016936,2304.0552404050886,21.88,23.4,2570.396272786458,2567.2419156161222,14.74,14.88,6.39,2.61,2026,True,452349687.6281128,True,10-15%
AKZOINDIA,2019-09-27,1978.65,1860.0,1600.0,19.14,16.25,1741.9566666666665,1724.6136363636363,13.59,14.73,12.32,4.62,2019,True,50548340.129999995,True,10-15%
AKZOINDIA,2024-08-02,3117.5,3058.0,2267.0,27.28,34.89,2656.646666666667,2609.8863636363635,17.35,19.45,3.59,3.09,2024,False,62516940.232499994,True,15-20%
ALKYLAMINE,2018-11-09,302.7870788574219,275.5123454386917,204.199001469712,32.56,34.92,246.08236897786458,245.2679661837491,23.04,23.45,25.8,2.39,2018,False,10739777.137004089,False,20-25%
ALLCARGO,2017-12-22,41.72800064086914,40.7392888171125,32.957147560060854,21.02,23.61,36.44932200113932,36.45225152102384,14.48,14.47,3.81,2.16,2017,True,156604060.25123367,True,10-15%
AMBUJACEM,2023-12-08,488.645751953125,475.59804925059643,399.3876674061177,18.27,19.08,429.52000427246094,411.31310619007456,13.77,18.8,3.43,5.17,2023,True,2191686351.727637,True,15-20%
APLLTD,2020-01-17,555.0098266601562,548.8752870003875,450.49289043587856,18.83,21.84,496.84686075846355,491.3944140347567,11.71,12.95,4.7,3.35,2020,True,58146182.23171234,True,10-15%
APOLLOHOSP,2025-07-04,7533.84228515625,7515.084405936943,5985.382304841609,20.55,25.56,6828.602197265625,6879.605912642045,10.33,9.51,4.69,2.28,2025,True,3752191711.401953,True,5-10%
ASAHIINDIA,2024-06-21,674.227783203125,656.4247242144345,498.83304917563396,26.01,31.59,568.3593872070312,572.1819097345525,18.63,17.83,6.49,3.92,2024,True,155464763.4157959,True,15-20%
ASHOKA,2023-07-14,92.6500015258789,92.30000305175781,71.6500015258789,22.67,28.82,81.64666748046875,80.43750017339534,13.48,15.18,5.67,5.44,2023,False,229192207.70056382,True,15-20%
ASHOKLEY,2023-06-16,74.77823638916016,71.09390791091903,60.54126407922398,19.04,17.43,66.12309405008952,67.19765567779541,13.09,11.28,4.63,2.04,2023,True,1538522111.676558,True,10-15%
ASHOKLEY,2024-05-03,96.18572998046875,89.00627091756859,72.80802364861071,24.3,22.25,81.08295313517253,81.7195632240989,18.63,17.7,9.08,2.12,2024,True,3486149678.3393297,True,15-20%
ASHOKLEY,2025-08-22,128.1304168701172,124.22400266533293,92.05785843654428,28.15,34.94,110.13072891235352,108.55006356672807,16.34,18.04,14.32,3.7,2025,True,1901981982.3787143,True,15-20%
ASIANPAINT,2018-05-11,1195.67919921875,1143.769709704656,1013.1832469194302,15.26,12.89,1074.4676147460937,1077.09130859375,11.28,11.01,4.87,2.55,2018,True,1118221441.4685912,True,10-15%
ASIANPAINT,2025-11-14,2876.910888671875,2604.305468247461,2152.733989669046,25.17,20.98,2400.5127115885416,2353.906571821733,19.85,22.22,14.85,3.14,2025,True,3956825921.627417,True,20-25%
ASTERDM,2021-08-20,142.06207275390625,130.88441067281894,100.10807740625745,29.53,30.74,115.04058151245117,116.65229173140092,23.49,21.78,5.94,9.64,2021,True,427259458.17097014,True,20-25%
AXISBANK,2018-08-10,612.180419921875,581.2978624817558,478.65451668635706,21.81,21.44,535.5228108723958,534.8610943880948,14.31,14.46,5.98,2.6,2018,True,5632195211.145508,True,10-15%
AXISBANK,2022-10-21,898.0210571289062,818.5315892179959,615.679332128826,31.44,32.95,726.0687032063802,727.9312799627131,23.68,23.37,20.68,2.3,2022,True,10692073441.935583,True,20-25%
BAJFINANCE,2025-02-01,790.2459716796875,772.8509165502438,634.6583512146235,19.69,21.77,697.7368448893229,695.0007629394531,13.26,13.7,15.44,2.87,2025,True,9565604388.923126,True,10-15%
BALKRISIND,2023-05-26,2423.67236328125,2302.05852249071,1873.70305812544,22.69,22.86,2052.1240763346354,2026.2715426358309,18.11,19.61,11.91,3.46,2023,True,742017079.3180542,True,15-20%
BALKRISIND,2024-05-24,3007.63916015625,2745.0326562148475,2167.7014827616076,27.93,26.63,2450.818986002604,2448.6998124556108,22.72,22.83,11.1,3.54,2024,True,1554900017.5904663,True,20-25%
BALMLAWRIE,2019-11-01,97.61405944824219,95.26340991991576,74.75427518291205,23.42,27.44,83.42733205159506,84.32718537070535,17.0,15.76,8.2,2.87,2019,True,24469422.91006737,False,15-20%
BALMLAWRIE,2023-01-06,114.23286437988281,113.22967530143532,89.04463040576042,22.05,27.16,99.58133468627929,99.0324386249889,14.71,15.35,10.6,2.49,2023,False,53994594.57318954,True,15-20%
BANKBARODA,2025-09-19,244.1821746826172,242.93920639704749,191.30620128999757,21.65,26.99,224.14165293375652,222.06221805919301,8.94,9.96,4.38,2.08,2025,True,1890791775.3325028,True,5-10%
BASF,2023-11-24,2969.536376953125,2959.550597533539,2402.245552611639,19.1,23.2,2584.343465169271,2502.3300836736507,14.9,18.67,10.5,3.33,2023,False,123162694.17757568,True,15-20%
BEL,2025-05-16,361.5186767578125,319.69418819975505,237.3631932256515,34.34,34.69,286.0931630452474,287.6028532548384,26.36,25.7,19.53,2.45,2025,True,9387286064.47912,True,>25%
BERGEPAINT,2018-05-25,237.1384735107422,229.93911853528422,185.82311305499155,21.64,23.74,207.84644724527996,205.88947053389117,14.09,15.18,11.6,2.29,2018,True,306625367.6090027,True,15-20%
BERGEPAINT,2019-08-09,290.7873229980469,275.8575503896007,229.44416817316304,21.1,20.23,255.54141235351562,253.9096256602894,13.79,14.52,15.23,2.74,2019,True,494628754.9792374,True,10-15%
BERGEPAINT,2023-08-04,579.5833740234375,569.3958240718738,431.6010546066019,25.53,31.93,504.2235056559245,499.5883560180664,14.95,16.01,6.17,2.09,2023,True,506739717.85426635,True,15-20%
BHARATFORG,2023-08-11,957.7100830078125,925.0764906880972,728.3576309638523,23.95,27.01,808.5913330078125,814.8087837912819,18.44,17.54,11.3,2.22,2023,True,1334942724.3868072,True,15-20%
BHARATRAS,2024-05-31,2675.23193359375,2530.9065860385226,2082.647753223119,22.15,21.52,2295.7546630859374,2290.7715176669035,16.53,16.78,6.62,13.99,2024,False,65694164.03901367,True,15-20%
BIOCON,2025-11-14,411.1499938964844,406.0,317.4755091067408,22.78,27.88,357.1772471110026,353.19467717950994,15.11,16.41,9.09,2.9,2025,True,1459134990.563797,True,15-20%
BIRLACORPN,2023-06-02,1141.9093017578125,1077.4862243268215,829.285810972516,27.38,29.93,932.3280619303385,939.2261921275746,22.48,21.58,16.31,3.3,2023,True,266064959.51049194,True,20-25%
BLISSGVS,2023-07-14,89.67134857177734,86.09691234740632,68.09034436085827,24.07,26.45,74.75614700317382,74.35715120488948,19.95,20.6,9.49,3.29,2023,False,25481982.845571898,False,20-25%
CAMS,2023-11-17,545.7825317382812,512.1748220550683,390.0418544470979,28.54,31.31,446.538905843099,438.6284963434393,22.23,24.43,17.99,4.64,2023,True,815863979.4794235,True,20-25%
CANFINHOME,2023-04-28,597.2774047851562,587.0111663825787,471.0811290708369,21.13,24.61,525.822607421875,531.0552284934304,13.59,12.47,10.71,2.06,2023,True,355141577.0048019,True,10-15%
CANFINHOME,2025-10-24,841.8200073242188,817.6546130968015,681.1644131914952,19.08,20.04,750.8250813802083,718.2172698974609,12.12,17.21,8.18,2.69,2025,True,258631011.92353517,True,15-20%
CARERATING,2026-05-15,1785.38330078125,1773.3842975939979,1381.0837272376718,22.64,28.41,1580.8163696289062,1584.3400240811434,12.94,12.69,16.83,4.2,2026,False,156709446.29056397,True,10-15%
CASTROLIND,2023-07-28,127.65716552734375,119.21307304027785,90.3528645530648,29.22,31.94,101.62876790364584,102.46627443486994,25.61,24.58,15.52,2.91,2023,True,247434736.92105445,True,20-25%
CCL,2024-09-06,751.1229248046875,729.2695980009142,545.4441766758415,27.38,33.7,608.9986022949219,615.8365006880326,23.34,21.97,7.58,7.58,2024,True,611933898.8134705,True,20-25%
CENTURYPLY,2024-09-20,894.4664916992188,826.7184691883745,620.5376334920089,30.62,33.23,701.1586120605468,715.2326035933061,27.57,25.06,9.88,7.18,2024,True,442068226.0221863,True,>25%
CERA,2020-11-14,3003.6953125,2733.7518119242336,2050.3138411796144,31.74,33.33,2290.8882364908854,2313.8604930530896,31.11,29.81,10.34,2.67,2020,True,38383066.4460083,False,>25%
CESC,2023-08-04,71.68555450439453,71.27618491530437,56.49331099044438,21.19,26.17,64.38539454142253,64.74889668551359,11.34,10.71,1.52,2.77,2023,True,293670680.56331635,True,10-15%
CHAMBLFERT,2019-05-31,159.5397186279297,153.09582715778683,114.76920621703296,28.06,33.39,134.11922276814778,131.5944033536044,18.95,21.24,12.91,2.08,2019,True,74894424.7114212,True,20-25%
CHEMPLASTS,2024-06-14,621.5,527.7999877929688,413.45001220703125,33.48,27.66,481.55333557128904,480.5715921575373,29.06,29.33,16.5,19.1,2024,True,438885021.5604156,True,>25%
CHOLAHLDNG,2020-01-17,535.8159790039062,519.5912483198784,419.0573007454738,21.79,23.99,476.22218322753906,482.24327850341797,12.51,11.11,4.52,2.37,2020,True,90906915.941008,True,10-15%
CIEINDIA,2024-05-24,532.9866333007812,488.771302312605,391.01702746268217,26.64,25.0,461.3193644205729,462.68886011297053,15.54,15.19,2.34,3.88,2024,True,381120561.20410764,True,15-20%
CIEINDIA,2026-02-20,462.69793701171875,457.37449023388933,375.6987205418633,18.8,21.74,409.7853200276693,415.48018923672765,12.91,11.36,9.62,3.57,2026,False,134531134.0341095,True,10-15%
CIPLA,2022-03-11,1001.6822509765625,964.3092972069802,815.5849778305869,18.58,18.24,889.0051900227865,892.2489069158381,12.67,12.26,12.44,2.42,2022,True,3113620183.0947447,True,10-15%
CLEAN,2024-08-02,1634.6259765625,1555.361702587209,1231.5675615052094,24.66,26.29,1388.0092610677084,1393.449579412287,17.77,17.31,1.97,4.54,2024,True,490316274.69794923,True,15-20%
COCHINSHIP,2022-09-02,178.4083251953125,173.493690315702,132.03676813542583,25.99,31.4,151.79392649332684,154.4391888705167,17.53,15.52,11.89,8.6,2022,True,205236985.4104584,True,15-20%
COHANCE,2023-08-18,520.5,510.95001220703125,463.29998779296875,10.99,10.28,481.5350006103516,476.18749930641866,8.09,9.31,3.54,5.97,2023,False,353061379.6455765,True,5-10%
COLPAL,2018-05-18,1013.5201416015625,968.8423838143236,839.6828393971916,17.15,15.38,895.5376220703125,894.3918637362393,13.17,13.32,9.33,2.27,2018,True,348870822.4603119,True,10-15%
COLPAL,2019-09-20,1192.1683349609375,1102.6354767944326,934.7412666559378,21.59,17.96,1022.6789265950521,1039.4095139936967,16.57,14.7,14.84,2.6,2019,True,588832684.0463989,True,10-15%
COLPAL,2022-09-02,1532.801513671875,1509.6419896911138,1253.2195110752948,18.24,20.46,1408.8102416992188,1380.6483931107955,8.8,11.02,7.13,2.61,2022,True,575198209.7727845,True,10-15%
COLPAL,2023-07-07,1656.81298828125,1597.6846202758265,1327.0441358767412,19.9,20.39,1440.8115600585938,1449.428622159091,14.99,14.31,5.44,2.01,2023,True,685117812.8617675,True,10-15%
CONCOR,2019-09-27,547.0170288085938,531.3806280149373,421.9129651897013,22.87,25.95,475.28221130371094,475.20347942005503,15.09,15.11,11.64,4.49,2019,True,763393044.9456803,True,15-20%
CONCOR,2022-09-09,713.84423828125,694.5601338319566,524.2320530143638,26.56,32.49,617.1838500976562,612.2619670521129,15.66,16.59,11.16,6.01,2022,True,2009450603.0770843,True,15-20%
COROMANDEL,2022-04-29,864.8524780273438,839.0388583651967,680.5915387874029,21.31,23.28,764.349853515625,777.4287275834517,13.15,11.25,9.22,2.84,2022,True,534213096.9564392,True,10-15%
CROMPTON,2024-05-17,385.71710205078125,339.7538896464038,257.1283109758702,33.34,32.13,294.6239542643229,294.5556557395241,30.92,30.95,20.83,3.08,2024,True,2426479080.3736587,True,>25%
DABUR,2024-06-07,598.1558837890625,564.789626210431,477.27597757943425,20.21,18.34,525.2897420247396,527.8433928056197,13.87,13.32,0.17,3.55,2024,True,2952913795.21593,True,10-15%
DCMSHRIRAM,2024-08-09,1120.6898193359375,1084.6260961371186,819.2764913021629,26.9,32.39,967.0967346191406,964.1648004705256,15.88,16.23,2.57,5.68,2024,True,160443511.82491454,True,15-20%
DHANUKA,2023-06-09,779.3844604492188,734.0135091656006,596.1765602930719,23.51,23.12,670.4417338053386,676.1915075128728,16.25,15.26,9.01,10.1,2023,False,60963914.04066773,True,15-20%
DIVISLAB,2024-05-31,4261.52099609375,4130.722675277681,3314.472264521033,22.22,24.63,3702.8575439453125,3672.2351684570312,15.09,16.05,7.25,3.24,2024,True,2817802878.634094,True,15-20%
DRREDDY,2020-01-31,599.7617797851562,597.9418945063584,452.77243242366217,24.51,32.06,532.8132039388021,528.2086896029385,12.57,13.55,10.42,3.68,2020,True,2534754392.0263977,True,10-15%
ECLERX,2023-06-02,805.43212890625,776.2422103718,609.7672238469312,24.29,27.3,698.9142557779948,702.9647563587536,15.24,14.58,8.9,4.79,2023,True,224015706.520459,True,10-15%
EPIGRAL,2024-02-23,1212.054443359375,1107.6170918287582,862.4965381560382,28.84,28.42,961.3310791015625,969.8897427645596,26.08,24.97,9.55,8.67,2024,True,234148203.55086058,True,20-25%
EPL,2024-07-05,218.93258666992188,197.51590062464678,162.29989890993556,25.87,21.7,184.07736155192057,184.1620698408647,18.94,18.88,2.0,7.42,2024,True,542927808.4280059,True,15-20%
ESSELPACK,2024-07-05,218.93258666992188,197.51590062464678,162.29989890993556,25.87,21.7,184.07736155192057,184.1620698408647,18.94,18.88,2.0,7.42,2024,False,542927808.4280059,True,15-20%
EXIDEIND,2018-05-11,242.24356079101562,234.738571803543,178.26605590256867,26.41,31.68,203.04031117757162,200.14322558316317,19.31,21.04,13.3,4.72,2018,True,768686251.296148,True,20-25%
FDC,2023-07-07,331.08880615234375,320.4857575574131,239.66804152392126,27.61,33.72,272.61729990641277,275.29952690818095,21.45,20.26,12.26,2.93,2023,True,264426340.123967,True,20-25%
FEDERALBNK,2025-10-24,227.39999389648438,218.67621963798794,182.04795241464896,19.94,20.12,199.92328694661458,195.46731810136274,13.74,16.34,8.43,3.45,2025,True,2507647257.7969384,True,15-20%
FINEORG,2024-07-05,5321.9716796875,5030.35778990608,4005.3994383407353,24.74,25.59,4480.784562174479,4516.325378417969,18.77,17.84,2.02,3.64,2024,True,287937385.4515381,True,15-20%
FIVESTAR,2024-10-18,886.427734375,859.7701688947984,674.2132451682158,23.94,27.52,763.282889811198,750.3776938698509,16.13,18.13,7.59,2.52,2024,True,2971504730.119995,True,15-20%
FLFL,2019-03-15,470.3822021484375,447.6032560947621,356.1885206805063,24.28,25.66,405.6641326904297,410.68535752729935,15.95,14.54,7.81,2.06,2019,True,30331288.293862917,False,10-15%
FORTIS,2021-01-08,178.27684020996094,160.9858005035545,120.24246397766333,32.55,33.88,136.85613072713215,132.27687402205035,30.27,34.78,2.11,3.34,2021,True,630051831.05224,True,>25%
FORTIS,2023-06-16,308.2579650878906,293.153103481646,243.96301685142663,20.86,20.16,274.3201039632161,276.139853737571,12.37,11.63,5.78,3.0,2023,True,355060033.43866426,True,10-15%
FSL,2023-05-12,124.10840606689453,115.07368239468519,88.88267505542184,28.38,29.47,102.68779729207357,101.46649187261409,20.86,22.31,17.17,7.48,2023,True,494415804.4455246,True,20-25%
GAEL,2023-09-22,156.7024688720703,152.22455270860456,113.15693585104917,27.79,34.53,126.94666188557943,124.41974674571644,23.44,25.95,16.87,4.9,2023,True,461540517.00129396,True,>25%
GAEL,2026-01-02,137.7100067138672,127.7699966430664,101.19999694824219,26.51,26.25,110.49856847127279,111.74106112393466,24.63,23.24,14.89,2.65,2026,False,143413059.84238282,True,20-25%
GLAND,2026-05-22,2334.0,1984.9000244140625,1573.5999755859375,32.58,26.14,1776.5899943033853,1832.4398664994674,31.38,27.37,34.74,24.0,2026,True,1597646409.0510986,True,>25%
GLAXO,2023-09-15,1514.498046875,1395.0132762273777,1135.4177317113365,25.03,22.86,1269.6525431315104,1248.8935546875,19.28,21.27,9.51,2.28,2023,True,140756789.03200683,True,20-25%
GMDCLTD,2023-05-19,151.31446838378906,149.98393726736967,112.59117586567108,25.59,33.21,132.47127482096354,135.12834427573463,14.22,11.98,8.85,2.64,2023,False,510976152.121085,True,10-15%
GNFC,2023-10-20,620.2330322265625,608.8119366457217,470.0019964477655,24.22,29.53,534.5818511962891,520.2740214954723,16.02,19.21,11.8,2.62,2023,True,806963255.5445709,True,15-20%
GODFRYPHLP,2021-10-01,391.53765869140625,340.9536058462698,255.4484740777495,34.76,33.47,295.0232248942057,292.53715723211116,32.71,33.84,13.81,8.43,2021,True,214352342.10844573,True,>25%
GODREJAGRO,2020-01-10,503.1138610839844,488.21522422311705,387.36321614821145,23.01,26.04,444.98741556803384,449.6387079412287,13.06,11.89,5.13,5.56,2020,True,57452689.707675174,True,10-15%
GODREJAGRO,2025-07-25,828.0966796875,816.1554018939735,646.4108728187389,21.94,26.26,743.8593485514323,740.796483820135,11.32,11.78,7.9,3.48,2025,True,306989052.6524536,True,10-15%
GODREJIND,2023-06-16,497.6499938964844,494.95001220703125,395.0,20.63,25.3,442.35499979654946,443.0681818181818,12.5,12.32,5.35,2.58,2023,True,107111315.98961945,True,10-15%
GPPL,2025-10-31,161.6133270263672,160.64337223328167,121.29727964291884,24.95,32.44,146.70955708821614,143.9236864610152,10.16,12.29,2.66,2.09,2025,False,298305362.1266281,True,10-15%
GRASIM,2023-09-15,1950.4190673828125,1850.715612223875,1501.439357417311,23.02,23.26,1702.3076416015624,1690.6379644220526,14.58,15.37,4.67,2.73,2023,True,1610603654.2476928,True,15-20%
GREAVESCOT,2024-01-05,153.3522491455078,151.68805154609743,118.50169585149013,22.73,28.0,134.40338872273762,133.45225316827947,14.1,14.91,0.26,3.74,2024,False,458703192.7075287,True,10-15%
GREENPLY,2017-11-10,302.88189697265625,287.58202388394994,247.1907174508681,18.39,16.34,268.1560780843099,268.6585429798473,12.95,12.74,2.28,4.88,2017,True,19650816.061543275,False,10-15%
GRINDWELL,2019-03-08,558.684814453125,540.3079785091743,442.219742497286,20.85,22.18,489.9228047688802,485.5104099620472,14.04,15.07,12.99,2.41,2019,True,7615477.26635437,False,15-20%
GRINDWELL,2024-05-31,2522.3134765625,2429.10953399518,1845.5758558554028,26.83,31.62,2142.1160807291667,2139.13774247603,17.75,17.91,8.24,10.83,2024,True,442053305.47351074,True,15-20%
GRINDWELL,2026-05-15,1859.9000244140625,1735.800048828125,1329.0,28.54,30.61,1577.2300089518228,1584.8863719593394,17.92,17.35,22.18,5.98,2026,False,271722451.9341858,True,15-20%
GSPL,2024-01-05,334.0,315.5,254.5,23.8,23.97,286.6333333333333,284.5647727272727,16.53,17.37,3.25,2.92,2024,True,587476799.365,True,15-20%
GUJALKALI,2024-10-11,852.810791015625,832.8556240152564,617.9591842244165,27.54,34.78,750.9336140950521,750.2748426957564,13.57,13.67,3.75,4.04,2024,True,159078225.2859497,True,10-15%
GULFOILLUB,2023-08-04,499.98974609375,457.6407414972782,349.4009345652338,30.12,30.98,387.0532531738281,383.928559736772,29.18,30.23,20.2,8.75,2023,False,57710579.381455995,True,>25%
HAL,2019-11-01,330.5682067871094,326.4247519766667,261.1609105045193,21.0,24.99,290.22642618815104,290.4498062133789,13.9,13.81,5.18,2.3,2019,True,11499084.204425048,False,10-15%
HDFCBANK,2019-03-15,520.41650390625,500.4360138706636,435.4128309578869,16.33,14.93,476.34241536458336,479.00232488458806,9.25,8.65,4.05,2.51,2019,True,5794414771.883032,True,5-10%
HEROMOTOCO,2023-07-07,2850.6806640625,2740.029316143576,2033.7426313920455,28.66,34.73,2371.627490234375,2368.648448597301,20.2,20.35,10.38,2.55,2023,True,2558574607.4319825,True,20-25%
HFCL,2023-12-22,81.78137969970703,80.51538093616035,61.33603650957419,25.0,31.27,69.08852361043294,67.40758852525191,18.37,21.32,6.27,9.54,2023,True,2087158028.0047631,True,20-25%
HIKAL,2018-09-07,185.65699768066406,168.97390808811076,128.27380787105167,30.91,31.73,146.01391042073567,146.73154241388494,27.15,26.53,15.3,16.96,2018,False,257470838.33019257,True,>25%
HIKAL,2019-04-05,175.50193786621094,168.33562387259366,135.17131983224925,22.98,24.54,152.23666687011718,149.65846252441406,15.28,17.27,9.19,2.64,2019,False,44037374.828186035,False,15-20%
HIKAL,2024-06-28,331.3621520996094,328.73189275922823,258.360241539948,22.03,27.24,290.6106699625651,288.967153375799,14.02,14.67,0.45,6.06,2024,False,220571113.61523134,True,10-15%
HINDZINC,2024-04-12,393.92132568359375,311.1609387691337,259.54392703707373,34.11,19.89,284.13207194010414,283.7746568159624,38.64,38.81,24.87,16.4,2024,True,1405985436.4198165,True,>25%
HINDZINC,2025-12-12,551.572265625,526.5201051159478,406.0805394823193,26.38,29.66,453.34645284016926,440.4847710349343,21.67,25.22,17.67,3.21,2025,True,3869957074.923944,True,>25%
HONASA,2026-04-10,344.8500061035156,319.0,248.39999389648438,27.97,28.42,287.7100016276042,288.4545468417081,19.86,19.55,25.12,2.8,2026,True,404641603.8549759,True,15-20%
HSCL,2026-04-24,565.383056640625,498.12426904484107,417.9330556788151,26.08,19.19,465.8846791585286,468.67445581609553,21.36,20.63,26.63,9.83,2026,True,3810428421.9430513,True,20-25%
IFBIND,2023-11-17,1007.5499877929688,1003.0,787.7999877929688,21.81,27.32,871.0300008138021,855.9000008322976,15.67,17.72,9.48,2.16,2023,False,92522315.76831055,True,15-20%
INDIAMART,2023-04-13,2537.60302734375,2444.175746102856,1923.6175986545006,24.2,27.06,2169.4510172526043,2117.2831115722656,16.97,19.85,16.53,2.16,2023,True,570211102.116333,True,15-20%
INDIANB,2025-06-06,605.3469848632812,600.4779102800381,452.4468817196769,25.26,32.72,522.9728373209635,520.3379988236861,15.75,16.34,11.63,2.82,2025,True,1721743269.413327,True,15-20%
INFY,2024-01-12,1486.21875,1468.0183241638513,1187.2466172377842,20.12,23.65,1313.0361857096354,1273.0942965420809,13.19,16.74,0.06,2.02,2024,True,10848639152.823944,True,15-20%
INGERRAND,2019-05-31,567.1669311523438,555.3554712734449,440.20483738317847,22.39,26.16,507.771885172526,500.4671006636186,11.7,13.33,6.48,4.54,2019,False,10624316.672628785,False,10-15%
INOXINDIA,2026-04-10,1303.5323486328125,1260.4840952873649,1066.9168905614442,18.15,18.14,1165.9078735351563,1169.5071744051847,11.8,11.46,16.91,3.75,2026,False,211131439.53510132,True,10-15%
INTELLECT,2022-03-25,844.503173828125,791.6972109502426,593.6499621706841,29.7,33.36,689.1105244954427,698.7077567360618,22.55,20.87,16.13,3.13,2022,True,539243905.8251464,True,20-25%
IRB,2018-04-13,12.544912338256836,11.85174756662927,8.820435440828659,29.69,34.37,10.41357453664144,10.219531991265036,20.47,22.75,16.74,4.95,2018,True,677298969.4720049,True,20-25%
ITC,2018-07-27,210.3003387451172,197.85882912186665,172.09558911909997,18.17,14.97,185.47000071207682,183.51634909889916,13.39,14.59,5.41,3.0,2018,True,3224015141.8668604,True,10-15%
J&KBANK,2026-02-27,121.38999938964844,110.0,97.3499984741211,19.8,12.99,103.7314951578776,103.42843090404163,17.02,17.37,18.06,8.31,2026,True,737493986.5057427,True,15-20%
JAMNAAUTO,2023-09-01,115.84326171875,110.01723338884372,88.99422987788692,23.18,23.62,98.86018397013346,99.17698461359197,17.18,16.8,8.13,2.34,2023,True,348986668.6808155,True,15-20%
JKTYRE,2025-10-24,411.95001220703125,397.4293025029442,298.8525638649648,27.45,32.99,346.07607014973956,335.69224201549184,19.03,22.72,13.09,4.65,2025,True,441444164.6653687,True,20-25%
JSWDULUX,2019-09-27,1632.8109130859375,1513.540383091703,1301.9701793043944,20.26,16.25,1423.0621744791667,1407.1749655983665,14.74,16.03,13.64,4.62,2019,False,41713228.75712891,False,15-20%
JSWDULUX,2024-08-02,2904.985107421875,2801.2099271686106,2093.7843198981686,27.92,33.79,2447.8756103515625,2393.3568725585938,18.67,21.38,5.51,3.09,2024,False,58026279.39743652,True,20-25%
JSWENERGY,2019-11-08,72.3709716796875,71.9475674205979,54.64456914766436,24.49,31.66,64.06474100748697,63.832810315218836,12.97,13.38,6.93,3.94,2019,True,70484450.67352009,True,10-15%
JSWHL,2018-08-03,2045.300048828125,2025.0,1611.5999755859375,21.2,25.65,1810.075,1822.3772721724076,13.0,12.23,2.97,2.49,2018,False,7082493.356500244,False,10-15%
JSWINFRA,2025-09-19,334.7902526855469,327.51220636674253,260.79336591077595,22.1,25.58,298.6314229329427,296.75233494151723,12.11,12.82,6.89,3.44,2025,True,615900076.1882232,True,10-15%
JUSTDIAL,2023-06-09,751.0,725.0,563.7999877929688,24.93,28.59,628.2283325195312,617.7488653009588,19.54,21.57,16.48,2.28,2023,True,229969421.42178345,True,20-25%
KNRCON,2024-05-31,317.2647705078125,296.3067578580362,236.2769313984122,25.53,25.41,266.48145955403646,266.7394561767578,19.06,18.94,10.83,14.74,2024,True,788289267.2364998,True,15-20%
KPIL,2026-06-19,1398.699951171875,1335.0,1007.0999755859375,28.0,32.56,1188.3833292643228,1211.8886385830965,17.7,15.41,19.68,4.32,2026,True,412568193.85300905,True,15-20%
KRBL,2023-09-08,439.92718505859375,410.9010638295477,311.8358560468534,29.12,31.77,364.46661478678385,371.05601778897375,20.7,18.56,8.98,3.08,2023,True,320539819.6717529,True,15-20%
KTKBANK,2025-11-28,212.1300048828125,206.93704990993243,164.46822856250571,22.47,25.82,181.82850952148436,180.06524138017133,16.66,17.81,7.69,13.14,2025,False,2265557656.450733,True,15-20%
LATENTVIEW,2023-08-18,425.45001220703125,417.70001220703125,310.45001220703125,27.03,34.55,355.9266662597656,360.8011363636364,19.53,17.92,9.83,2.39,2023,True,553458347.074707,True,15-20%
LATENTVIEW,2025-11-14,488.79998779296875,480.79998779296875,386.3999938964844,20.95,24.43,420.6683339436849,413.66590881347656,16.2,18.16,8.43,3.94,2025,True,419320870.61715543,True,15-20%
LICI,2023-12-08,369.0047607421875,333.91715306162047,282.90213355075025,23.33,18.03,303.9478342692057,293.83003477616745,21.4,25.58,10.41,7.58,2023,True,3231819130.599051,True,>25%
LINDEINDIA,2023-03-10,3991.926513671875,3866.602495047377,2916.1080769664404,26.95,32.59,3325.5912109375,3294.0692804509945,20.04,21.19,19.11,2.64,2023,True,301797189.4400635,True,20-25%
LINDEINDIA,2026-05-08,7808.5,7515.0,5673.0,27.35,32.47,6461.783333333334,6444.084894353693,20.84,21.17,23.3,2.31,2026,True,435105401.55,True,20-25%
LT,2019-05-24,1373.9886474609375,1298.8448974946434,1068.7421251307856,22.22,21.53,1216.4965657552084,1192.3123474121094,12.95,15.24,7.93,2.5,2019,True,3854981471.4402285,True,15-20%
LTF,2022-12-02,86.43065643310547,82.7406760645951,61.93696234955556,28.34,33.59,72.52554639180501,72.44667720794678,19.17,19.3,9.51,2.41,2022,True,730096017.4676354,True,15-20%
LTI,2020-01-17,1902.35,1864.0,1435.8,24.52,29.82,1646.3866666666665,1668.1465909090912,15.55,14.04,5.77,2.99,2020,True,329323005.60249996,True,10-15%
LTM,2020-01-17,1746.852783203125,1711.6378709016578,1308.4217483789832,25.1,30.82,1504.3498413085938,1517.4520402388139,16.12,15.12,6.91,2.99,2020,False,302404292.2111694,True,15-20%
M&MFIN,2025-10-31,315.54998779296875,305.3999938964844,230.51584267430775,26.95,32.49,266.2673161824544,267.2464422746138,18.51,18.07,11.45,3.18,2025,True,971550006.0375793,True,15-20%
MAHINDCIE,2024-05-24,532.9866333007812,488.771302312605,391.01702746268217,26.64,25.0,461.3193644205729,462.68886011297053,15.54,15.19,2.34,3.88,2024,False,381120561.20410764,True,15-20%
MAHINDCIE,2026-02-20,462.69793701171875,457.37449023388933,375.6987205418633,18.8,21.74,409.7853200276693,415.48018923672765,12.91,11.36,9.62,3.57,2026,False,134531134.0341095,True,10-15%
MAHLOG,2024-01-05,443.3256530761719,425.6084683087051,344.495403590422,22.29,23.55,376.8204376220703,371.8025034124201,17.65,19.24,1.93,4.16,2024,False,358293100.94062805,True,15-20%
MANYAVAR,2023-12-01,1367.0579833984375,1344.8503566687525,1159.0680654697235,15.21,16.03,1258.9677205403646,1231.3239884810014,8.59,11.02,1.91,3.34,2023,True,361850484.2081116,True,10-15%
MARICO,2023-07-28,555.447509765625,540.3609569079499,447.47206944498475,19.44,20.76,492.73883768717445,492.49686709317297,12.73,12.78,3.27,2.23,2023,True,952549035.3419403,True,10-15%
MARICO,2024-06-07,643.139404296875,606.5996843623093,478.95665101004687,25.53,26.65,525.0915405273438,528.814645247026,22.48,21.62,8.52,2.26,2024,True,2133047540.5687225,True,20-25%
MARUTI,2022-01-28,8247.806640625,8072.210771493286,6357.339768558858,22.92,26.97,7103.209261067708,6964.199329723011,16.11,18.43,12.68,2.03,2022,True,6829924004.518408,True,15-20%
MARUTI,2025-08-22,14349.0,12959.0,10941.030958165768,23.75,18.44,12245.206477864584,11927.587868430397,17.18,20.3,16.37,3.03,2025,True,5907207448.309961,True,20-25%
MASFIN,2023-09-08,289.58404541015625,281.60483128564607,222.61861516439393,23.12,26.5,254.27649536132813,258.7677015824751,13.89,11.91,2.91,3.54,2023,False,92499153.83296509,True,10-15%
MCX,2021-10-08,373.1522521972656,351.91425396265714,272.76735303500914,26.9,29.02,300.8466491699219,303.6109730113636,24.03,22.9,0.52,3.11,2021,True,1718973677.7141724,True,20-25%
MEDANTA,2025-07-11,1302.8310546875,1298.33272503313,996.0914527560648,23.54,30.34,1171.3666829427084,1142.205899325284,11.22,14.06,9.52,7.67,2025,True,697954026.3481445,True,10-15%
MERCK,2023-02-10,4172.0751953125,3962.9296895796047,3433.275266944412,17.71,15.43,3713.381697591146,3725.5292635830965,12.35,11.99,7.44,6.97,2023,False,70077290.3625122,True,10-15%
MERCK,2024-11-08,5227.9619140625,5224.019354041378,4354.2104361165175,16.71,19.98,4781.21708984375,4747.7277721058235,9.34,10.12,5.5,5.94,2024,False,72904236.75915527,True,10-15%
MERCK,2025-08-01,5992.73193359375,5952.72896013277,4726.95141123174,21.12,25.93,5233.348046875,5156.472034801136,14.51,16.22,15.29,5.81,2025,False,155398727.52954102,True,15-20%
METROPOLIS,2023-10-13,387.0624084472656,379.9838321284083,300.3434484347491,22.4,26.52,336.76715799967445,332.3879658092152,14.93,16.45,6.48,2.77,2023,True,637686314.3841308,True,15-20%
MOIL,2023-07-07,170.03334045410156,164.2620977429376,133.47570082402862,21.5,23.07,149.3876942952474,148.53119243275034,13.82,14.48,5.96,5.98,2023,False,64930817.77350082,True,10-15%
MOTILALOFS,2021-05-21,787.3387451171875,724.0687228176391,560.8422019922727,28.77,29.1,614.4577819824219,619.6341719193892,28.14,27.07,6.93,4.63,2021,True,432297192.20776063,True,>25%
MRF,2020-11-20,78401.3671875,71883.57789310002,54830.57382887687,30.06,31.1,61883.194010416664,62513.22594105114,26.69,25.42,6.04,2.17,2020,True,3113067141.2707033,True,>25%
MRPL,2025-10-31,162.96197509765625,155.02933490894466,117.52065789853167,27.88,31.92,133.7962910970052,130.99235447970304,21.8,24.41,14.91,5.25,2025,True,1945663904.3671868,True,20-25%
NAVINFLUOR,2025-02-01,4117.35205078125,4002.2298577017445,3144.1972151421937,23.64,27.29,3449.6135823567706,3422.6899913441052,19.36,20.3,23.13,3.12,2025,True,1995947181.247583,True,20-25%
NESCO,2019-06-14,535.9337158203125,530.8845860257819,406.9153330787452,24.07,30.47,449.9134592692057,448.70653742009944,19.12,19.44,10.52,2.88,2019,True,17001508.431666564,False,15-20%
NESCO,2023-07-28,678.2805786132812,645.5959370861881,495.70617426419193,26.92,30.24,573.0984141031901,578.5048765702682,18.35,17.25,7.72,2.92,2023,False,68650977.69935608,True,15-20%
NESCO,2025-06-27,1112.336669921875,1044.634409530079,838.2942221184879,24.64,24.61,957.3444295247396,960.2100913307884,16.19,15.84,10.11,2.5,2025,False,124866838.61374512,True,15-20%
NESTLEIND,2025-10-17,1282.5751953125,1245.5103052891684,1078.874971449518,15.88,15.45,1173.1479858398438,1148.6499994451349,9.33,11.66,5.57,2.41,2025,True,2042887757.2345276,True,10-15%
NETWORK18,2021-06-11,52.400001525878906,45.900001525878906,34.5,34.16,33.04,38.761666742960614,37.861363584345035,35.19,38.4,11.54,4.94,2021,False,218278241.3699997,True,>25%
NFL,2023-12-15,81.76150512695312,80.0427941901324,62.89786534707588,23.07,27.26,69.13821830749512,69.22166408192028,18.26,18.12,4.65,2.67,2023,False,720060850.5229504,True,15-20%
NH,2025-02-28,1441.10595703125,1426.640009522323,1182.2157109546542,17.96,20.68,1287.8369425455728,1270.028653231534,11.9,13.47,21.75,5.02,2025,True,866913494.7729614,True,10-15%
NHPC,2020-01-24,20.431367874145508,18.458941156044624,15.039931341914539,26.39,22.73,17.417922814687092,17.38180854103782,17.3,17.54,10.88,39.84,2020,True,335665442.180215,True,15-20%
NIITLTD,2017-07-28,84.8028793334961,78.5673730746599,59.69457710266045,29.61,31.62,68.74575576782226,68.80219078063965,23.36,23.26,7.4,5.92,2017,False,115761758.7500904,True,20-25%
NILKAMAL,2023-05-26,2234.735595703125,2174.8095537499717,1649.7885860503334,26.18,31.82,1873.0243693033854,1925.8094565651634,19.31,16.04,10.71,4.64,2023,False,29675858.78339844,False,15-20%
NLCINDIA,2025-09-26,275.6044921875,263.3261971937489,208.63199768605148,24.3,26.22,232.25211130777996,230.43392424149945,18.67,19.6,15.71,3.85,2025,True,1024671904.0412979,True,15-20%
NMDC,2023-09-08,42.54463577270508,39.10879007733063,30.282200026626438,28.82,29.15,32.85762850443522,33.21627447821877,29.48,28.08,20.38,2.22,2023,True,1987992487.2423942,True,>25%
NOCIL,2023-12-08,253.1067352294922,249.63010912304156,197.2985922657843,22.05,26.52,221.17959543863932,217.69650615345347,14.43,16.27,3.73,3.04,2023,False,380646856.7494072,True,15-20%
NUVOCO,2025-07-18,387.70001220703125,372.70001220703125,287.5,25.84,29.63,339.84666849772134,343.91477342085403,14.08,12.73,9.44,8.7,2025,False,257653301.6039154,True,10-15%
OFSS,2023-04-28,3008.619384765625,2829.336083455516,2435.420138720214,19.05,16.17,2635.690673828125,2649.4761463512073,14.15,13.56,8.6,2.5,2023,True,217385223.60181886,True,10-15%
OIL,2026-01-30,502.36688232421875,460.4578184769143,374.3675923313683,25.48,23.0,413.1961985270182,410.75478293678975,21.58,22.3,21.25,5.96,2026,True,2762888501.9317474,True,20-25%
ONGC,2018-01-25,130.38230895996094,128.50630336393306,95.5682177013505,26.7,34.47,109.18518320719402,108.86804129860617,19.41,19.76,4.07,2.04,2018,True,1111505180.3324065,True,15-20%
ONGC,2026-01-30,262.77642822265625,246.5160775685659,219.43326162728522,16.49,12.34,233.0408447265625,231.90208296342328,12.76,13.31,11.2,3.8,2026,True,4339483753.755027,True,10-15%
ORIENTREF,2023-12-22,801.7449951171875,778.0193529969247,599.8055099362809,25.19,29.71,694.101005045573,675.3378018465909,15.51,18.72,1.89,2.88,2023,False,205756372.55935365,True,15-20%
PCBL,2023-06-16,152.63235473632812,136.4455283202109,103.50053352064505,32.19,31.83,117.8053955078125,118.97298587452282,29.56,28.29,23.02,5.88,2023,True,380203594.1487373,True,>25%
PFC,2022-11-25,93.54051208496094,83.87233398140066,63.72243493529253,31.88,31.62,74.2985117594401,74.35657102411443,25.9,25.8,16.46,2.06,2022,True,883195527.2719955,True,>25%
PFIZER,2021-07-30,5498.96533203125,5434.324227672259,4053.5096893451596,26.29,34.06,4744.608203125,4755.6879993785515,15.9,15.63,1.56,3.79,2021,True,591488216.4173095,True,15-20%
PGHH,2023-09-01,15320.9580078125,15302.662510297416,12489.345702783256,18.48,22.53,13655.207486979167,13523.820645419035,12.2,13.29,6.32,2.94,2023,True,103438255.22021484,True,10-15%
PGHL,2023-02-10,4172.0751953125,3962.9296895796047,3433.275266944412,17.71,15.43,3713.381697591146,3725.5292635830965,12.35,11.99,7.44,6.97,2023,False,70077290.3625122,True,10-15%
PGHL,2024-11-08,5227.9619140625,5224.019354041378,4354.2104361165175,16.71,19.98,4781.21708984375,4747.7277721058235,9.34,10.12,5.5,5.94,2024,False,72904236.75915527,True,10-15%
PGHL,2025-08-01,5992.73193359375,5952.72896013277,4726.95141123174,21.12,25.93,5233.348046875,5156.472034801136,14.51,16.22,15.29,5.81,2025,False,155398727.52954102,True,15-20%
PHILIPCARB,2023-06-16,152.63235473632812,136.4455283202109,103.50053352064505,32.19,31.83,117.8053955078125,118.97298587452282,29.56,28.29,23.02,5.88,2023,False,380203594.1487373,True,>25%
PIIND,2019-02-15,877.2364501953125,862.3414236768335,660.009869695263,24.76,30.66,788.636083984375,793.3915169455788,11.23,10.57,9.92,2.78,2019,True,92265220.97279052,True,10-15%
PNCINFRA,2019-05-24,176.4001922607422,161.17457591110878,123.67721966721751,29.89,30.32,145.28378626505534,145.6894663030451,21.42,21.08,11.85,2.35,2019,True,22681601.744412232,False,20-25%
PNCINFRA,2023-01-06,315.61370849609375,313.52355768314084,233.03074786509652,26.17,34.54,263.4279973347982,259.14149197665125,19.81,21.79,16.13,3.32,2023,True,263019058.02896577,True,20-25%
POLYCAB,2021-01-08,1208.705322265625,1035.6180446963408,772.5025078738547,36.09,34.06,873.4538777669271,822.2327547940341,38.38,47.0,10.67,3.13,2021,True,730226232.056781,True,>25%
POLYPLEX,2018-08-31,371.51776123046875,340.6625386500626,261.6889328655151,29.56,30.18,296.4361623128255,306.3341924493963,25.33,21.28,10.75,4.09,2018,False,27679334.979005434,False,20-25%
PRESTIGE,2022-12-02,505.5032958984375,494.57017939871076,376.0499177048317,25.61,31.52,440.85398457845054,448.4675722989169,14.66,12.72,2.67,2.47,2022,True,184213053.92991942,True,10-15%
PRESTIGE,2023-06-09,534.3223876953125,517.6481224798388,389.23154346225425,27.15,32.99,448.2052907307943,449.99505268443716,19.21,18.74,14.05,2.24,2023,True,340759336.810434,True,15-20%
PRIVISCL,2023-11-10,1292.46484375,1270.6887436886568,1003.7444789927624,22.34,26.59,1132.1620727539062,1099.31110867587,14.16,17.57,11.59,4.42,2023,False,32956291.6802063,False,15-20%
PTC,2026-05-01,207.6999969482422,197.75,146.97219033618913,29.24,34.55,165.09723103841145,168.0429538380016,25.8,23.6,28.51,2.44,2026,False,466348475.31940764,True,20-25%
QUESS,2023-11-10,429.0987548828125,424.48278707747613,333.27162200593875,22.33,27.37,385.83497314453126,371.67421791770244,11.21,15.45,9.51,3.59,2023,True,146929931.46431732,True,15-20%
RALLIS,2019-11-22,174.1962127685547,170.0762308376759,128.8869993594298,26.01,31.96,147.09405517578125,146.00507458773527,18.43,19.31,12.05,2.57,2019,True,45589399.12996826,False,15-20%
RALLIS,2023-12-08,245.68966674804688,234.38745333275105,182.8726741250833,25.57,28.17,208.89123026529947,202.87582397460938,17.62,21.1,6.58,3.05,2023,True,669906252.8478272,True,20-25%
RAMCOCEM,2023-05-19,837.8961791992188,777.0323233002098,636.0425094985433,24.09,22.17,713.8946940104166,720.2561062899503,17.37,16.33,14.02,6.15,2023,True,496105431.47998655,True,15-20%
RATNAMANI,2022-03-25,1526.7752685546875,1525.7952175903,1212.481537019186,20.59,25.84,1377.6233439127604,1366.6548212224786,10.83,11.72,9.36,5.46,2022,True,86541943.03673705,True,10-15%
RBLBANK,2018-06-15,541.1827392578125,531.7561171951065,428.5954375778368,20.8,24.07,489.00132446289064,493.49715562300247,10.67,9.66,3.92,2.25,2018,True,586739265.5882477,True,5-10%
RCF,2022-04-01,87.5492172241211,82.04267979692872,61.08085225119329,30.23,34.32,71.60148289998372,71.49865384535356,22.27,22.45,15.78,8.48,2022,True,821388379.5741081,True,20-25%
RCF,2023-10-20,131.3459014892578,128.81727439656834,96.51753973353475,26.52,33.47,108.55638707478842,107.99940698797053,20.99,21.62,15.54,3.21,2023,True,993257504.5718807,True,20-25%
RHIM,2023-12-22,801.7449951171875,778.0193529969247,599.8055099362809,25.19,29.71,694.101005045573,675.3378018465909,15.51,18.72,1.89,2.88,2023,True,205756372.55935365,True,15-20%
RITES,2022-09-02,130.64329528808594,128.21508040396674,97.48561568776488,25.38,31.52,110.24691212972006,111.40234877846457,18.5,17.27,13.9,2.7,2022,True,79738356.3517807,True,15-20%
ROUTE,2024-06-28,1782.3126220703125,1692.7108478098041,1354.8177157393945,23.99,24.94,1536.1077107747396,1532.4361794211648,16.03,16.31,2.38,42.51,2024,True,1289526169.9294922,True,15-20%
RUPA,2024-08-02,305.05352783203125,296.3766904900789,221.16137455788393,27.5,34.01,262.04898935953776,260.8735282204368,16.41,16.94,1.67,7.58,2024,False,233398140.32460633,True,15-20%
SAFARI,2025-11-28,2429.800048828125,2337.3372013869957,1990.3320741197795,18.09,17.43,2175.0608846028645,2144.2802762118254,11.71,13.32,2.38,2.72,2025,False,154584685.2074768,True,10-15%
SAIL,2023-09-08,95.67076110839844,94.31647606951209,75.06624185606445,21.54,25.64,83.35637435913085,82.59700306979093,14.77,15.83,7.92,2.34,2023,True,1923114497.6651986,True,15-20%
SBFC,2025-04-25,106.1500015258789,99.44999694824219,77.61000061035156,26.89,28.14,87.88666636149088,86.65590858459473,20.78,22.5,22.02,2.52,2025,True,338038364.56776124,True,20-25%
SBICARD,2025-02-01,819.6212158203125,812.1199848670042,655.5379741944945,20.02,23.89,724.0459106445312,722.3072884299538,13.2,13.47,14.64,3.17,2025,True,1381621126.9521027,True,10-15%
SBILIFE,2022-07-29,1284.817138671875,1238.4416504988008,994.2210127796782,22.62,24.56,1125.8814697265625,1136.9531860351562,14.12,13.01,11.81,2.46,2022,True,1479989741.6569824,True,10-15%
SCHAEFFLER,2023-09-08,3488.734619140625,3213.8896306085094,2619.6609044205907,24.91,22.68,2918.583642578125,2838.5452769886365,19.54,22.91,11.75,3.06,2023,True,329887381.917627,True,20-25%
SCHAEFFLER,2024-05-03,3713.850830078125,3386.2418383723216,2548.632185682289,31.37,32.87,2994.8361083984373,3020.1300215287642,24.01,22.97,11.89,3.54,2024,True,455364639.13753664,True,20-25%
SHANKARA,2023-08-11,796.863525390625,778.9423879849709,596.8757452813105,25.1,30.5,680.8243815104166,683.6510717218572,17.04,16.56,7.38,4.15,2023,False,95558535.679599,True,15-20%
SHARDACROP,2022-01-21,362.857177734375,360.51335359963315,273.26693585488977,24.69,31.93,317.333979288737,314.33675037730825,14.35,15.44,6.84,5.24,2022,False,140317689.18105775,True,15-20%
SHOPERSTOP,2024-07-12,851.5,807.0,667.4000244140625,21.62,20.92,738.0016662597657,718.2284088134766,15.38,18.56,1.75,9.08,2024,True,141312097.4344055,True,15-20%
SHRIRAMFIN,2020-02-07,216.06385803222656,214.35034914659505,164.5861509555657,23.83,30.24,191.09406229654948,191.78951714255592,13.07,12.66,6.75,4.48,2020,True,1835016524.4512649,True,10-15%
SHRIRAMFIN,2023-06-23,321.6383972167969,277.8755058631129,225.0540021146867,30.03,23.47,249.50554809570312,244.83602835915306,28.91,31.37,24.09,8.28,2023,True,3080350930.000366,True,>25%
SHYAMMETL,2023-06-16,336.73602294921875,329.370517058455,250.34720967282306,25.65,31.57,290.97161254882815,290.89664459228516,15.73,15.76,9.08,5.53,2023,True,134968287.950325,True,15-20%
SIEMENS,2026-04-17,3707.89990234375,3440.0,2826.0,23.78,21.73,3160.216658528646,3155.7749855735087,17.33,17.5,20.9,2.36,2026,True,1750442826.8075194,True,15-20%
SJVN,2022-09-16,28.9741153717041,28.794150390625,22.900347421489126,20.96,25.74,25.57580629984538,25.606786901300605,13.29,13.15,11.23,3.03,2022,True,115430807.73787174,True,10-15%
SOUTHBANK,2025-05-16,27.180944442749023,26.88496359353943,21.97167460436298,19.17,22.36,24.41483523050944,24.570110494440254,11.33,10.63,4.6,2.44,2025,False,423632005.21103704,True,10-15%
SRF,2025-02-01,2813.705078125,2685.915811605866,2117.559636049073,24.74,26.84,2394.088175455729,2401.2016989968038,17.53,17.18,17.69,2.53,2025,True,3430199114.440442,True,15-20%
STAR,2017-02-03,1041.7293701171875,1030.6987347991571,800.4919103879373,23.16,28.76,930.6600463867187,941.4634954279119,11.93,10.65,4.63,3.53,2017,True,533749739.18777466,True,10-15%
STARCEMENT,2025-08-01,241.89364624023438,240.05847520896268,195.50877632635738,19.18,22.79,214.32823994954427,211.12993933937767,12.86,14.57,12.8,2.09,2025,False,128766931.29541549,True,10-15%
SUDARSCHEM,2019-10-27,386.545166015625,375.7681139532789,278.71165524715934,27.9,34.82,318.05898234049477,315.22278872403234,21.53,22.63,17.62,2.61,2019,True,52387998.43973084,True,20-25%
SUMICHEM,2024-05-31,461.8841857910156,444.3014116546239,334.81996861303827,27.51,32.7,391.3104237874349,397.1357553655451,18.04,16.3,6.04,11.81,2024,True,634755086.670407,True,15-20%
SUMICHEM,2025-07-18,604.919189453125,578.273381731828,445.29394250191467,26.39,29.86,517.6716725667318,524.5088979547673,16.85,15.33,11.68,2.38,2025,True,310130222.5798828,True,15-20%
SUPRAJIT,2023-03-03,373.8489990234375,358.19448929768953,310.48414939809066,16.95,15.37,329.0163045247396,327.0117527354847,13.63,14.32,11.54,2.24,2023,True,81402313.61692658,True,10-15%
SUPRAJIT,2024-06-07,470.4832763671875,451.13484343475494,352.0897267799461,25.16,28.13,401.43446044921876,397.1285414262251,17.2,18.47,5.46,5.63,2024,True,203400104.49590605,True,15-20%
SUPREMEIND,2019-09-27,1124.9434814453125,1107.6466368245142,877.079991524286,22.03,26.29,1020.9171997070313,1007.7818978049538,10.19,11.63,9.38,2.17,2019,True,53334348.72800598,True,10-15%
SUVENPHAR,2023-08-18,520.5,510.95001220703125,463.29998779296875,10.99,10.28,481.5350006103516,476.18749930641866,8.09,9.31,3.54,5.97,2023,True,353061379.6455765,True,5-10%
SWANCORP,2020-02-07,139.06724548339844,129.5434446025028,97.23238553066722,30.08,33.23,107.68544082641601,106.9228406385942,29.14,30.06,24.76,2.26,2020,False,13625073.825631713,False,>25%
SWANENERGY,2020-02-07,139.45,129.9,97.5,30.08,33.23,107.94666666666666,107.22272727272728,29.18,30.06,24.75,2.26,2020,True,13662574.502500001,False,>25%
SWSOLAR,2023-07-21,365.04998779296875,338.3999938964844,262.0,28.23,29.16,295.084999593099,294.4238641912287,23.71,23.99,12.96,10.83,2023,True,805130102.046579,True,20-25%
SYMPHONY,2020-02-07,1270.4984130859375,1243.2554332614493,999.9287654761584,21.3,24.33,1141.735929361979,1164.1105846058238,11.28,9.14,3.95,5.0,2020,True,61933589.54968872,True,5-10%
SYMPHONY,2022-04-08,1149.9178466796875,1103.8695390947728,859.1088179692244,25.29,28.49,985.9460917154948,975.6177201704545,16.63,17.87,8.86,2.57,2022,True,149782001.18348998,True,15-20%
SYNGENE,2019-05-31,331.0865783691406,310.69795391055237,247.18432898193927,25.34,25.69,288.52174784342446,290.21555883234197,14.75,14.08,5.57,2.21,2019,True,135309329.89520875,True,10-15%
SYNGENE,2023-04-28,671.4945678710938,642.7303992786746,540.568036161158,19.5,18.9,587.0552205403645,582.3132726495916,14.38,15.32,11.91,4.23,2023,True,475563467.2531006,True,15-20%
TATACHEM,2020-01-17,291.9647216796875,271.12263297337563,212.13198653268176,27.34,27.81,241.9802230834961,236.70096622813833,20.66,23.35,16.12,2.28,2020,False,690293260.5428253,True,20-25%
TATACHEM,2024-03-07,1263.215087890625,1095.8589145808337,896.0879409882587,29.06,22.29,985.1684773763021,973.7990001331676,28.22,29.72,14.41,13.77,2024,True,5184957044.001813,True,>25%
TATACOMM,2025-10-10,1853.346923828125,1802.3110609423077,1436.107934603768,22.51,25.5,1620.8317545572916,1603.6200894442472,14.35,15.57,9.08,7.99,2025,True,1762549986.0717347,True,15-20%
TATACONSUM,2023-06-16,843.4022827148438,806.3033846645698,663.9863064322639,21.27,21.43,731.3885498046875,740.3708246404475,15.32,13.92,6.73,3.31,2023,True,1423117656.2128081,True,10-15%
TATACONSUM,2026-05-15,1223.6458740234375,1210.6558206616423,998.7489642211792,18.38,21.22,1135.7628824869792,1119.7455388849432,7.74,9.28,15.81,4.12,2026,True,3193958276.5412416,True,5-10%
TATAINVEST,2020-02-07,85.22684478759766,84.19226931648505,65.67264776078434,22.94,28.2,73.21933263142904,74.05686950683594,16.4,15.08,10.51,4.2,2020,True,51156970.554424286,True,15-20%
TATAINVEST,2022-09-02,159.8822479248047,151.7578943764291,117.53503919826154,26.49,29.12,135.771137491862,136.02308776161888,17.76,17.54,15.07,2.09,2022,True,68642479.31069183,True,15-20%
TATAINVEST,2025-09-26,862.153564453125,759.0851466096458,568.3269215404912,34.08,33.56,656.8660522460938,647.7000427246094,31.25,33.11,29.92,20.19,2025,True,4070843837.31131,True,>25%
TATAMTRDVR,2023-05-12,262.45,250.55,190.0,27.61,31.87,223.11500000000004,221.5056818181818,17.63,18.48,14.27,2.97,2023,True,774433867.0799999,True,15-20%
TCI,2018-08-17,335.1856994628906,313.7510698913821,234.0028919459541,30.19,34.08,265.72105560302737,267.11171132867986,26.14,25.49,15.5,3.81,2018,False,68110158.56830749,True,>25%
TEAMLEASE,2023-12-22,2906.0,2797.0,2180.10009765625,24.98,28.3,2478.081681315104,2414.3386396928267,17.27,20.36,5.94,5.77,2023,True,222501575.30063477,True,20-25%
TECHM,2026-01-23,1701.0999755859375,1680.699951171875,1377.4771535123537,19.02,22.01,1510.1908854166666,1496.8374661532316,12.64,13.65,11.8,2.29,2026,True,3182098176.659784,True,10-15%
THERMAX,2019-09-27,1118.1331787109375,1111.242110261635,894.2621487549652,20.02,24.26,992.8269653320312,1006.9985892555931,12.62,11.04,8.02,3.03,2019,True,96454181.52243653,True,10-15%
TIMKEN,2026-05-22,3750.199951171875,3679.60009765625,2800.5,25.32,31.39,3232.8933268229166,3160.8590864701705,16.0,18.64,23.81,3.26,2026,True,311793816.5854126,True,15-20%
TMB,2025-10-31,491.1670227050781,454.7205257981067,405.09227596916213,17.52,12.25,429.1399271647135,423.45547624067825,14.45,15.99,8.47,7.37,2025,False,87034030.78714447,True,15-20%
TORNTPHARM,2020-01-17,917.6781616210938,887.7880523805462,664.1258638191689,27.63,33.68,792.7666341145833,786.9803369695491,15.76,16.61,7.97,2.26,2020,True,385582353.5767273,True,15-20%
TORNTPHARM,2023-06-02,1719.3934326171875,1652.2121135567106,1398.3343114815063,18.67,18.16,1528.0410685221354,1516.6374234286222,12.52,13.37,8.64,5.44,2023,True,990180317.531073,True,10-15%
TORNTPOWER,2019-07-05,249.23629760742188,243.76689026098066,189.7869046502369,23.85,28.44,209.41170756022134,207.58946817571467,19.02,20.06,14.46,3.35,2019,True,486958093.3215645,True,20-25%
TORNTPOWER,2026-04-24,1693.634033203125,1599.4601513768484,1214.860303401947,28.27,31.66,1362.8913492838542,1344.0981972434304,24.27,26.01,30.93,2.1,2026,True,1219481903.910199,True,>25%
TRIVENI,2023-09-08,336.4342956542969,320.95572528535513,241.0541406222125,28.35,33.15,276.1633778889974,274.4761310924183,21.82,22.57,14.06,2.64,2023,True,392227401.54048,True,20-25%
TVSSRICHAK,2020-12-11,1970.6466064453125,1589.1571982537562,1264.105572911598,35.85,25.71,1405.6486897786458,1311.5446208607066,40.19,50.25,19.74,16.01,2020,False,116286778.60962525,True,>25%
UFLEX,2024-06-21,509.8000183105469,492.9760465394596,370.0280712800314,27.42,33.23,443.5715362548828,440.6383722478693,14.93,15.7,4.3,9.58,2024,False,112127483.67476043,True,15-20%
ULTRACEMCO,2019-04-26,4459.89892578125,4145.525134313067,3154.3243179875253,29.27,31.42,3738.4612060546874,3819.6063232421875,19.3,16.76,9.72,3.98,2019,True,2830317791.8103395,True,15-20%
UNITDSPR,2023-07-21,1017.41455078125,930.1209870399035,715.3383108175485,29.69,30.03,807.1753316243489,823.8467254638672,26.05,23.5,13.34,3.61,2023,True,1281643152.585092,True,20-25%
VGUARD,2019-05-31,235.5277862548828,230.13847175011267,178.09028456067972,24.39,29.23,205.35569559733074,200.38907623291016,14.69,17.54,9.46,5.66,2019,True,246815023.1800316,True,15-20%
VGUARD,2023-06-30,279.3962707519531,269.50613129534753,226.53351428379523,18.92,18.97,251.38741912841797,249.84950395063922,11.14,11.83,4.97,6.0,2023,True,114369707.58370285,True,10-15%
VIJAYA,2026-05-01,1129.5999755859375,1112.4000244140625,848.0,24.93,31.18,993.3716654459636,1008.6855205189098,13.71,11.99,17.65,2.11,2026,True,178843543.09151,True,10-15%
VOLTAS,2023-12-22,935.972900390625,903.2790784421668,735.8587663328886,21.38,22.75,817.1729329427084,819.5763522061435,14.54,14.2,1.02,4.28,2023,True,1974813805.919632,True,10-15%
VSTIND,2023-08-04,304.0029296875,302.5938351374872,237.6647960327975,21.82,27.32,269.5927505493164,273.66794828935105,12.76,11.08,3.44,2.95,2023,False,28997136.759362794,False,10-15%
WHIRLPOOL,2019-09-20,1776.692626953125,1640.2884232134154,1297.892001739134,26.95,26.38,1488.849239095052,1452.071083762429,19.33,22.36,21.4,2.9,2019,True,146712293.59364623,True,20-25%
WHIRLPOOL,2023-10-13,1703.8707275390625,1692.2939854973677,1279.4276313761734,24.91,32.27,1462.964823404948,1434.7769664417613,16.47,18.76,10.13,2.57,2023,True,205394614.5870239,True,15-20%
WIPRO,2023-12-22,216.38272094726562,210.23243605865005,175.41194505097747,18.93,19.85,190.18435312906902,186.1664678400213,13.78,16.23,2.46,2.44,2023,True,3498358141.370369,True,15-20%
YESBANK,2022-04-08,15.649999618530273,14.949999809265137,12.100000381469727,22.68,23.55,13.32833325068156,13.097727190364491,17.42,19.49,11.04,3.83,2022,True,2862471746.620897,True,15-20%
YESBANK,2023-11-17,20.799999237060547,19.100000381469727,15.5,25.48,23.23,17.001666577657065,16.784090887416493,22.34,23.93,14.12,2.42,2023,True,4510654234.2046995,True,20-25%
ZENTEC,2023-02-17,234.9714813232422,225.53665878252676,174.75690995223914,25.63,29.06,197.12718404134114,190.91372403231534,19.2,23.08,17.5,7.98,2023,False,215397110.76516265,True,20-25%
ZFCVINDIA,2020-01-31,1125.1455078125,1114.1035500342327,976.9139706213978,13.17,14.04,1033.4291931152343,1031.4682755903764,8.87,9.08,5.49,3.1,2020,True,47247031.71774902,False,5-10%
ZYDUSWELL,2019-08-02,283.9566345214844,276.38403424445164,233.9246143776505,17.62,18.15,257.9209650675456,254.10258865356445,10.09,11.75,10.39,4.01,2019,True,23584098.983917236,False,10-15%
