entry_date,exit_date,symbol,trade_ret,exit_reason,hold_days,pnl
2018-01-22,2018-02-06,GRAPHITE,-0.212500,atr_stop,10,-32326.17
2018-01-22,2018-02-05,HEG,-0.182000,atr_stop,9,-27578.82
2018-01-22,2018-02-06,HFCL,-0.291200,atr_stop,10,-28.43
2018-01-22,2018-02-06,HSCL,-0.164300,trailing,10,-25173.25
2018-01-22,2018-02-06,JAICORPLTD,-0.231700,atr_stop,10,-21090.11
2018-01-22,2018-02-05,KOLTEPATIL,-0.157400,atr_stop,9,-24354.87
2018-01-22,2018-04-26,SUNTECK,0.004700,time_exit,63,323.05
2018-01-22,2018-02-06,UNOMINDA,-0.187900,atr_stop,10,-29019.15
2018-02-06,2018-02-21,HEG,0.224600,target,10,25632.60
2018-02-06,2018-02-21,KOLTEPATIL,0.113400,trailing,10,13159.72
2018-02-06,2018-04-25,PCJEWELLER,-0.359800,atr_stop,52,-27.45
2018-02-06,2018-02-21,RADICO,0.004800,trailing,10,33.26
2018-02-07,2018-02-22,GRAPHITE,-0.008200,trailing,10,-1261.56
2018-02-07,2018-02-22,HFCL,0.068400,trailing,10,6.73
2018-02-07,2018-02-22,HSCL,-0.006300,trailing,10,-987.48
2018-02-07,2018-02-22,JAICORPLTD,0.014500,trailing,10,946.72
2018-02-07,2018-02-22,UNOMINDA,-0.023100,trailing,10,-3307.44
2018-02-22,2018-03-09,HEG,0.016600,trailing,10,1553.35
2018-02-22,2018-03-09,KOLTEPATIL,-0.041900,trailing,10,-2628.44
2018-02-22,2018-03-09,RADICO,-0.021100,trailing,10,-2803.47
2018-02-22,2018-03-16,VAKRANGEE,0.224600,target,15,40.00
2018-02-23,2018-03-15,GRAPHITE,0.224600,target,13,25506.42
2018-02-23,2018-03-12,HFCL,-0.036400,trailing,10,-1.07
2018-02-23,2018-03-12,HSCL,-0.041900,trailing,10,-5443.02
2018-02-23,2018-05-29,JAICORPLTD,-0.136300,time_exit,63,-8576.84
2018-02-23,2018-03-14,UNOMINDA,0.012900,trailing,12,1368.02
2018-03-12,2018-03-26,HEG,0.224600,target,10,26129.46
2018-03-12,2018-03-26,KOLTEPATIL,-0.088500,trailing,10,-3893.42
2018-03-12,2018-03-28,RADICO,0.014500,trailing,12,1478.27
2018-03-13,2018-03-27,HSCL,0.010800,trailing,10,963.06
2018-03-15,2018-06-14,HFCL,0.222500,target,62,23.48
2018-03-15,2018-06-01,UNOMINDA,0.118900,trailing,53,15603.38
2018-03-16,2018-03-28,DELTACORP,-0.201300,atr_stop,8,-1253.90
2018-03-16,2018-06-01,GRAPHITE,0.098500,trailing,52,12858.63
2018-03-19,2018-05-14,TATACONSUM,-0.062200,trailing,37,-16.39
2018-03-27,2018-05-18,HEG,0.078100,trailing,35,10157.68
2018-03-27,2018-04-30,KOLTEPATIL,0.078200,trailing,22,3642.88
2018-03-28,2018-06-05,HSCL,-0.224400,atr_stop,46,-26724.31
2018-04-02,2018-04-17,MINDACORP,-0.009100,trailing,11,-2.02
2018-04-02,2018-04-19,RADICO,0.222500,target,13,28604.47
2018-04-18,2018-05-03,COFORGE,0.126600,trailing,10,21.21
2018-04-20,2018-05-10,JUBLFOOD,0.009800,trailing,13,141.05
2018-04-20,2018-06-01,RADICO,0.029200,trailing,29,3689.86
2018-04-26,2018-06-28,DELTACORP,-0.232700,atr_stop,44,-59.85
2018-04-27,2018-07-13,BIOCON,-0.105200,atr_stop,54,-14707.25
2018-04-27,2018-05-14,VIPIND,-0.007500,trailing,10,-160.33
2018-05-02,2018-06-20,KOLTEPATIL,-0.193500,atr_stop,35,-10207.96
2018-05-04,2018-05-28,COFORGE,0.022000,trailing,16,3.68
2018-05-11,2018-07-03,SONATSOFTW,-0.164500,atr_stop,37,-3305.42
2018-05-15,2018-05-29,JUBLFOOD,0.054400,trailing,10,818.30
2018-05-21,2018-07-05,HEG,0.052800,trailing,33,6828.95
2018-05-21,2018-06-19,VIPIND,0.073100,trailing,21,594.71
2018-05-29,2018-06-28,COFORGE,-0.008100,trailing,22,-2.07
2018-05-30,2018-06-18,FSL,0.091300,trailing,13,4.98
2018-05-30,2018-07-06,JUBLFOOD,0.040900,trailing,27,2674.75
2018-06-04,2018-07-26,BAJAJELEC,0.095300,trailing,38,13013.79
2018-06-04,2018-06-18,GRAPHITE,-0.014700,trailing,10,-2436.50
2018-06-04,2018-07-16,RADICO,-0.210500,atr_stop,30,-30021.06
2018-06-04,2018-07-11,TITAN,-0.107400,atr_stop,27,-1742.79
2018-06-06,2018-09-05,TECHM,0.110300,time_exit,63,9872.83
2018-06-19,2018-07-04,FSL,-0.176100,atr_stop,11,-459.16
2018-06-19,2018-07-05,GRAPHITE,0.224600,target,12,30279.88
2018-06-20,2018-07-04,VIPIND,-0.044400,trailing,10,-409.87
2018-06-21,2018-07-26,INTELLECT,-0.034100,trailing,25,-7.14
2018-06-21,2018-07-17,MPHASIS,0.081900,trailing,18,3320.65
2018-06-29,2018-08-06,COFORGE,0.224600,target,26,86.33
2018-07-04,2018-08-03,SONATSOFTW,0.109300,trailing,22,1776.78
2018-07-05,2018-07-19,FSL,0.071400,trailing,10,714.96
2018-07-06,2018-07-24,GRAPHITE,0.008400,trailing,12,815.61
2018-07-06,2018-07-24,HEG,0.091900,trailing,12,12566.50
2018-07-06,2018-08-03,VIPIND,0.222500,target,20,6271.55
2018-07-09,2018-07-25,JUBLFOOD,0.014500,trailing,12,861.97
2018-07-12,2018-07-19,JINDALSTEL,-0.173700,atr_stop,5,-191.92
2018-07-12,2018-09-05,LUXIND,-0.125200,atr_stop,37,-1683.76
2018-07-16,2018-09-04,BIOCON,-0.009100,trailing,34,-1425.77
2018-07-17,2018-07-31,RADICO,0.222500,target,10,24426.79
2018-07-18,2018-08-08,MPHASIS,0.010700,trailing,15,360.09
2018-07-20,2018-08-06,FSL,0.009600,trailing,11,89.47
2018-07-25,2018-08-20,GRAPHITE,0.079500,trailing,17,11260.82
2018-07-25,2018-08-13,HEG,0.057900,trailing,13,8137.60
2018-07-26,2018-09-04,JUBLFOOD,0.015700,trailing,26,965.64
2018-07-27,2018-08-10,INTELLECT,0.222500,target,10,32941.79
2018-07-27,2018-09-03,LTTS,0.222500,target,24,603.31
2018-07-27,2018-09-27,TAKE,-0.286200,atr_stop,40,-256.17
2018-08-01,2018-09-03,RADICO,0.066200,trailing,21,8608.28
2018-08-06,2018-08-30,SONATSOFTW,0.048100,trailing,16,2430.80
2018-08-07,2018-09-11,COFORGE,0.006400,trailing,23,50.63
2018-08-07,2018-09-12,FSL,0.035800,trailing,24,1.82
2018-08-09,2018-09-04,VIPIND,0.041600,trailing,16,1739.42
2018-08-13,2018-09-21,MPHASIS,0.025400,trailing,25,3553.34
2018-08-13,2018-08-30,TEAMLEASE,-0.012100,trailing,11,-372.62
2018-08-14,2018-09-27,HEG,-0.170600,atr_stop,28,-27100.75
2018-08-21,2018-09-25,GRAPHITE,-0.178200,atr_stop,22,-28513.92
2018-08-31,2018-09-21,SONATSOFTW,0.105100,trailing,13,8306.14
2018-09-04,2018-09-21,RADICO,-0.170200,atr_stop,11,-25391.37
2018-09-05,2018-09-24,JUBLFOOD,-0.117500,atr_stop,11,-9900.48
2018-09-05,2018-09-21,VIPIND,-0.157000,atr_stop,10,-25436.98
2018-09-06,2018-09-24,INTELLECT,-0.119600,trailing,10,-94.33
2018-09-06,2018-10-08,LTTS,-0.135100,atr_stop,19,-15444.05
2018-09-12,2018-09-27,COFORGE,-0.139200,atr_stop,9,-1897.83
2018-09-14,2018-09-28,FSL,-0.152900,atr_stop,9,-35.83
2018-09-24,2018-10-09,MPHASIS,-0.118300,atr_stop,10,-17493.98
2018-09-24,2018-10-09,RADICO,-0.224500,atr_stop,10,-33150.85
2018-09-24,2018-10-05,SONATSOFTW,-0.190200,atr_stop,8,-12957.43
2018-09-24,2018-09-28,VIPIND,-0.189400,atr_stop,4,-28161.83
2018-09-25,2018-10-25,JUBLFOOD,-0.151100,atr_stop,20,-11252.65
2018-09-26,2018-10-17,GRAPHITE,0.222500,target,14,28323.00
2018-09-26,2018-11-05,INTELLECT,0.040900,trailing,26,17.57
2018-09-28,2018-10-15,COFORGE,-0.030000,trailing,10,-182.96
2018-09-28,2018-10-15,HEG,0.222500,target,10,29889.88
2018-10-01,2018-11-26,FSL,-0.201100,atr_stop,36,-740.03
2018-10-01,2018-10-19,VIPIND,0.043200,trailing,12,4676.81
2018-10-08,2018-10-23,SONATSOFTW,-0.080900,trailing,10,-4530.37
2018-10-09,2018-10-24,LTTS,-0.058300,trailing,10,-5885.55
2018-10-10,2018-11-12,BAJFINANCE,0.083500,trailing,21,32.91
2018-10-10,2018-10-25,MPHASIS,-0.095600,trailing,10,-12560.10
2018-10-10,2018-10-26,RADICO,0.124500,trailing,11,13439.19
2018-10-10,2018-10-12,TCS,-0.087400,atr_stop,2,-154.67
2018-10-15,2018-12-21,TCS,-0.021700,trailing,46,-38.57
2018-10-16,2018-11-01,COFORGE,0.087500,trailing,11,2369.91
2018-10-16,2019-01-17,HEG,-0.155200,time_exit,63,-22594.82
2018-10-19,2018-12-19,GRAPHITE,-0.162800,atr_stop,41,-23278.85
2018-10-19,2019-01-21,INFY,0.095100,time_exit,63,102.37
2018-10-19,2019-01-21,PFIZER,-0.071100,time_exit,63,-1100.14
2018-10-22,2018-11-05,VIPIND,0.026200,trailing,10,2821.46
2018-10-24,2018-11-20,SONATSOFTW,0.091400,trailing,18,4477.67
2018-10-25,2018-11-09,LTTS,0.151800,trailing,10,13520.59
2018-10-26,2018-12-03,JUBLFOOD,0.224600,target,24,10307.13
2018-10-26,2019-01-03,MPHASIS,-0.021800,trailing,46,-3200.69
2018-10-29,2018-11-14,RADICO,0.222500,target,11,27174.09
2018-11-02,2019-02-04,COFORGE,0.092700,time_exit,63,2740.13
2018-11-06,2018-11-21,INTELLECT,-0.048300,trailing,10,-12.27
2018-11-06,2018-12-06,VIPIND,0.117200,trailing,20,14061.77
2018-11-12,2019-02-11,LTTS,-0.086600,time_exit,63,-9247.00
2018-11-13,2019-02-12,TECHM,0.117200,time_exit,63,63.82
2018-11-15,2018-12-06,BAJFINANCE,0.062500,trailing,14,8429.63
2018-11-21,2019-01-22,JSWSTEEL,-0.150700,atr_stop,42,-9978.61
2018-11-22,2018-12-21,INTELLECT,-0.010800,trailing,20,-3.08
2018-11-27,2018-12-11,FSL,0.013900,trailing,10,33.30
2018-12-04,2019-01-28,BATAINDIA,0.031800,trailing,38,1648.10
2018-12-07,2019-01-08,BAJFINANCE,0.037500,trailing,21,4900.68
2018-12-07,2018-12-24,VIPIND,-0.020500,trailing,11,-3250.88
2018-12-12,2019-01-17,FSL,-0.007300,trailing,25,-74.41
2018-12-20,2019-02-18,DIVISLAB,0.048400,trailing,40,5360.52
2018-12-24,2019-01-31,INTELLECT,-0.224500,atr_stop,27,-103.73
2018-12-24,2019-02-18,TCS,0.035000,trailing,38,50.65
2018-12-26,2019-01-25,GRAPHITE,-0.261000,atr_stop,22,-36310.96
2019-01-04,2019-02-14,VIPIND,-0.178900,atr_stop,28,-23219.08
2019-01-09,2019-02-15,BAJFINANCE,0.004900,trailing,26,319.04
2019-01-18,2019-01-24,HEG,-0.164600,atr_stop,4,-22689.97
2019-01-22,2019-02-18,HINDUNILVR,0.002400,trailing,18,-3.50
2019-01-23,2019-05-02,HAVELLS,0.068300,time_exit,63,3595.64
2019-01-25,2019-01-28,HEG,-0.268500,atr_stop,1,-30745.25
2019-01-28,2019-04-05,TORNTPHARM,-0.011400,trailing,45,-1421.90
2019-01-29,2019-03-06,BATAINDIA,0.224600,target,24,27102.08
2019-01-29,2019-02-12,HEG,0.142100,trailing,10,2586.13
2019-01-31,2019-02-15,PRAJIND,0.036400,trailing,10,7.93
2019-02-01,2019-02-14,AARTIIND,-0.136600,atr_stop,8,-53.40
2019-02-05,2019-05-15,COFORGE,-0.034800,time_exit,63,-1239.13
2019-02-12,2019-05-03,LTTS,0.086100,trailing,50,7798.18
2019-02-14,2019-05-03,AUROPHARMA,0.043600,trailing,49,29.34
2019-02-14,2019-05-23,UBL,-0.010400,time_exit,63,-283.16
2019-02-15,2019-04-08,VIPIND,0.091800,trailing,33,9397.92
2019-02-18,2019-04-05,BAJFINANCE,0.224600,target,31,27017.31
2019-02-18,2019-03-07,PRAJIND,0.224600,target,12,3605.49
2019-02-19,2019-03-13,AARTIIND,0.044200,trailing,15,54.28
2019-02-19,2019-05-08,DIVISLAB,0.061600,trailing,49,7147.78
2019-02-19,2019-05-28,HINDUNILVR,0.014400,time_exit,63,199.74
2019-03-05,2019-03-19,BALRAMCHIN,-0.031900,trailing,10,-4.33
2019-03-07,2019-05-06,BATAINDIA,0.020100,trailing,36,2221.99
2019-03-07,2019-04-02,NAUKRI,0.029600,trailing,16,599.38
2019-03-08,2019-05-07,PRAJIND,-0.199100,atr_stop,36,-4035.13
2019-03-14,2019-04-25,AXISBANK,0.000200,trailing,26,-1.76
2019-03-20,2019-04-08,BALRAMCHIN,0.027700,trailing,11,18.18
2019-04-03,2019-04-26,NAUKRI,0.046800,trailing,15,1003.91
2019-04-08,2019-07-08,BAJFINANCE,0.091900,trailing,60,11964.57
2019-04-08,2019-05-09,TORNTPHARM,-0.096400,atr_stop,19,-11315.80
2019-04-09,2019-05-07,BALRAMCHIN,0.071000,trailing,16,7943.17
2019-04-26,2019-06-07,MUTHOOTFIN,0.053500,trailing,27,26.43
2019-04-30,2019-05-31,NAUKRI,0.070900,trailing,22,1631.91
2019-05-03,2019-06-17,AXISBANK,0.030200,trailing,30,1592.40
2019-05-03,2019-07-01,PFC,0.126400,trailing,40,78.65
2019-05-06,2019-05-09,RELIANCE,-0.102100,atr_stop,3,-10622.32
2019-05-07,2019-07-09,BATAINDIA,0.013500,trailing,44,1408.45
2019-05-08,2019-06-06,BALRAMCHIN,0.059000,trailing,20,7360.38
2019-05-08,2019-06-06,PRAJIND,0.222500,target,20,2165.35
2019-05-09,2019-05-27,DIVISLAB,-0.041900,trailing,12,-5703.74
2019-05-09,2019-07-08,WIPRO,-0.086200,atr_stop,41,-11.89
2019-05-10,2019-07-08,HAVELLS,0.014700,trailing,40,776.33
2019-05-10,2019-06-17,RELIANCE,0.012700,trailing,25,1300.08
2019-05-16,2019-05-30,DCMSHRIRAM,0.099600,trailing,10,3117.38
2019-05-24,2019-07-09,RECLTD,-0.049100,trailing,31,-1115.28
2019-05-28,2019-08-05,DIVISLAB,-0.015000,trailing,48,-2147.10
2019-05-29,2019-06-20,UPL,-0.142600,atr_stop,15,-2579.15
2019-05-31,2019-07-24,DCMSHRIRAM,-0.240000,atr_stop,37,-8547.50
2019-06-03,2019-06-18,NAUKRI,0.023300,trailing,10,523.75
2019-06-07,2019-07-18,BALRAMCHIN,-0.025200,trailing,29,-3821.54
2019-06-07,2019-07-11,PRAJIND,-0.169700,atr_stop,24,-2216.47
2019-06-18,2019-09-19,MUTHOOTFIN,-0.064100,time_exit,63,-8980.91
2019-06-18,2019-07-08,SRF,0.001600,trailing,14,-53.27
2019-06-19,2019-07-12,NAUKRI,0.034500,trailing,17,818.51
2019-06-21,2019-07-12,UPL,0.069100,stale,15,1019.90
2019-07-02,2019-07-16,PFC,-0.019300,trailing,10,-19.86
2019-07-09,2019-07-11,INDIGO,-0.141400,atr_stop,2,-18957.57
2019-07-09,2019-10-14,SRF,-0.088200,time_exit,63,-12193.46
2019-07-10,2019-09-23,BATAINDIA,0.224600,target,49,4292.57
2019-07-10,2019-07-24,RECLTD,0.025900,trailing,10,3071.14
2019-07-12,2019-07-26,PRAJIND,-0.123200,trailing,10,-15580.98
2019-07-15,2019-07-29,INDIGO,0.224600,target,10,9469.77
2019-07-17,2019-07-29,PFC,-0.127800,atr_stop,8,-140.68
2019-07-19,2019-08-08,BALRAMCHIN,-0.194800,atr_stop,14,-25822.26
2019-07-19,2019-07-30,MANAPPURAM,-0.168400,atr_stop,7,-19.75
2019-07-19,2019-09-12,NAUKRI,-0.166300,atr_stop,35,-441.06
2019-07-25,2019-08-08,DCMSHRIRAM,-0.104000,trailing,10,-3459.41
2019-07-25,2019-09-16,RECLTD,-0.005500,trailing,33,-1045.67
2019-07-29,2019-09-19,PRAJIND,0.049000,trailing,34,5039.79
2019-07-30,2019-10-07,INDIGO,0.139300,trailing,44,7083.59
2019-07-30,2019-10-10,PFC,-0.165800,atr_stop,46,-207.54
2019-07-31,2019-08-22,MANAPPURAM,0.083700,trailing,14,7.77
2019-08-06,2019-08-29,PIIND,0.015600,trailing,15,1561.05
2019-08-09,2019-08-28,BALRAMCHIN,0.054800,trailing,11,5631.36
2019-08-09,2019-09-19,DCMSHRIRAM,0.007400,trailing,25,124.12
2019-08-23,2019-09-27,MANAPPURAM,0.224600,target,23,68.49
2019-08-29,2019-09-20,BALRAMCHIN,0.222500,target,14,24975.36
2019-08-30,2019-10-01,PIIND,0.139000,trailing,20,16506.36
2019-09-13,2019-09-30,GODREJPROP,0.090900,trailing,11,167.59
2019-09-13,2019-10-04,NAUKRI,0.224600,target,14,81.53
2019-09-17,2019-10-04,JUSTDIAL,-0.166000,atr_stop,12,-21510.60
2019-09-17,2019-12-19,RECLTD,-0.045000,time_exit,63,-18.36
2019-09-20,2019-10-14,BAJFINANCE,0.146000,trailing,14,19076.39
2019-09-20,2019-10-14,MUTHOOTFIN,0.126300,trailing,14,16254.85
2019-09-20,2019-10-07,NAM-INDIA,0.222500,target,10,168.43
2019-09-23,2019-10-09,BALRAMCHIN,-0.046400,trailing,10,-6794.06
2019-09-24,2019-12-27,BATAINDIA,-0.017400,time_exit,63,-457.51
2019-09-24,2019-11-08,TRENT,-0.001800,trailing,30,-2.25
2019-09-30,2019-11-13,MANAPPURAM,0.138700,trailing,28,86.21
2019-10-01,2019-11-20,GODREJPROP,-0.170200,atr_stop,32,-357.26
2019-10-03,2019-10-18,PIIND,0.010300,trailing,10,1043.26
2019-10-07,2019-10-29,JUSTDIAL,-0.016400,trailing,14,-2049.18
2019-10-09,2019-10-25,INDIGO,-0.185400,atr_stop,11,-11137.89
2019-10-09,2019-10-24,NAM-INDIA,0.224600,target,10,153.42
2019-10-10,2019-10-25,BALRAMCHIN,-0.004400,trailing,10,-921.17
2019-10-11,2019-11-05,NAUKRI,0.090100,trailing,16,78.11
2019-10-15,2019-12-02,BAJFINANCE,0.013200,trailing,32,1405.05
2019-10-15,2019-11-04,HDFCLIFE,0.020100,trailing,13,2319.31
2019-10-15,2019-11-08,MUTHOOTFIN,0.036900,trailing,17,4531.35
2019-10-15,2019-11-08,SRF,0.224600,target,17,5581.95
2019-10-22,2020-01-02,PIIND,0.114900,trailing,50,15319.31
2019-10-25,2019-11-08,NAM-INDIA,-0.007400,trailing,10,-15.84
2019-10-27,2019-11-11,BALRAMCHIN,-0.032200,trailing,10,-1491.85
2019-10-27,2019-11-18,INDIGO,-0.005700,trailing,14,-1134.40
2019-10-30,2019-11-19,CREDITACC,0.222500,target,13,23164.36
2019-11-05,2020-01-16,HDFCLIFE,0.018300,trailing,50,2106.87
2019-11-06,2019-11-22,SIEMENS,-0.114200,atr_stop,11,-111.27
2019-11-11,2019-11-29,NAM-INDIA,0.120700,trailing,13,16084.27
2019-11-11,2020-01-27,TRENT,0.107300,trailing,53,3538.41
2019-11-13,2019-11-27,BPCL,-0.016700,trailing,10,-12.74
2019-11-13,2019-11-29,LALPATHLAB,0.058600,trailing,12,2285.74
2019-11-14,2019-11-28,MANAPPURAM,-0.025000,trailing,10,-19.92
2019-11-19,2020-02-17,INDIGO,-0.003900,time_exit,63,-867.79
2019-11-19,2020-02-13,NAUKRI,0.050800,trailing,61,25.66
2019-11-20,2020-01-30,CREDITACC,-0.005300,trailing,50,-1016.75
2019-11-21,2020-01-06,BERGEPAINT,0.008700,trailing,31,11.91
2019-11-25,2020-01-28,SIEMENS,0.007600,trailing,45,4.20
2019-11-28,2020-02-27,BPCL,-0.124200,time_exit,63,-82.29
2019-11-29,2020-02-04,MANAPPURAM,0.081700,trailing,46,55.99
2019-12-02,2019-12-16,LALPATHLAB,-0.082700,trailing,10,-4621.83
2019-12-02,2020-02-17,NAM-INDIA,0.060500,trailing,54,8153.80
2019-12-03,2020-01-06,BAJFINANCE,0.013400,trailing,23,1443.65
2019-12-17,2020-01-22,LALPATHLAB,0.087400,trailing,25,4195.27
2019-12-30,2020-02-03,ICICIPRULI,-0.090000,atr_stop,25,-179.31
2019-12-30,2020-02-10,WHIRLPOOL,-0.008800,trailing,30,-239.76
2020-01-03,2020-02-27,PIIND,0.055600,trailing,38,7361.39
2020-01-07,2020-01-22,BERGEPAINT,0.096300,trailing,11,12891.26
2020-01-07,2020-01-30,GUJGASLTD,0.116200,trailing,17,1422.14
2020-01-17,2020-02-28,HDFCLIFE,-0.105300,atr_stop,29,-14714.84
2020-01-23,2020-03-02,BERGEPAINT,0.032800,trailing,26,4338.25
2020-01-23,2020-02-28,TATACONSUM,-0.101800,atr_stop,25,-6314.77
2020-01-28,2020-02-27,JKCEMENT,0.010300,trailing,21,279.56
2020-01-29,2020-03-13,LALPATHLAB,-0.136900,atr_stop,30,-236.01
2020-01-31,2020-02-20,CREDITACC,0.222500,target,14,31127.53
2020-02-04,2020-02-18,GUJGASLTD,-0.000500,trailing,10,-5.15
2020-02-04,2020-03-09,RITES,-0.133900,atr_stop,23,-16.07
2020-02-05,2020-03-06,MANAPPURAM,-0.147000,atr_stop,21,-116.29
2020-02-11,2020-03-12,WHIRLPOOL,-0.167100,atr_stop,20,-3217.77
2020-02-14,2020-03-02,TRENT,-0.010900,trailing,10,-29.64
2020-02-18,2020-03-09,IGL,-0.104400,atr_stop,13,-14364.92
2020-02-18,2020-03-04,NAM-INDIA,0.044700,trailing,10,6238.71
2020-02-19,2020-03-17,GUJGASLTD,-0.136700,atr_stop,17,-229.92
2020-02-24,2020-02-28,CREDITACC,-0.148100,atr_stop,4,-22966.83
2020-02-28,2020-03-12,AUBANK,-0.191000,atr_stop,8,-28034.21
2020-02-28,2020-03-12,JKCEMENT,-0.184200,atr_stop,8,-10984.18
2020-03-02,2020-03-16,CREDITACC,-0.209000,atr_stop,9,-30115.93
2020-03-02,2020-03-12,HDFCLIFE,-0.148800,atr_stop,7,-82.39
2020-03-02,2020-03-12,SRF,-0.158000,atr_stop,7,-3018.44
2020-03-02,2020-03-12,TATACONSUM,-0.136500,atr_stop,7,-20003.36
2020-03-03,2020-03-12,BERGEPAINT,-0.152500,atr_stop,6,-22493.00
2020-03-03,2020-03-12,TRENT,-0.188300,atr_stop,6,-975.37
2020-03-05,2020-03-09,NAM-INDIA,-0.253700,atr_stop,2,-36717.36
2020-03-09,2020-03-12,PIIND,-0.133200,atr_stop,2,-1448.96
2020-03-11,2020-03-24,NAM-INDIA,-0.275700,atr_stop,9,-30427.61
2020-03-11,2020-03-19,RITES,-0.158200,atr_stop,6,-19065.51
2020-03-13,2020-03-18,AUBANK,-0.245000,atr_stop,3,-24284.77
2020-03-13,2020-04-03,BERGEPAINT,0.016300,trailing,14,1694.31
2020-03-13,2020-03-27,IGL,0.021400,trailing,10,2.93
2020-03-13,2020-03-23,TATACONSUM,-0.172800,atr_stop,6,-21752.80
2020-03-13,2020-03-23,TRENT,-0.241400,atr_stop,6,-27043.27
2020-03-16,2020-03-23,JKCEMENT,-0.241800,atr_stop,5,-279.90
2020-03-17,2020-03-23,CREDITACC,-0.324400,atr_stop,4,-24643.09
2020-03-17,2020-05-21,LALPATHLAB,0.015100,trailing,42,17.71
2020-03-17,2020-03-24,WHIRLPOOL,-0.175200,atr_stop,5,-6332.36
2020-03-18,2020-04-21,GUJGASLTD,-0.003800,trailing,20,-9.24
2020-03-19,2020-04-03,AUBANK,-0.245200,trailing,10,-13428.80
2020-03-19,2020-04-03,HDFCLIFE,0.094800,trailing,10,34.84
2020-03-19,2020-04-03,SRF,-0.031000,trailing,10,-651.96
2020-03-20,2020-04-08,DMART,0.224600,target,11,1191.10
2020-03-20,2020-04-07,RITES,0.028700,trailing,10,2441.78
2020-03-24,2020-04-24,CREDITACC,-0.003100,trailing,19,-209.72
2020-03-24,2020-04-17,JKCEMENT,0.222500,target,14,15669.79
2020-03-24,2020-04-09,TATACONSUM,0.224600,target,10,15701.68
2020-03-24,2020-04-09,TRENT,0.222500,target,10,10010.39
2020-03-25,2020-04-13,NAM-INDIA,0.224600,target,10,11377.66
2020-03-25,2020-04-15,WHIRLPOOL,0.057800,trailing,11,3888.45
2020-04-07,2020-04-23,AUBANK,0.034900,trailing,10,337.13
2020-04-07,2020-04-30,BERGEPAINT,0.090700,trailing,15,8754.31
2020-04-07,2020-04-27,NAVINFLUOR,0.222500,target,12,16734.77
2020-04-08,2020-04-30,GRANULES,0.043800,trailing,14,18.78
2020-04-08,2020-07-10,IPCALAB,0.033000,time_exit,63,600.81
2020-04-08,2020-04-24,RITES,0.075300,trailing,10,5507.47
2020-04-09,2020-06-09,DMART,-0.002100,trailing,39,-22.32
2020-04-13,2020-05-04,TATACONSUM,0.062300,trailing,13,5158.06
2020-04-13,2020-05-04,TRENT,0.018000,trailing,13,879.43
2020-04-15,2020-04-30,DIXON,0.222500,target,11,13798.94
2020-04-16,2020-04-30,NAM-INDIA,-0.122600,trailing,10,-8695.53
2020-04-20,2020-07-20,ALKEM,-0.065000,time_exit,63,-6125.32
2020-04-22,2020-05-07,GUJGASLTD,-0.067900,trailing,10,-185.09
2020-04-24,2020-05-11,WHIRLPOOL,0.019000,trailing,10,149.12
2020-04-27,2020-05-27,COROMANDEL,0.222500,target,20,1735.84
2020-04-27,2020-05-13,IGL,0.061500,trailing,11,6576.85
2020-04-28,2020-07-28,NAVINFLUOR,0.106900,time_exit,63,9677.06
2020-05-04,2020-06-26,BERGEPAINT,0.020600,trailing,38,1983.28
2020-05-04,2020-06-03,DIXON,0.222500,target,21,22730.65
2020-05-04,2020-06-10,GRANULES,0.222500,target,26,7074.38
2020-05-05,2020-06-01,AMBER,0.222500,target,18,13243.32
2020-05-05,2020-05-26,GMMPFAUDLR,0.022800,trailing,14,1801.55
2020-05-08,2020-08-06,DEEPAKNTR,0.153900,time_exit,63,331.04
2020-05-08,2020-06-24,MIDHANI,0.044900,trailing,32,16.17
2020-05-12,2020-06-25,GUJGASLTD,0.222500,target,31,2001.96
2020-05-14,2020-06-01,AJANTPHARM,0.010300,trailing,11,814.61
2020-05-22,2020-06-12,METROPOLIS,0.222500,target,14,2916.53
2020-05-27,2020-06-10,GMMPFAUDLR,0.222500,target,10,19827.26
2020-05-28,2020-06-24,TORNTPHARM,0.019300,trailing,19,168.93
2020-06-02,2020-08-12,AJANTPHARM,0.113000,trailing,51,12711.87
2020-06-02,2020-06-16,AMBER,0.075400,trailing,10,4822.65
2020-06-04,2020-06-26,DIXON,0.024700,trailing,16,2636.57
2020-06-10,2020-07-16,DMART,-0.164600,atr_stop,26,-1603.53
2020-06-11,2020-08-10,GMMPFAUDLR,0.222500,target,42,25663.76
2020-06-11,2020-06-25,GRANULES,0.025300,trailing,10,782.86
2020-06-15,2020-07-21,COROMANDEL,0.224600,target,26,3496.04
2020-06-17,2020-07-02,APLLTD,-0.013100,trailing,11,-1108.72
2020-06-25,2020-08-31,MIDHANI,-0.020600,trailing,47,-259.26
2020-06-26,2020-07-17,GRANULES,0.224600,target,15,10332.66
2020-06-29,2020-07-20,DIXON,0.222500,target,15,26017.40
2020-06-29,2020-07-14,ESCORTS,0.063500,trailing,11,7041.78
2020-07-03,2020-07-23,APLLTD,0.054700,trailing,14,3638.49
2020-07-13,2020-08-25,BIOCON,-0.134100,atr_stop,31,-60.44
2020-07-13,2020-08-10,IPCALAB,0.222500,target,20,4304.71
2020-07-15,2020-07-29,ESCORTS,0.044400,trailing,10,5107.52
2020-07-16,2020-08-31,JBCHEPHARM,0.074000,trailing,32,48.18
2020-07-17,2020-07-31,BAYERCROP,0.002400,trailing,10,-1.20
2020-07-20,2020-08-06,GRANULES,0.224600,target,13,13327.83
2020-07-21,2020-08-13,ALKYLAMINE,0.222500,target,17,28557.73
2020-07-21,2020-08-27,DIXON,0.222500,target,27,21696.58
2020-07-22,2020-09-09,COROMANDEL,-0.135500,atr_stop,35,-2653.75
2020-07-24,2020-08-14,APLLTD,0.070000,trailing,15,4953.29
2020-07-29,2020-08-12,NAVINFLUOR,0.088100,trailing,10,8681.07
2020-07-30,2020-09-07,ESCORTS,0.000300,trailing,27,-290.33
2020-08-03,2020-08-17,INDIAMART,0.029300,trailing,10,156.26
2020-08-07,2020-09-08,GRANULES,0.098700,trailing,22,7296.81
2020-08-11,2020-08-27,GMMPFAUDLR,0.011000,trailing,12,1240.47
2020-08-11,2020-09-17,LAURUSLABS,0.224600,target,27,4078.51
2020-08-13,2020-08-27,DEEPAKNTR,0.224600,target,10,20111.21
2020-08-13,2020-08-31,NAVINFLUOR,-0.042400,trailing,12,-6645.26
2020-08-14,2020-08-31,ALKYLAMINE,0.075300,trailing,11,10592.84
2020-08-14,2020-08-31,MUTHOOTFIN,-0.035700,trailing,11,-457.29
2020-08-17,2020-11-13,APLLTD,-0.060200,time_exit,63,-4964.48
2020-08-18,2020-09-01,INDIAMART,0.224600,target,10,1340.80
2020-08-28,2020-09-21,DEEPAKNTR,0.061400,trailing,16,3933.50
2020-08-28,2020-09-18,DIXON,0.079400,trailing,15,11997.32
2020-08-28,2020-09-22,GMMPFAUDLR,-0.211500,atr_stop,17,-33607.68
2020-09-01,2020-09-21,ALKYLAMINE,0.026100,trailing,14,3470.93
2020-09-01,2020-09-16,BSOFT,0.224600,target,11,33.11
2020-09-01,2020-09-15,JBCHEPHARM,0.222500,target,10,5451.52
2020-09-01,2020-09-18,NAVINFLUOR,0.043000,trailing,13,5970.23
2020-09-02,2020-09-16,INDIAMART,0.224600,target,10,1544.55
2020-09-08,2020-09-22,ESCORTS,0.041400,trailing,10,4924.73
2020-09-09,2020-10-05,GRANULES,0.090100,trailing,17,7320.42
2020-09-10,2020-10-09,MUTHOOTFIN,0.028200,trailing,20,415.54
2020-09-16,2020-09-30,JBCHEPHARM,0.091900,trailing,10,2740.90
2020-09-17,2020-12-17,BSOFT,0.009000,time_exit,63,2.38
2020-09-17,2020-11-17,INDIAMART,0.224600,target,42,1831.61
2020-09-18,2020-10-15,LAURUSLABS,0.089400,trailing,18,1942.48
2020-09-21,2020-11-17,DIXON,0.061800,trailing,40,9308.51
2020-09-21,2020-12-03,EIDPARRY,0.094700,trailing,51,26.48
2020-09-21,2020-11-09,IPCALAB,0.041600,trailing,34,373.19
2020-09-21,2020-10-06,NAVINFLUOR,-0.008200,trailing,10,-1674.57
2020-09-22,2020-11-27,ALKYLAMINE,0.222500,target,47,33307.57
2020-09-22,2020-12-21,DEEPAKNTR,0.056700,trailing,62,3801.96
2020-09-23,2020-10-08,ESCORTS,0.023800,trailing,10,2914.30
2020-09-23,2020-12-23,GMMPFAUDLR,-0.155400,time_exit,63,-18535.72
2020-10-01,2020-10-23,JBCHEPHARM,0.009500,trailing,15,233.68
2020-10-06,2020-12-07,GRANULES,0.028700,trailing,43,2375.41
2020-10-07,2020-11-06,NAVINFLUOR,0.222500,target,22,33317.71
2020-10-09,2020-11-19,CDSL,0.032600,trailing,29,4268.08
2020-10-12,2020-12-11,ESCORTS,0.110000,trailing,43,1782.23
2020-10-16,2020-10-30,LAURUSLABS,0.003400,trailing,10,19.30
2020-10-26,2020-12-24,JBCHEPHARM,0.027400,trailing,42,845.46
2020-11-02,2020-12-21,LAURUSLABS,0.039800,trailing,34,919.27
2020-11-09,2020-11-25,NAVINFLUOR,0.017600,trailing,12,2371.59
2020-11-10,2020-11-25,AFFLE,0.065700,trailing,11,2311.03
2020-11-14,2020-12-23,PERSISTENT,0.222500,target,26,16257.79
2020-11-18,2020-12-10,DIXON,0.224600,target,15,2669.19
2020-11-18,2020-12-18,INDIAMART,0.222500,target,21,36021.08
2020-11-20,2020-12-08,CDSL,0.081200,trailing,11,11587.62
2020-11-26,2020-12-28,FSL,0.222500,target,20,7504.26
2020-11-26,2021-01-11,NAVINFLUOR,0.013400,trailing,30,1784.36
2020-12-01,2021-01-05,ALKYLAMINE,0.222500,target,24,37912.06
2020-12-04,2020-12-18,AFFLE,-0.025200,trailing,10,-344.28
2020-12-08,2021-01-22,GRANULES,-0.148000,atr_stop,32,-14089.05
2020-12-09,2021-03-05,CDSL,0.139100,trailing,60,21722.87
2020-12-11,2021-01-07,DIXON,0.224600,target,18,3240.18
2020-12-14,2021-01-07,APLAPOLLO,0.222500,target,17,4036.38
2020-12-18,2021-01-04,BSOFT,0.222500,target,10,124.65
2020-12-21,2021-02-11,AFFLE,0.224600,target,36,8892.66
2020-12-21,2021-01-06,INDIAMART,0.224600,target,11,38016.84
2020-12-22,2021-01-28,LAURUSLABS,0.071700,trailing,25,6906.20
2020-12-24,2021-01-18,DEEPAKNTR,0.100600,trailing,16,17405.05
2020-12-24,2021-01-18,PERSISTENT,0.089700,trailing,16,970.22
2020-12-28,2021-02-05,ATGL,0.031300,trailing,28,10.58
2020-12-28,2021-02-17,JBCHEPHARM,0.113600,trailing,36,3851.37
2020-12-29,2021-01-15,FSL,-0.183900,atr_stop,13,-7764.03
2021-01-05,2021-01-19,BSOFT,0.006500,trailing,10,2.78
2021-01-06,2021-03-25,ALKYLAMINE,0.053700,trailing,54,9830.08
2021-01-07,2021-01-21,INDIAMART,0.072400,trailing,10,13665.54
2021-01-08,2021-01-28,APLAPOLLO,-0.006600,trailing,13,-4.17
2021-01-08,2021-01-25,DIXON,-0.149400,atr_stop,11,-10764.69
2021-01-12,2021-01-29,NAVINFLUOR,-0.143700,atr_stop,12,-24182.26
2021-01-18,2021-02-02,FSL,0.016100,trailing,10,476.62
2021-01-19,2021-02-12,ADVENZYMES,0.222500,target,17,41705.39
2021-01-19,2021-02-05,TATAELXSI,0.121500,trailing,12,1956.93
2021-01-20,2021-02-08,BSOFT,-0.006500,trailing,12,-15.43
2021-01-22,2021-02-08,INDIAMART,0.224600,target,10,41239.18
2021-01-25,2021-02-09,GRANULES,-0.036700,trailing,10,-4045.29
2021-01-27,2021-02-10,DIXON,0.224600,target,10,12939.48
2021-01-29,2021-04-16,LAURUSLABS,0.224600,target,51,24239.54
2021-02-01,2021-03-01,APLAPOLLO,0.222500,target,20,31017.09
2021-02-03,2021-02-17,FSL,0.042100,trailing,10,1431.47
2021-02-08,2021-02-22,ATGL,0.222500,target,10,4068.61
2021-02-09,2021-04-12,BSOFT,-0.012300,trailing,41,-3.62
2021-02-09,2021-02-24,INDIAMART,-0.012900,trailing,11,-3147.03
2021-02-09,2021-03-16,INTELLECT,0.222500,target,24,5713.87
2021-02-10,2021-03-25,PERSISTENT,0.043000,trailing,30,100.74
2021-02-10,2021-04-12,TATAELXSI,0.018100,trailing,40,1496.96
2021-02-11,2021-03-22,DIXON,0.038400,trailing,26,2502.55
2021-02-12,2021-03-18,AFFLE,0.044500,trailing,23,2060.45
2021-02-15,2021-05-04,ADVENZYMES,0.222500,target,51,46170.63
2021-02-18,2021-03-09,FSL,0.074700,trailing,13,7100.79
2021-02-18,2021-04-12,HFCL,-0.219500,atr_stop,34,-13.45
2021-02-23,2021-03-09,ATGL,0.224600,target,10,4939.88
2021-02-25,2021-05-11,INDIAMART,-0.222800,atr_stop,48,-44476.80
2021-03-02,2021-03-17,APLAPOLLO,0.035400,trailing,10,5708.99
2021-03-08,2021-03-25,NCC,-0.185800,atr_stop,12,-34122.32
2021-03-10,2021-03-25,ATGL,0.224600,target,10,29400.55
2021-03-10,2021-03-25,TRIDENT,-0.029000,trailing,10,-10.16
2021-03-17,2021-04-01,INTELLECT,0.224600,target,10,7003.07
2021-03-18,2021-04-05,APLAPOLLO,0.074500,trailing,10,12899.42
2021-03-19,2021-06-21,AFFLE,-0.186200,atr_stop,61,-9586.81
2021-03-23,2021-05-07,DIXON,-0.025400,trailing,29,-2035.23
2021-03-26,2021-04-13,ATGL,0.135500,trailing,10,28357.14
2021-03-26,2021-06-30,IIFL,-0.117500,time_exit,63,-12400.49
2021-03-26,2021-04-13,NCC,0.012300,trailing,10,1922.34
2021-03-26,2021-05-11,TRIDENT,0.222500,target,28,5.57
2021-04-05,2021-05-11,INTELLECT,0.035900,trailing,24,1265.10
2021-04-06,2021-04-22,APLAPOLLO,0.003300,trailing,10,139.98
2021-04-13,2021-05-04,TATAELXSI,0.224600,target,13,21861.85
2021-04-15,2021-05-03,ATGL,0.224600,target,11,49191.07
2021-04-15,2021-05-03,CHOLAFIN,0.058800,trailing,11,29.34
2021-04-15,2021-06-16,IFBIND,0.000800,trailing,42,-23.66
2021-04-15,2021-05-28,NCC,0.113100,trailing,29,22807.26
2021-04-19,2021-05-04,GRAPHITE,0.224600,target,10,29542.27
2021-04-23,2021-05-07,APLAPOLLO,0.022600,trailing,10,3850.84
2021-05-04,2021-06-02,ATGL,0.224600,target,20,54753.19
2021-05-04,2021-05-19,PRAJIND,0.224600,target,10,5438.59
2021-05-05,2021-05-25,CHOLAFIN,-0.015400,trailing,13,-865.34
2021-05-05,2021-05-20,GRAPHITE,0.003800,trailing,10,301.90
2021-05-05,2021-07-08,TATAELXSI,0.090600,trailing,45,21516.38
2021-05-10,2021-06-16,APLAPOLLO,0.222500,target,26,54982.77
2021-05-10,2021-07-28,DIXON,0.113900,trailing,55,1758.46
2021-05-10,2021-08-09,LINDEINDIA,-0.005500,time_exit,63,-14.51
2021-05-12,2021-07-28,INTELLECT,-0.039900,trailing,53,-8175.39
2021-05-20,2021-08-18,INDIAMART,-0.044800,time_exit,63,-1322.75
2021-05-20,2021-08-18,PRAJIND,-0.166500,time_exit,63,-313.01
2021-05-21,2021-06-04,GRAPHITE,-0.001000,trailing,10,-886.68
2021-05-26,2021-08-25,VAIBHAVGBL,-0.170400,time_exit,63,-8239.65
2021-05-31,2021-06-16,SAIL,0.081000,trailing,12,17967.92
2021-06-03,2021-06-17,ATGL,-0.178800,atr_stop,10,-46364.78
2021-06-03,2021-08-09,DEEPAKNTR,0.224600,target,46,10023.74
2021-06-07,2021-06-18,GRAPHITE,-0.211400,atr_stop,9,-52523.70
2021-06-17,2021-07-20,ALKYLAMINE,0.023900,trailing,23,5391.93
2021-06-17,2021-07-09,APLAPOLLO,0.038500,trailing,16,2074.66
2021-06-17,2021-07-01,SAIL,-0.009200,trailing,10,-2991.84
2021-06-18,2021-07-01,ATGL,-0.230700,atr_stop,9,-48912.83
2021-06-21,2021-07-06,GRAPHITE,0.064900,trailing,11,12032.64
2021-06-22,2021-08-10,HEG,0.059700,trailing,34,2361.25
2021-07-01,2021-08-04,HINDCOPPER,0.005900,trailing,23,298.96
2021-07-02,2021-08-24,ATGL,0.224600,target,35,40774.79
2021-07-02,2021-08-09,SAIL,0.049100,trailing,25,10584.60
2021-07-07,2021-08-10,GRAPHITE,0.060400,trailing,23,11831.55
2021-07-09,2021-07-26,TATAELXSI,-0.001200,trailing,10,-943.16
2021-07-12,2021-07-22,HFCL,-0.175000,atr_stop,7,-14056.44
2021-07-22,2021-08-05,ALKYLAMINE,0.139800,trailing,10,33565.01
2021-07-23,2021-08-20,HFCL,-0.249500,atr_stop,19,-19952.60
2021-07-27,2021-09-15,TATAELXSI,0.224600,target,34,54276.54
2021-07-29,2021-08-23,INTELLECT,-0.220400,atr_stop,16,-45379.34
2021-08-05,2021-08-20,HINDCOPPER,-0.180900,atr_stop,10,-16733.81
2021-08-06,2021-10-25,ALKYLAMINE,-0.158900,atr_stop,53,-2662.39
2021-08-06,2021-09-14,JSWENERGY,0.224600,target,25,57557.29
2021-08-10,2021-09-20,SAIL,-0.205500,atr_stop,27,-50954.39
2021-08-10,2021-08-25,TATASTEEL,-0.016400,trailing,10,-1004.67
2021-08-11,2021-08-26,FSL,-0.040600,trailing,10,-707.90
2021-08-11,2021-10-22,GRAPHITE,-0.173500,atr_stop,49,-42954.43
2021-08-20,2021-09-16,PRAJIND,0.063000,trailing,18,1685.69
2021-08-23,2021-09-07,HFCL,0.222500,target,11,29460.40
2021-08-24,2021-09-16,HINDCOPPER,0.065100,trailing,16,9881.84
2021-08-25,2021-09-08,ATGL,0.121200,trailing,10,26485.90
2021-08-25,2021-09-21,ECLERX,0.001700,trailing,18,-0.68
2021-08-26,2021-10-04,FLUOROCHEM,0.222500,target,26,20074.55
2021-08-26,2021-09-17,TATASTEEL,-0.004200,trailing,15,-0.82
2021-08-27,2021-09-21,FSL,0.081900,trailing,16,12.93
2021-08-27,2021-09-20,LUXIND,-0.016400,trailing,15,-293.95
2021-09-08,2021-09-23,HFCL,-0.012500,trailing,10,-2473.31
2021-09-09,2021-10-28,ATGL,0.015700,trailing,33,3277.68
2021-09-15,2021-09-30,JSWENERGY,0.222500,target,11,60279.01
2021-09-15,2021-09-29,KPITTECH,0.053600,trailing,10,2155.16
2021-09-16,2021-09-30,TATAELXSI,0.087200,trailing,10,22707.29
2021-09-17,2021-11-15,PRAJIND,0.040300,trailing,39,8596.88
2021-09-20,2021-10-20,TATASTEEL,-0.006000,trailing,21,-1.00
2021-09-21,2021-11-22,LUXIND,0.085600,trailing,41,17187.29
2021-09-21,2021-10-18,SAIL,0.224600,target,18,453.19
2021-09-22,2021-10-25,ECLERX,-0.148100,atr_stop,22,-115.00
2021-09-22,2021-10-20,FSL,0.034100,trailing,19,5.60
2021-09-24,2021-10-13,HFCL,0.025600,trailing,13,3706.92
2021-09-30,2021-11-12,KPITTECH,0.224600,target,29,9820.72
2021-10-01,2021-10-19,CDSL,0.045800,trailing,11,3098.22
2021-10-01,2021-11-01,JSWENERGY,-0.145900,atr_stop,20,-41211.45
2021-10-01,2021-10-21,TATAELXSI,0.055600,trailing,13,14637.03
2021-10-05,2021-10-25,FLUOROCHEM,-0.175300,atr_stop,13,-19565.22
2021-10-14,2021-12-10,HFCL,0.126700,trailing,38,20609.70
2021-10-19,2021-11-24,TRIDENT,0.224600,target,24,566.37
2021-10-20,2021-11-10,JSL,0.025000,trailing,14,1678.27
2021-10-22,2021-11-22,PERSISTENT,0.013200,trailing,19,268.72
2021-10-22,2021-11-22,TATAELXSI,0.014100,trailing,19,3046.61
2021-10-25,2021-11-16,DCMSHRIRAM,0.042600,trailing,15,8062.79
2021-10-26,2021-11-10,FLUOROCHEM,0.222500,target,10,23021.22
2021-10-26,2021-11-22,IEX,0.098100,trailing,17,41.15
2021-10-29,2021-11-15,ATGL,0.224600,target,10,55997.28
2021-10-29,2021-11-22,ECLERX,0.068600,trailing,14,47.67
2021-11-02,2021-12-20,JSWENERGY,-0.176900,atr_stop,32,-42432.00
2021-11-11,2021-12-16,FLUOROCHEM,0.003800,trailing,24,235.27
2021-11-11,2022-01-11,JSL,0.025700,trailing,42,8.35
2021-11-15,2021-12-17,KPITTECH,0.109800,trailing,23,5768.84
2021-11-16,2021-12-17,ATGL,0.143800,trailing,22,40988.68
2021-11-16,2021-12-22,PRAJIND,-0.163400,atr_stop,25,-42292.74
2021-11-17,2021-12-17,KPRMILL,0.222500,target,21,46073.91
2021-11-23,2022-01-03,ECLERX,0.222500,target,29,171.39
2021-11-23,2021-12-14,IEX,0.086400,trailing,15,23624.98
2021-11-23,2021-12-07,PERSISTENT,0.022900,trailing,10,40.02
2021-11-23,2022-01-20,TATAELXSI,0.224600,target,42,51966.37
2021-11-25,2021-12-02,TRIDENT,-0.126600,atr_stop,5,-454.22
2021-12-03,2021-12-17,TRIDENT,0.224600,target,10,676.84
2021-12-08,2021-12-22,CDSL,-0.025700,trailing,10,-41.32
2021-12-09,2021-12-23,BSE,-0.099800,trailing,10,-44.92
2021-12-13,2022-01-18,HFCL,0.005800,trailing,26,587.68
2021-12-15,2021-12-21,RTNINDIA,-0.188100,atr_stop,4,-57312.30
2021-12-15,2022-01-07,SAREGAMA,0.017700,trailing,17,70.72
2021-12-17,2022-01-05,FLUOROCHEM,0.222500,target,13,44876.32
2021-12-20,2022-01-17,ANGELONE,0.224600,target,20,18722.39
2021-12-20,2022-01-18,IEX,0.011400,trailing,21,2475.57
2021-12-20,2022-01-14,TRIDENT,0.224600,target,19,63088.72
2021-12-21,2022-01-05,JSWENERGY,0.028300,trailing,11,4979.65
2021-12-22,2022-01-11,RTNINDIA,0.222500,target,14,53546.78
2021-12-23,2022-01-06,KPITTECH,0.224600,target,10,47439.27
2021-12-24,2022-01-21,BSE,0.099600,trailing,20,57.76
2022-01-04,2022-01-21,KPRMILL,-0.007600,trailing,13,-7.11
2022-01-06,2022-02-09,ATGL,-0.001600,trailing,23,-7.33
2022-01-06,2022-01-24,FLUOROCHEM,-0.017100,trailing,12,-2650.50
2022-01-06,2022-01-24,JSWENERGY,0.026800,trailing,12,7528.98
2022-01-07,2022-01-21,KPITTECH,0.022600,trailing,10,5221.92
2022-01-10,2022-01-24,SAREGAMA,-0.008200,trailing,10,-54.49
2022-01-12,2022-02-11,RTNINDIA,-0.198800,atr_stop,21,-59922.12
2022-01-17,2022-02-18,PERSISTENT,-0.122700,atr_stop,23,-1068.23
2022-01-17,2022-02-10,TRIDENT,-0.132300,atr_stop,17,-45554.93
2022-01-18,2022-02-02,ANGELONE,0.011500,trailing,10,920.61
2022-01-19,2022-02-09,BORORENEW,0.059500,trailing,14,8228.85
2022-01-19,2022-02-14,IEX,-0.169800,atr_stop,17,-56356.73
2022-01-21,2022-02-22,CDSL,-0.176200,atr_stop,21,-51134.81
2022-01-24,2022-02-08,BSE,0.008500,trailing,10,2.56
2022-01-24,2022-04-25,KPITTECH,-0.222400,atr_stop,60,-60088.90
2022-01-25,2022-02-09,FLUOROCHEM,0.081000,trailing,10,24572.12
2022-01-25,2022-02-14,JSWENERGY,0.094700,trailing,13,26.49
2022-01-25,2022-03-15,SAREGAMA,-0.009800,trailing,33,-1755.20
2022-02-03,2022-03-28,ANGELONE,0.086300,trailing,35,43.61
2022-02-03,2022-02-24,KPRMILL,-0.175500,atr_stop,15,-18580.30
2022-02-09,2022-02-23,BSE,-0.006800,trailing,10,-4.18
2022-02-10,2022-02-24,BORORENEW,-0.229700,atr_stop,10,-43112.53
2022-02-10,2022-05-09,FLUOROCHEM,-0.186300,atr_stop,57,-57917.47
2022-02-10,2022-02-24,HFCL,-0.216400,atr_stop,10,-123.71
2022-02-11,2022-05-12,TRIDENT,-0.197700,atr_stop,59,-58535.35
2022-02-14,2022-05-10,RTNINDIA,-0.314000,atr_stop,56,-75282.53
2022-02-15,2022-03-07,JSWENERGY,-0.017900,trailing,13,-5553.28
2022-02-21,2022-04-25,JSL,-0.019800,trailing,41,-166.60
2022-02-23,2022-04-12,IEX,0.127200,trailing,32,120.16
2022-02-23,2022-05-10,TANLA,-0.217200,atr_stop,49,-51458.43
2022-02-24,2022-03-11,BSE,0.224600,target,10,93.64
2022-02-25,2022-03-25,HFCL,0.064400,trailing,18,28.83
2022-02-25,2022-03-15,KPRMILL,0.001400,trailing,11,-281.82
2022-03-08,2022-03-25,BORORENEW,0.045300,trailing,12,10577.91
2022-03-08,2022-04-12,JSWENERGY,0.090900,trailing,24,1531.26
2022-03-14,2022-03-29,BSE,-0.005600,trailing,10,-4.71
2022-03-16,2022-04-19,KPRMILL,0.048800,trailing,21,13284.06
2022-03-16,2022-04-20,SAREGAMA,-0.010700,trailing,22,-1076.05
2022-03-28,2022-04-22,BORORENEW,0.222500,target,17,56943.87
2022-03-29,2022-04-20,ANGELONE,0.045600,trailing,14,24.61
2022-03-30,2022-05-11,BSE,-0.211400,atr_stop,27,-123.73
2022-04-13,2022-05-12,EASEMYTRIP,-0.168100,atr_stop,18,-8.72
2022-04-13,2022-05-10,JSWENERGY,-0.182300,atr_stop,16,-3679.52
2022-04-20,2022-05-11,GNFC,-0.182900,atr_stop,14,-991.52
2022-04-20,2022-05-06,KPRMILL,-0.024600,trailing,11,-7828.51
2022-04-20,2022-05-05,TATAELXSI,0.005200,trailing,10,19.15
2022-04-21,2022-05-06,ANGELONE,-0.171000,atr_stop,10,-14058.36
2022-04-25,2022-05-06,BORORENEW,-0.220400,atr_stop,8,-64427.64
2022-04-25,2022-05-10,POLYPLEX,-0.052200,trailing,10,-1438.91
2022-04-26,2022-05-11,KPITTECH,-0.099300,trailing,10,-21896.77
2022-05-06,2022-05-25,TATAELXSI,0.071000,trailing,13,491.89
2022-05-09,2022-05-23,ANGELONE,0.005700,trailing,10,311.34
2022-05-09,2022-06-08,BORORENEW,0.028300,trailing,22,5543.15
2022-05-09,2022-06-21,KPRMILL,-0.192500,atr_stop,31,-49984.47
2022-05-10,2022-05-31,FLUOROCHEM,0.222500,target,15,54365.64
2022-05-10,2022-06-20,GUJALKALI,-0.262100,atr_stop,29,-429.46
2022-05-11,2022-05-25,JSWENERGY,-0.027800,trailing,10,-4485.32
2022-05-11,2022-06-08,POLYPLEX,0.012900,trailing,20,2463.55
2022-05-12,2022-05-26,BSE,-0.086000,trailing,10,-17536.45
2022-05-13,2022-05-27,TRIDENT,0.014400,trailing,10,2768.65
2022-05-24,2022-08-22,GNFC,0.087600,trailing,62,8449.91
2022-05-24,2022-06-08,KPITTECH,0.056300,trailing,11,26.31
2022-05-26,2022-08-25,EASEMYTRIP,-0.064400,time_exit,63,-10088.89
2022-05-27,2022-06-10,BSE,0.062000,trailing,10,10709.26
2022-05-30,2022-06-16,TRIDENT,-0.185500,atr_stop,13,-44537.23
2022-06-01,2022-06-20,FLUOROCHEM,-0.162900,atr_stop,13,-41956.71
2022-06-01,2022-07-25,LINDEINDIA,0.222500,target,38,1308.61
2022-06-01,2022-06-15,RHIM,-0.071800,trailing,10,-79.39
2022-06-01,2022-08-16,TATAELXSI,0.224600,target,52,9070.53
2022-06-08,2022-06-20,GAEL,-0.270300,atr_stop,8,-42.05
2022-06-09,2022-07-13,ATGL,0.099000,trailing,24,21489.00
2022-06-09,2022-06-30,BORORENEW,-0.058100,trailing,15,-14564.28
2022-06-13,2022-06-20,BSE,-0.209500,atr_stop,5,-40558.34
2022-06-16,2022-07-26,RHIM,0.016900,trailing,28,14.35
2022-06-17,2022-07-13,TRIDENT,0.002400,trailing,18,-47.84
2022-06-21,2022-07-13,BSE,0.224600,target,16,42470.99
2022-06-21,2022-07-05,GAEL,0.222500,target,10,103.31
2022-06-21,2022-07-14,GUJALKALI,0.041100,trailing,17,6612.80
2022-06-22,2022-07-11,KPITTECH,0.059400,trailing,13,52.24
2022-06-22,2022-07-06,POLYPLEX,0.109100,trailing,10,21861.07
2022-07-01,2022-07-26,BORORENEW,0.028600,trailing,17,5718.10
2022-07-01,2022-07-25,CGPOWER,0.129900,trailing,16,749.21
2022-07-06,2022-07-25,GAEL,0.040900,trailing,13,21.86
2022-07-07,2022-08-08,POLYPLEX,0.040600,trailing,22,8552.01
2022-07-12,2022-08-04,WELCORP,-0.012000,trailing,17,-40.74
2022-07-14,2022-08-03,ATGL,0.224600,target,14,52414.57
2022-07-14,2022-08-04,BSE,-0.007800,trailing,15,-2025.16
2022-07-14,2022-07-28,TRIDENT,0.015700,trailing,10,3131.13
2022-07-15,2022-08-10,ELGIEQUIP,0.222500,target,17,39251.79
2022-07-26,2022-08-22,CGPOWER,0.053500,trailing,17,10.96
2022-07-26,2022-09-20,RAYMOND,0.222500,target,37,3148.03
2022-07-27,2022-10-31,BORORENEW,-0.093300,time_exit,63,-21695.45
2022-07-27,2022-08-12,GAEL,-0.005800,trailing,11,-2.45
2022-07-29,2022-08-22,CREDITACC,-0.000500,trailing,14,-752.52
2022-08-04,2022-09-05,ATGL,0.073700,trailing,19,18419.84
2022-08-04,2022-08-22,FINEORG,0.073500,trailing,10,1995.89
2022-08-05,2022-09-06,WELCORP,0.222500,target,19,43421.42
2022-08-10,2022-09-16,BSE,0.020400,trailing,25,41.34
2022-08-10,2022-08-25,FLUOROCHEM,0.011400,trailing,10,2035.61
2022-08-11,2022-09-06,ELGIEQUIP,0.222500,target,16,47795.84
2022-08-16,2022-11-14,GAEL,-0.224800,atr_stop,60,-135.09
2022-08-17,2022-09-16,HAL,0.079600,trailing,21,674.19
2022-08-17,2022-08-26,TATAELXSI,-0.120800,atr_stop,7,-5001.56
2022-08-23,2022-09-23,CGPOWER,0.085200,trailing,22,21615.15
2022-08-23,2022-09-15,CREDITACC,0.007700,trailing,16,14.99
2022-08-23,2022-10-03,FINEORG,0.086200,trailing,28,9619.05
2022-08-26,2022-10-06,FLUOROCHEM,0.222500,target,27,57082.09
2022-08-26,2022-09-16,GNFC,-0.004400,trailing,14,-796.16
2022-08-26,2022-09-26,VBL,0.053600,trailing,20,10.41
2022-08-29,2022-10-18,TATAELXSI,-0.188600,atr_stop,34,-6469.20
2022-09-06,2022-11-18,ATGL,0.026800,trailing,50,6508.59
2022-09-07,2022-09-21,ELGIEQUIP,-0.154800,atr_stop,10,-42720.69
2022-09-07,2022-09-26,WELCORP,0.049200,trailing,13,11396.68
2022-09-16,2022-09-26,JKPAPER,-0.177500,atr_stop,6,-520.29
2022-09-19,2022-09-28,GNFC,-0.144900,atr_stop,7,-95.58
2022-09-19,2022-11-10,HAL,-0.024600,trailing,35,-3392.97
2022-09-21,2022-10-14,RAYMOND,0.016400,trailing,16,232.57
2022-09-22,2022-10-31,ELGIEQUIP,0.041200,trailing,25,8857.71
2022-09-26,2022-12-20,CGPOWER,0.099100,trailing,58,25997.00
2022-09-26,2022-12-27,CREDITACC,-0.110300,time_exit,63,-1567.74
2022-09-27,2022-10-12,VBL,-0.014500,trailing,10,-4424.33
2022-09-29,2022-10-19,JKPAPER,0.054300,trailing,13,35.16
2022-10-04,2022-10-31,FINEORG,-0.164900,atr_stop,17,-20570.38
2022-10-04,2022-10-19,WELCORP,-0.120400,trailing,10,-244.64
2022-10-07,2022-11-14,FLUOROCHEM,-0.132900,atr_stop,24,-36915.18
2022-10-07,2022-11-10,GESHIP,0.049400,trailing,22,2058.24
2022-10-13,2022-11-11,VBL,0.015600,trailing,19,3295.17
2022-10-17,2022-11-09,RAYMOND,0.060800,trailing,15,1001.66
2022-10-19,2022-12-15,TIINDIA,0.019300,trailing,39,415.00
2022-10-20,2022-11-04,JKPAPER,0.040200,trailing,10,175.82
2022-10-21,2022-11-07,MAZDOCK,0.224600,target,10,69.92
2022-11-01,2022-11-18,ELGIEQUIP,-0.006700,trailing,12,-2492.72
2022-11-01,2022-11-18,FINEORG,0.041500,trailing,12,10808.14
2022-11-07,2022-11-28,JKPAPER,0.009800,trailing,14,35.37
2022-11-09,2022-12-07,MAZDOCK,0.084600,trailing,20,31.95
2022-11-10,2022-12-02,RAYMOND,0.224600,target,16,4035.87
2022-11-11,2022-12-13,GESHIP,0.222500,target,22,112.55
2022-11-11,2022-12-15,HAL,0.063600,trailing,24,10171.81
2022-11-14,2022-12-05,VBL,0.224600,target,15,57201.32
2022-11-15,2022-11-29,RHIM,0.222500,target,10,51859.20
2022-11-16,2022-12-22,TATAINVEST,-0.159600,atr_stop,26,-37.43
2022-11-21,2023-01-02,ATGL,-0.018800,trailing,30,-6020.99
2022-11-21,2022-12-15,ELGIEQUIP,0.027600,trailing,18,6582.67
2022-11-21,2022-12-12,FINEORG,-0.024700,trailing,15,-7751.84
2022-11-29,2022-12-22,JKPAPER,0.017200,trailing,17,73.47
2022-11-30,2022-12-21,INDHOTEL,-0.025400,trailing,15,-8.76
2022-11-30,2022-12-21,RHIM,0.050400,trailing,15,13721.86
2022-12-05,2022-12-23,RAYMOND,-0.141700,atr_stop,14,-3167.93
2022-12-06,2022-12-23,VBL,-0.048600,trailing,13,-15599.24
2022-12-08,2022-12-23,MAZDOCK,-0.198600,atr_stop,11,-2135.14
2022-12-13,2022-12-23,COCHINSHIP,-0.192200,atr_stop,8,-53890.39
2022-12-14,2023-01-13,GESHIP,-0.139600,atr_stop,22,-90.59
2022-12-16,2023-02-03,HAL,-0.100900,atr_stop,34,-31019.24
2022-12-16,2022-12-23,KRBL,-0.163900,atr_stop,5,-28622.98
2022-12-21,2023-01-27,BANKBARODA,-0.149200,atr_stop,26,-148.69
2022-12-21,2023-02-28,INDIANB,-0.138100,atr_stop,48,-41428.88
2022-12-22,2023-01-17,RVNL,0.055000,trailing,18,14966.29
2022-12-22,2023-02-15,TIINDIA,-0.170000,atr_stop,38,-2514.74
2022-12-23,2023-01-25,TATAINVEST,0.074800,trailing,23,423.44
2022-12-26,2023-01-09,COCHINSHIP,0.009500,trailing,10,1897.47
2022-12-26,2023-01-10,MAZDOCK,0.119600,trailing,11,31725.15
2022-12-26,2023-01-10,VBL,-0.003100,trailing,11,-770.48
2022-12-28,2023-01-30,KRBL,0.005000,trailing,22,2.71
2022-12-28,2023-01-11,RAYMOND,0.009100,trailing,10,73.67
2022-12-30,2023-03-16,UNIONBANK,-0.196600,atr_stop,52,-14.55
2023-01-03,2023-01-25,ATGL,0.024800,trailing,16,6073.86
2023-01-03,2023-04-06,KALYANKJIL,-0.170400,atr_stop,63,-193.85
2023-01-10,2023-04-17,COCHINSHIP,-0.029800,time_exit,63,-9042.79
2023-01-11,2023-03-24,MAZDOCK,-0.194700,atr_stop,50,-55464.89
2023-01-11,2023-04-18,VBL,0.092800,time_exit,63,14007.45
2023-01-12,2023-02-01,RAYMOND,-0.042700,trailing,13,-518.82
2023-01-16,2023-02-06,GESHIP,-0.016600,trailing,14,-10.47
2023-01-18,2023-02-22,RVNL,-0.186400,atr_stop,24,-53406.14
2023-01-27,2023-05-04,BANKINDIA,0.045000,time_exit,63,11426.02
2023-01-27,2023-02-14,GODFRYPHLP,-0.160200,atr_stop,12,-5649.35
2023-01-31,2023-03-27,KRBL,-0.136700,atr_stop,38,-314.27
2023-02-02,2023-03-28,RAYMOND,-0.199200,atr_stop,37,-2215.35
2023-02-06,2023-02-23,HAL,0.079400,trailing,13,20646.17
2023-02-07,2023-05-15,GESHIP,0.191600,time_exit,63,102.03
2023-02-08,2023-05-16,MAHABANK,0.096200,time_exit,63,11.66
2023-02-15,2023-03-08,GODFRYPHLP,0.222500,target,14,6346.47
2023-02-16,2023-04-13,JKLAKSHMI,0.036200,trailing,36,399.22
2023-02-23,2023-03-14,RVNL,0.011600,trailing,12,2063.68
2023-02-24,2023-03-13,AEGISLOG,0.043300,trailing,10,10631.55
2023-03-01,2023-03-16,INDIANB,0.008900,trailing,10,1660.15
2023-03-09,2023-04-10,GODFRYPHLP,-0.161700,atr_stop,19,-8750.13
2023-03-14,2023-03-28,AEGISLOG,0.012300,trailing,10,2495.70
2023-03-15,2023-04-18,RVNL,0.224600,target,20,54543.23
2023-03-17,2023-04-18,INDIANB,0.222500,target,18,995.87
2023-03-17,2023-05-08,UNIONBANK,0.123700,trailing,31,31427.28
2023-03-27,2023-05-02,MAZDOCK,0.222500,target,21,49636.28
2023-03-28,2023-05-12,JSL,-0.022600,trailing,28,-49.35
2023-03-29,2023-05-11,AEGISLOG,0.021600,trailing,26,118.27
2023-03-29,2023-05-24,FINCABLES,0.097600,trailing,35,25049.08
2023-04-10,2023-06-16,KALYANKJIL,0.224600,target,47,207.62
2023-04-11,2023-06-01,GODFRYPHLP,-0.010000,trailing,35,-560.23
2023-04-17,2023-05-29,JKLAKSHMI,-0.161700,atr_stop,29,-1915.14
2023-04-18,2023-05-03,TRITURBINE,0.015200,trailing,10,3396.64
2023-04-19,2023-05-08,INDIANB,-0.012000,trailing,12,-2777.93
2023-04-19,2023-05-04,RVNL,0.224600,target,10,63120.63
2023-05-03,2023-06-05,MAZDOCK,0.224600,target,23,61034.11
2023-05-03,2023-06-08,VBL,0.106600,trailing,26,29.44
2023-05-04,2023-05-19,TRITURBINE,0.091300,trailing,11,24279.50
2023-05-05,2023-05-16,NCC,-0.106600,atr_stop,7,-34099.81
2023-05-05,2023-05-19,RVNL,-0.096600,trailing,10,-30516.34
2023-05-09,2023-05-30,INDIANB,-0.152100,atr_stop,15,-28665.36
2023-05-09,2023-07-21,UNIONBANK,0.224600,target,52,67066.42
2023-05-12,2023-06-02,AEGISLOG,-0.137100,atr_stop,15,-887.43
2023-05-15,2023-05-30,JSL,0.016600,trailing,11,26.88
2023-05-17,2023-06-07,NCC,0.087300,trailing,15,23632.26
2023-05-22,2023-06-23,RVNL,0.038900,trailing,24,10446.15
2023-05-22,2023-06-05,TRITURBINE,0.014700,trailing,10,3461.76
2023-05-25,2023-08-01,FINCABLES,0.146700,trailing,47,41505.02
2023-05-25,2023-06-23,SONATSOFTW,0.049900,trailing,21,21.03
2023-05-30,2023-06-13,KPITTECH,0.097100,trailing,10,925.75
2023-05-31,2023-07-05,JSL,0.222500,target,24,34918.86
2023-06-02,2023-07-20,INDIANB,0.224600,target,33,9791.32
2023-06-05,2023-06-22,AEGISLOG,-0.029200,trailing,13,-165.54
2023-06-05,2023-06-15,MAHABANK,-0.126700,atr_stop,8,-34.04
2023-06-06,2023-07-28,JKLAKSHMI,-0.149300,atr_stop,37,-3227.60
2023-06-06,2023-06-20,MAZDOCK,0.224600,target,10,67006.93
2023-06-06,2023-06-22,TRITURBINE,0.009400,trailing,12,2054.02
2023-06-08,2023-07-31,NCC,0.224600,target,36,67202.05
2023-06-09,2023-07-21,VBL,0.005500,trailing,29,0.92
2023-06-14,2023-08-02,UCOBANK,0.034500,trailing,34,343.86
2023-06-19,2023-09-12,KPITTECH,0.052100,trailing,59,53.02
2023-06-19,2023-07-24,PFC,0.224600,target,24,62.78
2023-06-21,2023-07-12,MAZDOCK,0.224600,target,14,70719.92
2023-06-23,2023-07-13,MAHABANK,0.092500,trailing,13,4757.12
2023-06-23,2023-09-13,TRITURBINE,-0.006900,trailing,56,-2922.61
2023-06-26,2023-07-25,RVNL,0.052200,trailing,20,14822.20
2023-07-06,2023-09-07,FACT,0.072200,trailing,44,13447.18
2023-07-06,2023-08-24,JSL,0.222500,target,34,76.81
2023-07-13,2023-08-02,APARINDS,0.032400,trailing,14,10080.54
2023-07-14,2023-08-01,MAZDOCK,0.073900,trailing,12,7740.45
2023-07-21,2023-09-22,SONATSOFTW,-0.009500,trailing,43,-652.21
2023-07-24,2023-08-09,CYIENT,0.060000,trailing,12,21122.13
2023-07-24,2023-08-07,ENGINERSIN,0.100400,trailing,10,113.25
2023-07-25,2023-08-31,PFC,0.074400,trailing,26,24.91
2023-07-26,2023-09-04,RVNL,0.224600,target,27,69619.61
2023-07-31,2023-09-18,PNBHOUSING,0.108200,trailing,34,1890.34
2023-08-01,2023-09-06,NCC,0.027000,trailing,25,8904.30
2023-08-02,2023-08-17,FINCABLES,0.005100,trailing,10,218.60
2023-08-02,2023-08-25,MAZDOCK,-0.012000,trailing,16,-5254.46
2023-08-03,2023-08-18,APARINDS,0.222500,target,10,78746.44
2023-08-03,2023-08-30,UCOBANK,0.119800,trailing,18,254.28
2023-08-08,2023-08-30,ENGINERSIN,0.046500,trailing,15,56.00
2023-08-10,2023-08-30,ZENSARTECH,0.012100,trailing,13,3518.28
2023-08-18,2023-09-05,CYIENT,0.224600,target,12,24018.35
2023-08-21,2023-09-28,APARINDS,0.103100,trailing,27,36979.98
2023-08-25,2023-09-11,JSL,0.222500,target,11,15506.42
2023-08-28,2023-09-11,MAZDOCK,0.224600,target,10,78823.53
2023-08-31,2023-09-14,ZENSARTECH,0.070600,trailing,10,25618.59
2023-09-01,2023-09-15,PFC,0.086900,trailing,10,31.07
2023-09-05,2023-09-20,RVNL,0.035700,trailing,10,12685.70
2023-09-06,2023-09-21,IRCON,0.070700,trailing,10,8.31
2023-09-06,2023-10-23,JINDALSAW,-0.023100,trailing,31,-3394.83
2023-09-07,2023-10-09,ENGINERSIN,-0.131700,atr_stop,20,-122.00
2023-09-07,2023-11-23,OLECTRA,-0.008300,trailing,51,-4069.00
2023-09-08,2023-09-25,FACT,0.035900,trailing,10,6868.20
2023-09-12,2023-09-21,JSL,-0.124200,atr_stop,6,-13705.92
2023-09-12,2023-10-25,MAZDOCK,-0.184600,atr_stop,28,-77018.56
2023-09-13,2023-10-05,RECLTD,0.125100,trailing,14,189.29
2023-09-14,2023-10-16,KALYANKJIL,0.224600,target,20,67462.96
2023-09-15,2023-12-20,ZENSARTECH,0.062800,time_exit,63,24210.31
2023-09-18,2023-10-05,PFC,0.072400,trailing,11,56.13
2023-09-20,2023-10-18,CYIENT,0.002800,trailing,19,4.71
2023-09-21,2023-10-09,RVNL,-0.013500,trailing,11,-6398.72
2023-09-22,2023-10-09,IRCON,-0.023100,trailing,10,-3.36
2023-09-22,2023-10-09,JSL,-0.019100,trailing,10,-2048.37
2023-09-25,2023-10-10,GLENMARK,-0.022100,trailing,10,-1302.37
2023-09-26,2023-10-17,FACT,0.224600,target,14,47458.44
2023-09-29,2023-11-22,APARINDS,0.012200,trailing,35,3856.92
2023-10-06,2023-11-13,PFC,0.224600,target,25,48.30
2023-10-06,2023-10-23,RECLTD,-0.009500,trailing,11,-60.70
2023-10-10,2023-10-25,IRCON,0.015400,trailing,10,1.65
2023-10-10,2023-11-22,JSL,0.095400,trailing,29,6218.75
2023-10-10,2023-10-25,RVNL,-0.070800,trailing,10,-30530.65
2023-10-11,2023-10-26,ENGINERSIN,-0.160100,atr_stop,10,-8358.97
2023-10-17,2023-11-09,KALYANKJIL,0.224600,target,16,82422.49
2023-10-18,2023-12-08,FACT,0.029200,trailing,34,6934.35
2023-10-19,2023-11-03,BSE,0.224600,target,10,4245.11
2023-10-19,2023-12-07,SJVN,0.224600,target,32,94.37
2023-10-25,2023-11-08,JINDALSAW,0.222500,target,10,29351.82
2023-10-26,2023-11-17,IRCON,0.224600,target,15,28.84
2023-10-26,2023-12-20,MAZDOCK,0.120900,trailing,37,46996.95
2023-10-26,2023-11-13,RECLTD,0.224600,target,12,71710.86
2023-10-27,2023-12-19,RVNL,0.224600,target,35,9560.51
2023-11-06,2023-11-21,BSE,0.224600,target,10,5063.78
2023-11-09,2023-11-24,JINDALSAW,-0.051800,trailing,10,-8872.09
2023-11-10,2023-12-04,CYIENT,0.224600,target,14,3536.75
2023-11-10,2024-01-16,KALYANKJIL,0.088000,trailing,44,37371.82
2023-11-15,2023-12-13,RECLTD,0.224600,target,19,87637.63
2023-11-20,2023-12-20,IRCON,-0.042700,trailing,21,-14.84
2023-11-22,2023-12-11,BSE,0.088300,trailing,12,2384.63
2023-11-23,2024-01-10,APARINDS,0.008000,trailing,32,2408.30
2023-11-23,2023-12-08,PFC,0.224600,target,10,7168.27
2023-11-24,2023-12-20,ITI,0.008500,trailing,17,2157.86
2023-11-28,2023-12-12,JINDALSAW,-0.016400,trailing,10,-2936.62
2023-12-05,2023-12-20,OLECTRA,0.001100,trailing,11,-28.94
2023-12-08,2023-12-22,SJVN,-0.019000,trailing,10,-15.11
2023-12-11,2024-01-30,FACT,0.111500,trailing,33,33387.89
2023-12-11,2023-12-26,PFC,0.015200,trailing,10,4.41
2023-12-12,2024-02-12,BSE,-0.002800,trailing,41,-160.26
2023-12-12,2024-01-08,COCHINSHIP,0.004900,trailing,18,1.48
2023-12-13,2024-01-23,JINDALSAW,0.070500,trailing,27,10276.59
2023-12-14,2024-02-09,RECLTD,0.078100,trailing,38,35630.22
2023-12-20,2024-01-09,WELCORP,-0.013500,trailing,13,-1011.84
2023-12-21,2024-01-11,IRCON,0.224600,target,14,103707.65
2023-12-21,2024-01-16,ITI,0.224600,target,17,103256.27
2023-12-21,2024-01-08,MAZDOCK,0.055900,trailing,11,17497.39
2023-12-21,2024-01-15,RVNL,0.224600,target,16,37.42
2023-12-26,2024-01-23,SJVN,0.224600,target,19,171.79
2023-12-27,2024-02-09,PFC,0.085700,trailing,30,29.83
2024-01-09,2024-01-16,ANGELONE,-0.131300,atr_stop,5,-46378.69
2024-01-10,2024-01-30,MAZDOCK,0.019900,trailing,12,1063.70
2024-01-11,2024-02-09,WELCORP,0.007000,trailing,19,1965.24
2024-01-12,2024-02-09,APARINDS,0.120800,trailing,18,7031.56
2024-01-12,2024-02-12,COCHINSHIP,0.040500,trailing,19,86.73
2024-01-12,2024-01-30,IRCON,0.224600,target,10,112895.02
2024-01-17,2024-02-29,ANGELONE,-0.176800,atr_stop,29,-54781.15
2024-01-17,2024-02-12,ITI,-0.223800,atr_stop,16,-117455.93
2024-01-17,2024-02-19,KALYANKJIL,0.023200,trailing,21,10704.27
2024-01-24,2024-02-12,JINDALSAW,0.036900,trailing,12,5585.88
2024-01-24,2024-02-08,SJVN,0.224600,target,10,22.18
2024-01-31,2024-02-29,FACT,-0.159500,atr_stop,21,-78614.83
2024-01-31,2024-03-13,IRCON,-0.209200,atr_stop,29,-114083.79
2024-01-31,2024-02-12,NLCINDIA,-0.165500,atr_stop,8,-41.38
2024-02-09,2024-02-12,SJVN,-0.258000,atr_stop,1,-75.35
2024-02-12,2024-03-12,NBCC,-0.207600,atr_stop,20,-60.64
2024-02-12,2024-03-19,PFC,-0.148800,atr_stop,25,-74748.06
2024-02-12,2024-04-10,PRESTIGE,0.036600,trailing,39,1141.04
2024-02-12,2024-05-06,RECLTD,0.080700,trailing,54,38905.71
2024-02-13,2024-03-13,BSE,-0.160900,atr_stop,20,-81580.76
2024-02-13,2024-02-28,ITI,0.057400,trailing,11,5645.04
2024-02-13,2024-02-28,SJVN,0.108100,trailing,11,10.80
2024-02-20,2024-04-03,COCHINSHIP,0.224600,target,28,113874.43
2024-02-20,2024-03-12,KALYANKJIL,0.016900,trailing,14,244.32
2024-02-20,2024-05-28,NLCINDIA,-0.121000,time_exit,63,-30.21
2024-02-29,2024-03-13,ITI,-0.228000,atr_stop,8,-25097.51
2024-03-01,2024-03-18,ADANIPOWER,-0.042600,trailing,10,-4.99
2024-03-01,2024-03-18,BHEL,-0.025800,trailing,10,-6914.53
2024-03-01,2024-04-15,SJVN,0.009600,trailing,27,2877.58
2024-03-13,2024-04-15,NBCC,0.087000,trailing,20,1485.71
2024-03-14,2024-04-01,BSE,0.224600,target,10,101169.53
2024-03-14,2024-04-01,IRCON,0.224600,target,10,21218.93
2024-03-14,2024-04-12,ITI,0.124100,trailing,18,45540.66
2024-03-19,2024-04-26,BHEL,0.224600,target,24,49.59
2024-03-19,2024-04-16,KALYANKJIL,0.100900,trailing,17,36.64
2024-03-19,2024-04-08,TATAINVEST,0.035200,trailing,12,7698.76
2024-03-20,2024-04-15,PFC,0.082700,trailing,15,33549.76
2024-04-02,2024-04-29,BSE,0.018400,trailing,17,8037.13
2024-04-02,2024-05-07,IRCON,0.025600,trailing,22,5.07
2024-04-02,2024-05-03,SOBHA,0.224600,target,20,36276.57
2024-04-04,2024-04-24,COCHINSHIP,0.224600,target,12,116618.78
2024-04-04,2024-04-22,HINDCOPPER,0.224600,target,10,22424.72
2024-04-09,2024-07-12,TATAINVEST,-0.091900,time_exit,63,-23069.79
2024-04-12,2024-05-06,RVNL,0.065700,trailing,14,2194.75
2024-04-15,2024-05-06,ITI,0.132000,trailing,13,54375.82
2024-04-16,2024-05-06,NBCC,0.069000,trailing,12,33588.13
2024-04-16,2024-05-07,SJVN,0.022800,trailing,13,7725.58
2024-04-18,2024-06-28,KALYANKJIL,0.224600,target,48,92.11
2024-04-23,2024-05-08,PFC,0.083000,trailing,10,9912.44
2024-04-25,2024-05-10,COCHINSHIP,-0.037900,trailing,10,-22489.83
2024-04-25,2024-05-23,HINDCOPPER,-0.016800,trailing,18,-1668.83
2024-04-29,2024-05-14,BHEL,0.021500,trailing,10,5.31
2024-04-30,2024-07-10,BSE,-0.198400,atr_stop,48,-104044.96
2024-05-06,2024-05-28,SOBHA,0.023800,trailing,15,4236.91
2024-05-07,2024-05-28,IOB,0.089300,trailing,14,42838.29
2024-05-07,2024-05-28,NBCC,0.037900,trailing,14,19344.11
2024-05-07,2024-05-30,RECLTD,0.048400,trailing,16,24935.92
2024-05-08,2024-05-28,SJVN,0.094700,trailing,13,35893.87
2024-05-09,2024-05-24,IRCON,0.150700,trailing,10,19712.20
2024-05-13,2024-05-28,COCHINSHIP,0.224600,target,10,117420.16
2024-05-13,2024-05-30,IRB,0.025700,trailing,12,5.79
2024-05-13,2024-05-29,OIL,0.031500,trailing,11,112.65
2024-05-15,2024-05-30,BHEL,0.003700,trailing,10,0.30
2024-05-24,2024-06-04,HINDCOPPER,-0.204500,atr_stop,7,-17449.33
2024-05-27,2024-06-10,IRCON,-0.082300,trailing,10,-12981.02
2024-05-29,2024-06-12,COCHINSHIP,0.000500,trailing,10,-1238.32
2024-05-29,2024-08-29,IOB,-0.137300,time_exit,63,-2176.04
2024-05-29,2024-06-26,NBCC,0.096900,trailing,19,55987.61
2024-05-29,2024-07-18,SJVN,0.049800,trailing,34,27910.14
2024-05-29,2024-06-19,SOBHA,0.058000,trailing,14,32809.29
2024-05-30,2024-07-11,OIL,0.224600,target,29,896.64
2024-05-31,2024-06-04,BHEL,-0.157600,atr_stop,2,-91358.08
2024-05-31,2024-06-14,IRB,0.016900,trailing,10,0.93
2024-06-05,2024-07-03,BHEL,0.224600,target,19,114086.33
2024-06-05,2024-06-26,HINDCOPPER,0.057500,trailing,14,1738.78
2024-06-11,2024-07-05,IRCON,0.224600,target,17,55.14
2024-06-11,2024-07-10,RECLTD,0.224600,target,20,31029.86
2024-06-13,2024-06-28,COCHINSHIP,0.157200,trailing,10,90663.17
2024-06-18,2024-07-19,IRB,-0.013100,trailing,22,-11.02
2024-06-20,2024-07-04,PRESTIGE,-0.047000,trailing,10,-930.73
2024-06-20,2024-09-09,SOBHA,-0.183700,atr_stop,55,-112696.99
2024-06-27,2024-07-12,HINDCOPPER,0.021400,trailing,11,1576.19
2024-06-27,2024-07-11,NBCC,0.224600,target,10,133215.82
2024-07-01,2024-07-15,COCHINSHIP,0.224600,target,10,131940.41
2024-07-01,2024-07-15,RVNL,0.224600,target,10,18456.47
2024-07-04,2024-07-19,BHEL,-0.063700,trailing,10,-41632.25
2024-07-05,2024-08-01,PRESTIGE,-0.026800,trailing,18,-528.91
2024-07-11,2024-08-05,BSE,0.049800,trailing,16,178.13
2024-07-11,2024-07-19,HAL,-0.128100,atr_stop,5,-75917.39
2024-07-12,2024-10-14,NBCC,-0.123800,time_exit,63,-83324.81
2024-07-12,2024-07-29,OIL,0.013700,trailing,10,874.62
2024-07-15,2024-08-22,TRENT,0.224600,target,26,68012.37
2024-07-16,2024-08-13,COCHINSHIP,-0.199500,atr_stop,19,-130501.07
2024-07-16,2024-08-09,RVNL,-0.171800,atr_stop,17,-31737.16
2024-07-19,2024-10-07,AEGISLOG,-0.232400,atr_stop,54,-3902.29
2024-07-19,2024-09-04,HINDCOPPER,-0.017200,trailing,32,-11908.42
2024-07-19,2024-09-05,IRCON,-0.179500,atr_stop,33,-54.60
2024-07-22,2024-08-05,BHEL,-0.009300,trailing,10,-5747.82
2024-07-22,2024-08-05,HAL,-0.044400,trailing,10,-28695.31
2024-07-30,2024-08-14,OIL,0.224600,target,11,17736.84
2024-08-02,2024-08-21,PRESTIGE,-0.004100,trailing,12,-116.97
2024-08-06,2024-08-29,BHEL,-0.003600,trailing,16,-3088.95
2024-08-06,2024-08-29,HAL,0.002000,trailing,16,-363.43
2024-08-12,2024-09-06,RVNL,0.085800,trailing,18,12528.06
2024-08-14,2024-09-18,COCHINSHIP,-0.220900,atr_stop,24,-115128.52
2024-08-14,2024-11-13,HINDZINC,-0.107700,time_exit,63,-57.62
2024-08-16,2024-09-04,OIL,0.028500,trailing,13,2525.13
2024-08-22,2024-09-05,PRESTIGE,0.012400,trailing,10,154.26
2024-08-23,2024-09-06,MAZDOCK,-0.017700,trailing,10,-7593.28
2024-08-30,2024-10-22,ARE&M,-0.172600,atr_stop,36,-84776.15
2024-08-30,2024-10-03,TRENT,0.037500,trailing,23,20576.10
2024-09-05,2024-09-19,OFSS,-0.023600,trailing,10,-2747.18
2024-09-05,2024-09-19,OIL,-0.171400,atr_stop,10,-101517.60
2024-09-06,2024-09-26,PRESTIGE,0.006000,trailing,14,55.18
2024-09-06,2024-09-30,SUZLON,0.042000,trailing,16,66.39
2024-09-09,2024-10-07,RVNL,-0.204600,atr_stop,19,-109626.07
2024-09-10,2024-10-22,MAZDOCK,-0.047100,trailing,29,-24450.11
2024-09-19,2024-10-04,COCHINSHIP,-0.059000,trailing,10,-24643.41
2024-09-20,2024-10-07,OFSS,-0.016300,trailing,10,-585.22
2024-09-20,2024-12-13,OIL,-0.212500,atr_stop,57,-118697.93
2024-09-26,2024-11-21,GODFRYPHLP,-0.177500,atr_stop,37,-419.32
2024-09-27,2024-10-25,DIXON,-0.013600,trailing,19,-228.69
2024-09-27,2024-10-25,INDUSTOWER,-0.148200,atr_stop,19,-295.80
2024-10-01,2024-10-22,SUZLON,-0.147100,atr_stop,14,-312.21
2024-10-04,2024-12-20,KALYANKJIL,-0.022500,trailing,53,-2075.11
2024-10-04,2024-10-18,TRENT,0.042900,trailing,10,21233.21
2024-10-07,2025-01-07,COCHINSHIP,-0.084600,time_exit,63,-32714.28
2024-10-08,2024-10-22,RVNL,-0.002400,trailing,10,-2297.87
2024-10-15,2024-10-24,NBCC,-0.173400,atr_stop,7,-6812.69
2024-10-15,2024-12-20,OFSS,0.033800,trailing,46,16782.90
2024-10-21,2024-11-12,JUBLPHARMA,0.012900,trailing,16,335.66
2024-10-21,2024-11-05,TRENT,-0.109800,atr_stop,11,-57846.85
2024-10-23,2024-11-11,BASF,0.077200,trailing,13,25450.92
2024-10-23,2024-11-08,RVNL,0.017200,trailing,12,7211.97
2024-10-23,2024-11-07,SUZLON,-0.008400,trailing,11,-3.71
2024-10-23,2024-11-06,WOCKPHARMA,0.222500,target,10,108666.26
2024-10-25,2024-12-17,MAZDOCK,0.224600,target,35,6925.32
2024-10-28,2024-11-12,DIXON,0.063300,trailing,11,855.38
2024-10-28,2024-11-11,NBCC,0.078800,trailing,10,164.41
2024-11-06,2025-01-06,TRENT,-0.004600,trailing,40,-3301.06
2024-11-07,2024-12-16,WOCKPHARMA,0.224600,target,25,116021.32
2024-11-08,2024-12-16,KAYNES,0.224600,target,24,18051.04
2024-11-11,2024-12-19,RVNL,0.006700,trailing,26,2082.19
2024-11-12,2024-11-18,BASF,-0.235300,atr_stop,3,-87765.36
2024-11-13,2024-12-09,JUBLPHARMA,-0.001800,trailing,16,-207.99
2024-11-19,2025-01-24,BASF,-0.245400,atr_stop,46,-69659.04
2024-11-19,2025-01-10,GLENMARK,0.032500,trailing,36,44.38
2024-11-22,2025-01-13,GODFRYPHLP,-0.250400,atr_stop,35,-487.11
2024-12-10,2024-12-24,DIXON,0.027300,trailing,10,858.56
2024-12-10,2025-01-13,JUBLPHARMA,-0.210000,atr_stop,23,-2715.99
2024-12-16,2025-01-13,DEEPAKFERT,-0.196000,atr_stop,19,-86033.38
2024-12-17,2025-01-27,BSE,-0.041700,trailing,28,-166.84
2024-12-17,2025-01-06,KAYNES,-0.006700,trailing,13,-1936.36
2024-12-17,2025-01-27,WOCKPHARMA,-0.162500,atr_stop,28,-86606.74
2024-12-18,2025-01-06,MCX,-0.137100,atr_stop,12,-5426.80
2024-12-20,2025-01-13,POLICYBZR,-0.213200,atr_stop,15,-108759.49
2024-12-23,2025-01-07,KALYANKJIL,-0.007500,trailing,10,-5086.44
2024-12-23,2025-01-07,OFSS,-0.021300,trailing,10,-3022.55
2024-12-26,2025-01-13,DIXON,-0.116300,atr_stop,12,-4250.36
2025-01-07,2025-01-21,KAYNES,-0.167100,atr_stop,10,-85107.18
2025-01-07,2025-01-14,KFINTECH,-0.192300,atr_stop,5,-38434.22
2025-01-08,2025-01-13,KALYANKJIL,-0.209700,atr_stop,3,-104507.82
2025-01-08,2025-02-28,MCX,-0.172400,atr_stop,37,-839.46
2025-01-08,2025-02-11,PPLPHARMA,-0.190200,atr_stop,25,-145.53
2025-01-08,2025-01-21,TRENT,-0.165700,atr_stop,9,-78398.67
2025-01-13,2025-01-27,FSL,-0.061700,trailing,10,-93.14
2025-01-14,2025-01-28,DEEPAKFERT,0.043000,trailing,10,17566.59
2025-01-14,2025-01-28,DIXON,-0.083500,trailing,10,-36917.60
2025-01-14,2025-02-04,GODFRYPHLP,0.065500,trailing,16,19515.62
2025-01-15,2025-01-24,KALYANKJIL,-0.236200,atr_stop,7,-142.74
2025-01-15,2025-01-29,KFINTECH,-0.073600,trailing,10,-12052.77
2025-01-22,2025-02-07,JUBLPHARMA,0.054700,trailing,13,1422.06
2025-01-22,2025-02-04,KAYNES,-0.253700,atr_stop,10,-93270.34
2025-01-22,2025-03-07,PAYTM,-0.195100,atr_stop,32,-81605.65
2025-01-27,2025-02-07,MAZDOCK,-0.027000,trailing,10,-6244.18
2025-01-28,2025-02-11,BSE,-0.047600,trailing,11,-3176.51
2025-01-28,2025-02-28,FSL,-0.010800,trailing,23,-22.88
2025-01-28,2025-02-10,WOCKPHARMA,0.224600,target,10,84190.12
2025-01-29,2025-02-11,CDSL,-0.024700,trailing,10,-1201.82
2025-01-29,2025-02-11,DEEPAKFERT,-0.044000,trailing,10,-18897.49
2025-01-29,2025-05-06,DIXON,0.098600,time_exit,63,37790.44
2025-01-30,2025-02-12,KFINTECH,-0.091200,trailing,10,-13795.21
2025-02-05,2025-02-18,AMBER,-0.210800,atr_stop,9,-68459.07
2025-02-05,2025-03-27,KAYNES,0.066400,trailing,34,17501.12
2025-02-05,2025-03-07,POLICYBZR,-0.189100,atr_stop,21,-989.30
2025-02-10,2025-03-20,MAZDOCK,0.224600,target,26,51972.68
2025-02-11,2025-05-20,JUBLPHARMA,-0.010400,time_exit,63,-892.93
2025-02-11,2025-02-27,WOCKPHARMA,-0.231800,atr_stop,11,-92531.03
2025-02-12,2025-02-27,BSE,-0.007100,trailing,10,-3782.14
2025-02-12,2025-03-19,DEEPAKFERT,0.004900,trailing,23,223.65
2025-02-12,2025-02-27,PPLPHARMA,0.002000,trailing,10,-0.35
2025-02-13,2025-03-26,KFINTECH,0.017200,trailing,27,1948.88
2025-02-19,2025-03-19,AMBER,0.224600,target,18,55606.84
2025-02-19,2025-03-06,CDSL,-0.002500,trailing,10,-5.99
2025-02-28,2025-03-10,BSE,-0.219700,atr_stop,6,-75214.60
2025-02-28,2025-04-07,PPLPHARMA,0.073600,trailing,24,4191.97
2025-02-28,2025-03-19,WOCKPHARMA,0.224600,target,12,65302.61
2025-03-03,2025-03-17,FSL,-0.186200,atr_stop,9,-1075.06
2025-03-10,2025-04-04,CAPLIPOINT,0.002700,trailing,17,0.48
2025-03-10,2025-04-04,PAYTM,0.224600,target,17,73904.74
2025-03-11,2025-03-26,BSE,0.140400,trailing,10,36218.16
2025-03-19,2025-06-13,ITC,0.027100,trailing,57,122.07
2025-03-20,2025-04-07,DEEPAKFERT,-0.008700,trailing,11,-4179.99
2025-03-20,2025-04-04,FSL,0.080700,trailing,10,45.76
2025-03-20,2025-04-04,WOCKPHARMA,-0.072700,trailing,10,-29603.95
2025-03-21,2025-05-06,AMBER,-0.194100,atr_stop,27,-55657.31
2025-03-21,2025-05-07,MAZDOCK,0.066100,trailing,28,166.32
2025-03-27,2025-04-15,BSE,0.224600,target,10,84308.83
2025-03-27,2025-04-22,KFINTECH,0.224600,target,14,12004.52
2025-03-28,2025-04-22,KAYNES,0.224600,target,13,64930.91
2025-04-07,2025-04-24,FSL,0.224600,target,10,9377.37
2025-04-07,2025-04-30,PAYTM,0.129300,trailing,14,49182.79
2025-04-07,2025-04-24,WOCKPHARMA,0.224600,target,10,76413.64
2025-04-08,2025-05-06,COFORGE,0.224600,target,16,5140.41
2025-04-08,2025-05-06,DEEPAKFERT,0.112200,trailing,16,44387.24
2025-04-09,2025-04-30,KIMS,0.131400,trailing,12,74.53
2025-04-16,2025-05-02,BSE,0.054100,trailing,10,22914.09
2025-04-16,2025-05-07,GODFRYPHLP,0.140700,trailing,13,2350.53
2025-04-23,2025-05-29,COROMANDEL,0.061100,trailing,25,24832.55
2025-04-25,2025-05-30,FSL,0.042200,trailing,24,399.90
2025-04-25,2025-06-11,WOCKPHARMA,0.224600,target,32,102683.00
2025-05-02,2025-05-21,JSWHL,0.038000,trailing,13,15020.98
2025-05-02,2025-07-30,PGEL,-0.056700,time_exit,63,-809.01
2025-05-05,2025-05-22,BSE,0.104200,trailing,13,46686.70
2025-05-05,2025-05-26,SARDAEN,0.023800,trailing,15,182.93
2025-05-07,2025-05-29,DEEPAKFERT,0.222500,target,16,100710.01
2025-05-07,2025-06-04,LLOYDSME,0.224600,target,20,49656.62
2025-05-07,2025-05-22,PAYTM,0.024300,trailing,11,9837.48
2025-05-08,2025-05-22,GODFRYPHLP,-0.012400,trailing,10,-332.69
2025-05-19,2025-06-24,AIIL,0.222500,target,26,190.70
2025-05-21,2025-07-21,AMBER,0.148000,trailing,43,9443.56
2025-05-22,2025-08-06,JSWHL,-0.193500,atr_stop,54,-82363.72
2025-05-22,2025-06-11,NEULANDLAB,0.224600,target,14,2475.53
2025-05-23,2025-06-06,BSE,0.224600,target,10,105649.88
2025-05-23,2025-07-07,GODFRYPHLP,0.014400,trailing,31,522.40
2025-05-23,2025-06-12,PAYTM,0.077600,trailing,14,35948.24
2025-05-27,2025-08-05,SARDAEN,0.222500,target,50,2528.75
2025-05-30,2025-07-07,DEEPAKFERT,0.056000,trailing,26,26817.31
2025-05-30,2025-06-19,KIMS,-0.006100,trailing,14,-4346.44
2025-06-02,2025-07-01,FSL,-0.037300,trailing,21,-608.85
2025-06-05,2025-07-08,LLOYDSME,-0.012100,trailing,23,-3995.51
2025-06-09,2025-06-19,BSE,-0.127000,atr_stop,8,-67308.16
2025-06-12,2025-06-27,NH,0.224600,target,11,25994.81
2025-06-12,2025-08-05,WOCKPHARMA,-0.157600,atr_stop,38,-83935.76
2025-06-13,2025-07-23,PAYTM,0.224600,target,28,114448.50
2025-06-16,2025-07-07,ASTERDM,0.090400,trailing,15,497.04
2025-06-20,2025-07-04,BSE,0.012500,trailing,10,5026.44
2025-06-20,2025-07-24,KIMS,0.222500,target,24,97088.95
2025-06-25,2025-07-25,AIIL,0.019000,trailing,22,26.42
2025-06-30,2025-07-28,MCX,-0.129800,atr_stop,20,-18710.83
2025-07-02,2025-07-25,RPOWER,-0.183800,atr_stop,17,-3042.62
2025-07-07,2025-08-26,BSE,-0.160100,atr_stop,35,-83096.32
2025-07-08,2025-10-08,DEEPAKFERT,-0.028900,time_exit,63,-1948.54
2025-07-08,2025-07-24,GODFRYPHLP,0.027700,trailing,12,13026.44
2025-07-09,2025-08-29,LLOYDSME,-0.133600,atr_stop,35,-36373.30
2025-07-22,2025-10-24,NH,-0.097500,time_exit,63,-7490.22
2025-07-24,2025-09-17,ASTERDM,0.019500,trailing,37,1386.40
2025-07-24,2025-08-29,PAYTM,0.132200,trailing,24,71023.90
2025-07-25,2025-08-08,GODFRYPHLP,0.123100,trailing,10,64995.22
2025-07-25,2025-09-30,SOLARINDS,-0.098800,atr_stop,45,-52380.21
2025-07-28,2025-08-08,RPOWER,-0.218400,atr_stop,9,-6474.06
2025-07-29,2025-08-29,AIIL,0.224600,target,21,27155.74
2025-07-31,2025-09-26,LAURUSLABS,-0.043200,trailing,39,-39.69
2025-07-31,2025-08-21,MCX,0.026300,trailing,14,292.50
2025-08-06,2025-09-19,REDINGTON,0.224600,target,30,56.34
2025-08-06,2025-11-11,WOCKPHARMA,-0.124100,time_exit,63,-57507.12
2025-08-07,2025-10-03,JSWHL,-0.024400,stale,38,-8644.93
2025-08-11,2025-08-26,GODFRYPHLP,0.032800,trailing,10,5909.03
2025-08-11,2025-08-26,RPOWER,0.038500,trailing,10,16077.25
2025-08-22,2025-09-26,GVT&D,0.055500,trailing,24,582.06
2025-08-28,2025-09-11,BSE,-0.025900,trailing,10,-15077.42
2025-08-28,2025-09-11,GODFRYPHLP,-0.021300,trailing,10,-1935.35
2025-08-28,2025-09-15,RPOWER,0.024800,trailing,12,10749.49
2025-09-01,2025-11-10,AIIL,-0.154100,atr_stop,46,-82687.58
2025-09-01,2025-11-13,LLOYDSME,-0.020600,trailing,49,-10963.46
2025-09-12,2025-11-07,BSE,0.224600,target,36,118738.45
2025-09-12,2025-11-21,SYRMA,-0.003900,trailing,46,-382.33
2025-09-16,2025-09-30,JKCEMENT,-0.033800,trailing,10,-18016.97
2025-09-18,2025-11-04,MANAPPURAM,-0.091500,atr_stop,30,-7868.56
2025-09-29,2025-11-17,LAURUSLABS,0.224600,target,31,2767.76
2025-10-01,2025-12-08,GODFRYPHLP,-0.215700,atr_stop,43,-92612.61
2025-10-01,2025-10-16,GVT&D,-0.021200,trailing,10,-12233.31
2025-10-01,2025-11-18,RBLBANK,0.129800,trailing,30,282.28
2025-10-06,2025-10-20,JKCEMENT,0.024300,trailing,10,6646.50
2025-10-06,2025-11-21,LTF,0.089600,trailing,31,68.31
2025-10-06,2025-11-19,PAYTM,0.099800,trailing,29,339.58
2025-10-09,2025-11-12,FORTIS,-0.087200,atr_stop,21,-5334.27
2025-10-17,2025-11-06,GVT&D,0.022000,trailing,11,9716.18
2025-10-23,2025-11-04,JKCEMENT,-0.107500,atr_stop,8,-34153.60
2025-10-27,2025-11-24,GMDCLTD,-0.201200,atr_stop,19,-14830.71
2025-11-06,2025-12-08,MANAPPURAM,0.019400,trailing,21,5910.10
2025-11-07,2025-12-16,ABCAPITAL,0.072700,trailing,26,181.52
2025-11-07,2026-01-08,GVT&D,-0.003500,trailing,42,-3079.62
2025-11-10,2026-02-11,ANANDRATHI,-0.034400,time_exit,63,-19242.29
2025-11-11,2025-11-25,AIIL,-0.038800,trailing,10,-21477.74
2025-11-12,2025-12-02,HBLENGINE,-0.166000,atr_stop,13,-77024.96
2025-11-13,2025-12-08,FORTIS,-0.114400,atr_stop,16,-6355.85
2025-11-14,2026-01-30,MUTHOOTFIN,0.048200,trailing,51,20922.47
2025-11-18,2026-01-12,LAURUSLABS,0.013800,trailing,37,194.83
2025-11-19,2026-02-23,RBLBANK,0.021000,time_exit,63,57.57
2025-11-20,2025-12-05,CREDITACC,-0.023900,trailing,10,-70.00
2025-11-24,2026-01-09,LTF,0.037100,trailing,32,2076.15
2025-11-25,2025-12-10,GMDCLTD,0.032600,trailing,10,1737.44
2025-11-27,2026-01-13,AIIL,0.222500,target,32,108500.89
2025-11-27,2025-12-08,SYRMA,-0.154300,atr_stop,7,-539.85
2025-12-03,2026-01-08,HBLENGINE,0.072100,trailing,25,26392.30
2025-12-08,2026-01-12,INDIANB,0.022300,trailing,24,46.73
2025-12-09,2025-12-30,GODFRYPHLP,0.011000,trailing,14,3991.59
2025-12-09,2026-01-09,MANAPPURAM,0.049900,trailing,22,12662.94
2025-12-11,2025-12-26,GMDCLTD,0.224600,target,10,13177.29
2025-12-17,2026-01-21,ABCAPITAL,-0.008600,trailing,23,-31.21
2025-12-29,2026-01-12,GMDCLTD,-0.043800,trailing,10,-3360.97
2025-12-31,2026-01-21,MCX,0.048700,trailing,14,21998.75
2026-01-09,2026-02-04,GVT&D,0.224600,target,16,89232.67
2026-01-09,2026-01-19,HBLENGINE,-0.169700,atr_stop,5,-87369.52
2026-01-09,2026-01-28,HINDCOPPER,0.224600,target,11,574.94
2026-01-12,2026-03-09,LTF,-0.114700,atr_stop,36,-40216.97
2026-01-13,2026-01-30,GMDCLTD,0.009400,trailing,11,605.41
2026-01-14,2026-01-30,CANBK,-0.026600,trailing,10,-21.38
2026-01-14,2026-02-13,CHENNPETRO,0.067600,trailing,20,5619.83
2026-01-14,2026-01-30,LAURUSLABS,-0.093100,atr_stop,10,-49251.47
2026-01-20,2026-02-13,HBLENGINE,0.013700,trailing,17,4647.61
2026-01-22,2026-03-13,ABCAPITAL,-0.117800,atr_stop,33,-58560.08
2026-01-22,2026-03-11,AUBANK,-0.085500,atr_stop,31,-88.31
2026-01-22,2026-02-06,MCX,0.001300,trailing,10,-18.96
2026-01-29,2026-02-16,HINDCOPPER,-0.132500,atr_stop,12,-446.32
2026-02-02,2026-02-16,GMDCLTD,-0.024700,trailing,10,-13422.72
2026-02-02,2026-03-04,LAURUSLABS,0.120500,trailing,20,57851.37
2026-02-02,2026-02-16,NATIONALUM,0.015300,trailing,10,683.68
2026-02-05,2026-03-04,CANBK,-0.008200,trailing,17,-1.55
2026-02-05,2026-03-04,GVT&D,0.048400,trailing,17,22491.75
2026-02-09,2026-03-19,MCX,0.040300,trailing,26,457.36
2026-02-12,2026-02-23,JKTYRE,-0.120600,atr_stop,6,-148.90
2026-02-12,2026-02-16,MUTHOOTFIN,-0.115300,atr_stop,2,-59047.24
2026-02-16,2026-05-12,HBLENGINE,0.031000,trailing,52,257.73
2026-02-16,2026-04-23,IIFL,-0.169200,atr_stop,40,-87148.92
2026-02-18,2026-03-05,HINDCOPPER,0.014500,trailing,10,6123.85
2026-02-18,2026-03-13,NATIONALUM,0.136500,trailing,16,62306.99
2026-02-24,2026-04-16,GMDCLTD,0.224600,target,30,869.48
2026-02-24,2026-05-12,RBLBANK,0.017600,trailing,47,4.79
2026-03-05,2026-04-23,GVT&D,0.224600,target,29,113451.59
2026-03-05,2026-05-18,JKTYRE,-0.183300,atr_stop,45,-95390.00
2026-03-05,2026-05-11,LAURUSLABS,0.224600,target,40,229.78
2026-03-05,2026-04-30,MUTHOOTFIN,0.024000,trailing,34,783.98
2026-03-06,2026-03-23,CANBK,-0.123000,atr_stop,10,-591.61
2026-03-06,2026-03-23,HINDCOPPER,-0.196200,atr_stop,10,-102262.15
2026-03-10,2026-04-30,LTF,0.035000,trailing,31,9810.71
2026-03-16,2026-04-06,ABCAPITAL,0.006400,trailing,10,1824.88
2026-03-16,2026-04-30,NATIONALUM,0.038100,trailing,27,17060.02
2026-03-23,2026-04-29,MCX,0.224600,target,22,2661.68
2026-03-24,2026-04-28,CANBK,0.029800,trailing,20,7.00
2026-03-24,2026-04-17,HINDCOPPER,0.224600,target,13,92546.46
2026-04-07,2026-05-11,ABCAPITAL,0.135800,trailing,22,63569.79
2026-04-17,2026-05-18,GMDCLTD,-0.153400,atr_stop,20,-815.03
2026-04-20,2026-05-15,HINDCOPPER,0.001200,trailing,18,-716.58
2026-04-24,2026-05-11,GVT&D,-0.022400,trailing,10,-12908.61
2026-04-30,2026-05-22,MCX,0.098000,trailing,15,1418.30
2026-05-04,2026-05-18,LTF,-0.005500,trailing,10,-4.47
2026-05-04,2026-06-04,NATIONALUM,0.041700,trailing,22,19940.44
2026-05-04,2026-05-18,SYRMA,0.005600,trailing,10,1004.38
2026-05-12,2026-05-27,GESHIP,-0.037900,trailing,11,-825.13
2026-05-12,2026-06-01,GVT&D,0.072300,trailing,13,35782.20
2026-05-12,2026-06-16,LAURUSLABS,0.080100,trailing,24,39551.10
2026-05-13,2026-06-01,CUMMINSIND,0.097600,trailing,12,981.94
2026-05-15,2026-06-01,ADANIPOWER,0.013400,trailing,10,7.41
2026-05-18,2026-06-25,HINDCOPPER,-0.153600,atr_stop,27,-79303.04
2026-05-19,2026-06-03,GMDCLTD,0.045800,trailing,10,21974.95
2026-05-19,2026-06-03,SYRMA,0.224600,target,10,56011.63
2026-05-25,2026-06-01,MCX,-0.125000,atr_stop,4,-2103.22
2026-06-02,2026-06-24,GVT&D,0.060900,trailing,16,30784.98
2026-06-04,2026-06-25,SYRMA,0.224600,target,15,795.24
2026-06-05,2026-06-23,NATIONALUM,-0.139300,atr_stop,12,-75149.71
