,blend
2017-09-18,0.0094201968325534
2017-09-19,-7.71948368332e-05
2017-09-20,-0.001296681383813122
2017-09-21,-0.0036890625074204996
2017-09-22,-0.00494498213571685
2017-09-25,-0.0065180225165726
2017-09-26,-0.0010510965908906
2017-09-27,-0.0059518430892488506
2017-09-28,0.00398692912150105
2017-09-29,0.0025001000321112
2017-10-03,-0.00193913307355885
2017-10-04,0.0051611829604527
2017-10-05,-0.00327761566088725
2017-10-06,0.00713499511329345
2017-10-09,-0.0050616151817543505
2017-10-10,-0.0022213457681194
2017-10-11,-0.0080796234834265
2017-10-12,0.0073374188964875
2017-10-13,0.00483741060795465
2017-10-16,0.0099936591491358
2017-10-17,-0.00223539929941175
2017-10-18,-0.0033478091237372502
2017-10-19,1.2093900486599913e-05
2017-10-23,-0.0033325759663932002
2017-10-24,0.0028930619663001
2017-10-25,-0.006877346514385
2017-10-26,0.0037147442494680997
2017-10-27,0.00023601994405746932
2017-10-30,0.00113431777418975
2017-10-31,-0.00287332240002085
2017-11-01,0.003844392291636785
2017-11-02,0.0038607691000343
2017-11-03,-0.0012369701350306
2017-11-06,0.0032088270818605
2017-11-07,-0.0079917860932924
2017-11-08,0.0013793996006411
2017-11-09,0.0031333105988662
2017-11-10,0.005809783221591664
2017-11-13,-0.00271695931769715
2017-11-14,-0.0063677556923517
2017-11-15,-0.010054810362783401
2017-11-16,0.00476250625404825
2017-11-17,0.0046527499531301
2017-11-20,0.01832391753094995
2017-11-21,0.0044568069361928505
2017-11-22,0.0046253564527222995
2017-11-23,-0.01440308898417165
2017-11-24,0.01531194951648345
2017-11-27,-0.0045066395152929
2017-11-28,0.00309397306585815
2017-11-29,0.00546933052874305
2017-11-30,-0.00235003142950375
2017-12-01,-0.0024600229165005
2017-12-04,0.004278624761848799
2017-12-05,-0.00332148523048185
2017-12-06,-0.00544606790555615
2017-12-07,0.011552481904867951
2017-12-08,0.0092882478420125
2017-12-11,0.01757886813331935
2017-12-12,-0.0037230956834262995
2017-12-13,-0.00601965558986325
2017-12-14,0.0030656914026645997
2017-12-15,0.0116261297975522
2017-12-18,0.0019724677254387498
2017-12-19,0.017209364018151152
2017-12-20,0.0043356274266764
2017-12-21,0.00024116728989810002
2017-12-22,3.908286070794997e-05
2017-12-26,0.00852762473138255
2017-12-27,-0.0011296318124572999
2017-12-28,0.00375610307485585
2017-12-29,0.006606596913143
2018-01-01,-0.0009470209885926559
2018-01-02,-0.002423586185179334
2018-01-03,0.0016170285517062089
2018-01-04,0.007318146311848703
2018-01-05,0.006000907042596176
2018-01-08,0.006284918517883174
2018-01-09,0.005207242491485917
2018-01-10,0.005339522512830517
2018-01-11,8.892066803213626e-05
2018-01-12,-0.005828213929352281
2018-01-15,-0.0024945639466597822
2018-01-16,0.0009274151831429466
2018-01-17,0.0039050479976863264
2018-01-18,-0.008378716885781779
2018-01-19,0.006663323770430303
2018-01-22,0.009102425560365127
2018-01-23,0.004430052985368982
2018-01-24,-0.006694245865212747
2018-01-25,0.003252466402792392
2018-01-29,0.012854361397894743
2018-01-30,-0.014325568809064751
2018-01-31,-0.009654198509515426
2018-02-01,-0.0011656141525801583
2018-02-02,-0.02528421424349675
2018-02-05,0.004756869877821411
2018-02-06,0.008592279817647555
2018-02-07,-0.0013312686203283473
2018-02-08,0.007987979863382573
2018-02-09,-0.00453798723635611
2018-02-12,0.0016772939003755801
2018-02-14,0.00026185934896431537
2018-02-15,-0.00935027070437944
2018-02-16,-0.006886712847085107
2018-02-19,-0.0047015696893969484
2018-02-20,0.0004259991659077212
2018-02-21,-0.0005882061032013676
2018-02-22,-0.007570662105462625
2018-02-23,0.008416698549496839
2018-02-26,0.005521947123682067
2018-02-27,-0.0007093781130698561
2018-02-28,-0.005104244050419174
2018-03-01,0.0019598116677262906
2018-03-05,-0.007129098344563519
2018-03-06,-0.009252807733319483
2018-03-07,-0.0077132892822769665
2018-03-08,-0.001923384358337759
2018-03-09,0.0020969877894802505
2018-03-12,0.012997232451872072
2018-03-13,0.0030549075185654848
2018-03-14,-0.005857940210660935
2018-03-15,-0.00016946170402650597
2018-03-16,-0.012184525041509521
2018-03-19,-0.010829861201632124
2018-03-20,-0.0009403490786100799
2018-03-21,0.0014879378845187425
2018-03-22,-0.003165372027070787
2018-03-23,-0.010371216877699851
2018-03-26,0.006040877249625375
2018-03-27,0.0050680140665574705
2018-03-28,-0.0020845003555393254
2018-04-02,0.014799859110726527
2018-04-03,0.0105949347285378
2018-04-04,-0.00375515092506417
2018-04-05,0.025313017493925314
2018-04-06,0.0018118710616243966
2018-04-09,0.006458079264626248
2018-04-10,-0.0009344489362215283
2018-04-11,0.004212509415942077
2018-04-12,0.0019624029940821137
2018-04-13,0.007633920374340706
2018-04-16,0.01630721925917337
2018-04-17,0.008301343537001604
2018-04-18,0.0066055699090248115
2018-04-19,0.0023271974222121784
2018-04-20,-0.005457897399998862
2018-04-23,0.002188901266800085
2018-04-24,0.004723627486355337
2018-04-25,-0.0004433189437166924
2018-04-26,0.0026284409546204436
2018-04-27,0.00030477071380690453
2018-04-30,0.014535083157068623
2018-05-02,-0.0012498317443846887
2018-05-03,-0.007127453177109439
2018-05-04,-0.0024090422773144857
2018-05-07,0.009931832938986725
2018-05-08,-0.0009201552874549246
2018-05-09,-0.0012352181630016273
2018-05-10,-0.004119609084571211
2018-05-11,0.0005553602336981281
2018-05-14,-0.0006013810395197688
2018-05-15,0.002213572725858026
2018-05-16,0.00485383400364825
2018-05-17,-0.005540575706542457
2018-05-18,-0.001926891323964586
2018-05-21,-0.0075372840746853655
2018-05-22,0.013510196317419693
2018-05-23,-0.008688769871161996
2018-05-24,-0.0037309445563548644
2018-05-25,0.012827611767272288
2018-05-28,0.0036685245967912504
2018-05-29,-0.004669516278121066
2018-05-30,0.0014365577534717865
2018-05-31,0.008966275021279481
2018-06-01,-0.0002927130796991353
2018-06-04,-0.014464560838011738
2018-06-05,-0.004545776816592399
2018-06-06,0.008434014989154413
2018-06-07,0.011333927746532097
2018-06-08,-0.0033532228783198564
2018-06-11,0.006252104110206561
2018-06-12,0.005280069692476657
2018-06-13,0.0009868615384150633
2018-06-14,-0.0046729356729861594
2018-06-15,0.0014837597111801199
2018-06-18,-0.004001185662226132
2018-06-19,-0.009080946053489442
2018-06-20,0.00497081393211903
2018-06-21,-0.004464132427129883
2018-06-22,0.008426608423235823
2018-06-25,-0.0026038570951532588
2018-06-26,0.0019038971684318658
2018-06-27,-0.009803782518466484
2018-06-28,-0.007733513169680156
2018-06-29,0.009557442238288192
2018-07-02,-0.009590621745210786
2018-07-03,0.0031759510866996694
2018-07-04,0.014912465954457567
2018-07-05,0.0025156136583255146
2018-07-06,0.0017419084110307126
2018-07-09,0.007094054445099281
2018-07-10,0.005922487216065468
2018-07-11,0.0018234619553220172
2018-07-12,0.009130052805701531
2018-07-13,0.003926718887354595
2018-07-16,0.00044352404342522787
2018-07-17,0.0022360925690486145
2018-07-18,-0.0022554879310941888
2018-07-19,-9.684263286974555e-05
2018-07-20,0.008901159335018635
2018-07-23,0.0033208089550615548
2018-07-24,0.0083814620362868
2018-07-25,-0.0022154155690144637
2018-07-26,-0.004477403797289642
2018-07-27,0.0017153309381610909
2018-07-30,0.001667096728321897
2018-07-31,0.009962272350792044
2018-08-01,-0.0003122092412897106
2018-08-02,-0.00671685932729917
2018-08-03,0.009182822458165606
2018-08-06,0.0032558178030546964
2018-08-07,0.002336049911880099
2018-08-08,0.004172361292850622
2018-08-09,-0.006875292745592138
2018-08-10,-0.0024073818479422955
2018-08-13,-0.001873148207539538
2018-08-14,0.008438875422719917
2018-08-16,-0.005227956354813686
2018-08-17,-3.4371301267653673e-05
2018-08-20,0.005557615790385358
2018-08-21,0.010215939045038723
2018-08-23,0.01130033657044956
2018-08-24,-0.002684821001130034
2018-08-27,0.003615100154515296
2018-08-28,0.004317127512088144
2018-08-29,-0.004850401557509981
2018-08-30,-0.0008246361265354877
2018-08-31,0.0018824867363844296
2018-09-03,-0.00851624861695935
2018-09-04,-0.019661073647873242
2018-09-05,-0.005464551205396744
2018-09-06,0.0021399465670663854
2018-09-07,-0.00030714182091564333
2018-09-10,-0.011666566089196868
2018-09-11,-0.012940080724465137
2018-09-12,0.003018133875014255
2018-09-14,0.01566858032748334
2018-09-17,-0.0087449494115557
2018-09-18,-0.006442778401107689
2018-09-19,-0.009648037095713494
2018-09-21,-0.00547530769254576
2018-09-24,-0.024579104662992242
2018-09-25,0.003759369220202568
2018-09-26,-0.006554124366251848
2018-09-27,-0.0051786424660365616
2018-09-28,-0.0028553278171550406
2018-10-01,-0.005353052077584889
2018-10-03,-0.011276923808656147
2018-10-04,-0.01091679666660944
2018-10-05,-0.01622064383339505
2018-10-08,-0.00902767805972268
2018-10-09,-0.0050572698761178324
2018-10-10,0.023701011285281216
2018-10-11,-0.0024882653977144815
2018-10-12,0.019022276050385797
2018-10-15,0.006698644508479971
2018-10-16,0.004578277340596157
2018-10-17,-0.024531730886428044
2018-10-19,0.0006747247823628301
2018-10-22,-0.010776199382959453
2018-10-23,-0.005842963341877266
2018-10-24,0.010898008126589143
2018-10-25,-0.0022824870646994005
2018-10-26,-0.0010663235864573984
2018-10-29,0.012264728756787906
2018-10-30,0.0011363696409296528
2018-10-31,0.006278782367318584
2018-11-01,-0.006062561860127383
2018-11-02,0.0003823239444688989
2018-11-05,-0.0037690124001130325
2018-11-06,-0.005630992436251462
2018-11-07,0.006220773852551994
2018-11-09,-0.0010850580123928635
2018-11-12,-0.003973684555833006
2018-11-13,0.007248234430908775
2018-11-14,-0.005135841366572302
2018-11-15,0.004203388524523255
2018-11-16,0.00046613350346553584
2018-11-19,0.0038577571397164566
2018-11-20,-0.004732695917969718
2018-11-21,-0.00158940284449619
2018-11-22,-0.0061083052224859095
2018-11-26,0.012785632877407709
2018-11-27,0.0060342425686681096
2018-11-28,-0.0011041239550577606
2018-11-29,0.00893812342670793
2018-11-30,-0.0006422417222511068
2018-12-03,0.004856635118378318
2018-12-04,-0.0028307365725124553
2018-12-05,-0.0034418638075445727
2018-12-06,-0.01288916569398979
2018-12-07,0.003826609171435625
2018-12-10,-0.01867134429226462
2018-12-11,0.015896774381466156
2018-12-12,0.017505681361542052
2018-12-13,0.008671026875246016
2018-12-14,0.0031219691360246087
2018-12-17,0.007471730781398268
2018-12-18,6.071965968297425e-05
2018-12-19,0.012030348837429386
2018-12-20,-0.0064859069876324685
2018-12-21,-0.012881620506505268
2018-12-24,-0.008399907932673442
2018-12-26,0.00500518901979173
2018-12-27,-0.0013574061210897674
2018-12-28,0.007627570471586684
2018-12-31,0.0032737259731425274
2019-01-01,0.0013126302930451946
2019-01-02,-0.002211517581836484
2019-01-03,0.00439096047039243
2019-01-04,0.0015476746820266038
2019-01-07,0.003328144241664493
2019-01-08,-0.0028019716924652014
2019-01-09,0.0006601041999481508
2019-01-10,0.00017553914336520095
2019-01-11,-4.448628180521062e-05
2019-01-14,-0.0036296148462294287
2019-01-15,0.004651600647469361
2019-01-16,0.0011894830059343943
2019-01-17,-0.0027851326969856186
2019-01-18,-0.007240796890690864
2019-01-21,-0.0012615069751711044
2019-01-22,0.00193678694436265
2019-01-23,0.001089734541271542
2019-01-24,-0.0008569214868590328
2019-01-25,-0.005500222707748971
2019-01-28,-0.011401051404115708
2019-01-29,0.002731765060185118
2019-01-30,0.008162152061428377
2019-01-31,0.005358555527206939
2019-02-01,0.004234436811068896
2019-02-04,-0.012431060827747044
2019-02-05,-0.008564090475775346
2019-02-06,0.010037579866332337
2019-02-07,0.005208329877767029
2019-02-08,-0.004089279429560748
2019-02-11,-0.011944409854788937
2019-02-12,-0.013005151130119064
2019-02-14,-0.012860702094459366
2019-02-15,-0.006430709919887512
2019-02-18,-0.004042299161523619
2019-02-19,-0.0017870075916910102
2019-02-20,0.009726112934055267
2019-02-21,0.0030970213364824844
2019-02-22,-0.003342888292209827
2019-02-25,-0.0027544581797024786
2019-02-26,0.0071738437244805225
2019-02-27,0.0037919131757681366
2019-02-28,0.0038166108411985472
2019-03-01,0.007421901154829699
2019-03-05,0.007750593925935457
2019-03-06,-0.00016178583733115343
2019-03-07,-0.006356296295450191
2019-03-08,0.003965485291499903
2019-03-11,0.007028980153547881
2019-03-12,0.008987717549655763
2019-03-13,0.0025746236647751783
2019-03-14,0.0005552713134411245
2019-03-15,0.00367929483857374
2019-03-18,0.001407489894519687
2019-03-19,0.0020454946127297646
2019-03-20,-0.000402220244487483
2019-03-22,-0.006380478266797329
2019-03-25,-0.0014658799608097226
2019-03-26,0.009442595132795502
2019-03-27,-0.002323310291826087
2019-03-28,0.0011529731221119732
2019-04-01,0.035255122146929496
2019-04-02,0.000880969211725422
2019-04-03,-0.0041590150479825375
2019-04-04,-0.000332904440770166
2019-04-05,-0.0024570225256031132
2019-04-08,-0.003698644672257586
2019-04-09,-0.001499152206833224
2019-04-10,-0.0008745902117229592
2019-04-11,0.002379802677110904
2019-04-12,-0.0006857036650963558
2019-04-15,0.00596372666522908
2019-04-16,0.00024293183962325454
2019-04-18,0.0035275046983854383
2019-04-22,-0.004173744263581236
2019-04-23,0.0016161709401179586
2019-04-24,-1.5471281345752876e-05
2019-04-25,-0.0026369064059442826
2019-04-26,-0.005259660004248084
2019-04-30,-0.0020004540519756057
2019-05-02,-0.0007697211377030624
2019-05-03,-0.005445045542822318
2019-05-06,-0.006707299060292764
2019-05-07,-0.001668921108404455
2019-05-08,-0.00315550669963452
2019-05-09,0.00031678682496392454
2019-05-10,0.00039151673657491826
2019-05-13,-0.0072814510812780515
2019-05-14,-0.0036086768678927593
2019-05-15,-0.002135545454830306
2019-05-16,0.005269476253235481
2019-05-17,0.011160668859247883
2019-05-20,0.024321710692479213
2019-05-21,-0.007502060460237887
2019-05-22,0.003644939250007649
2019-05-23,-0.003498191999402124
2019-05-24,0.011130538451826238
2019-05-27,0.008222219428291128
2019-05-28,0.0007854111549424566
2019-05-29,-0.008445699523170988
2019-05-30,0.0015113018634015031
2019-05-31,0.00210172202521534
2019-06-03,0.008519296123312316
2019-06-04,-0.004555990363221113
2019-06-06,-0.005315113609456109
2019-06-07,0.0019517195999246156
2019-06-10,0.0005490632331205952
2019-06-11,0.004346731444869365
2019-06-12,-0.005456567069958854
2019-06-13,-0.0011460429482913587
2019-06-14,-0.00562602312878172
2019-06-17,-0.011358952935119841
2019-06-18,0.0007167125750476636
2019-06-19,-0.009959429877621223
2019-06-20,-0.003520652970615343
2019-06-21,-0.004618955373623452
2019-06-24,-0.001715156194167678
2019-06-25,0.0005952202541128343
2019-06-26,0.0034784072469227264
2019-06-27,0.0009072878149583895
2019-06-28,-1.0086280196211907e-05
2019-07-01,0.00614226286420216
2019-07-02,0.011426146957987205
2019-07-03,-0.0017697474394470097
2019-07-04,0.0023433144515855116
2019-07-05,-0.0021638804332042676
2019-07-08,-0.00914108631134863
2019-07-09,0.000538985817585938
2019-07-10,-0.011053202321664533
2019-07-11,0.001296607540950151
2019-07-12,-0.0003488397505224705
2019-07-15,-0.0029598303946937413
2019-07-16,0.00440237994952828
2019-07-17,0.003774500216117217
2019-07-18,0.0038907740567598508
2019-07-19,-0.021333019372962544
2019-07-22,-0.0047032891450443015
2019-07-23,-0.000534630487634755
2019-07-24,-0.01019878556017777
2019-07-25,0.012533872707808074
2019-07-26,0.0018910517794432018
2019-07-29,-0.012269127268320254
2019-07-30,-0.009050383467840973
2019-07-31,-0.00016688490386449492
2019-08-01,-0.009264785581557366
2019-08-02,-0.004766636971526208
2019-08-05,-0.004669269912691783
2019-08-06,0.009742970325104357
2019-08-07,0.00112814082120584
2019-08-08,0.010426958677791568
2019-08-09,0.007061017659418944
2019-08-13,-0.009376883346783098
2019-08-14,0.013091635124012065
2019-08-16,0.0011423955848805655
2019-08-19,0.003202123202428409
2019-08-20,0.0009464736848886542
2019-08-21,-0.0026259201745907125
2019-08-22,-0.005255972794152238
2019-08-23,-0.010702556536947195
2019-08-26,0.012955010761530002
2019-08-27,0.0035851920427615435
2019-08-28,-0.003394820032924694
2019-08-29,0.0019089742583543574
2019-08-30,0.01261598790888245
2019-09-03,-0.01268757242240014
2019-09-04,0.0014526748077725066
2019-09-05,-0.0004999431620041703
2019-09-06,0.0010041553619526756
2019-09-09,0.010323226366789558
2019-09-11,0.00717743063117343
2019-09-12,0.0010660604595583273
2019-09-13,0.0004646439132559957
2019-09-16,0.008467356685350322
2019-09-17,-0.012031843734568656
2019-09-18,-0.0010091578902360569
2019-09-19,-0.00024124874191217146
2019-09-20,0.025157932232737414
2019-09-23,0.017669282798535316
2019-09-24,0.01038444982050049
2019-09-25,-0.00458048994637629
2019-09-26,-0.005044052284488273
2019-09-27,0.0012087547525848731
2019-09-30,-0.006823436899010167
2019-10-01,-0.00993333890366465
2019-10-03,3.372126278507279e-05
2019-10-04,-0.011799760301344926
2019-10-07,0.00114764179580489
2019-10-09,0.006401001595897316
2019-10-10,-0.01261241323197253
2019-10-11,0.010018256503409949
2019-10-14,0.006206343643454756
2019-10-15,0.0011496093762356288
2019-10-16,-0.0028190749790382116
2019-10-17,0.015883714780125863
2019-10-18,0.01178344171082748
2019-10-22,0.01570734261035689
2019-10-23,-0.002895720378995278
2019-10-24,-0.002168093317561971
2019-10-25,-0.007646381361214599
2019-10-27,0.005320312789823521
2019-10-29,0.0005942457968462862
2019-10-30,-0.002264393225868206
2019-10-31,0.005676969632979461
2019-11-01,0.0015402881155736382
2019-11-04,-0.00020896859588126135
2019-11-05,-0.0007735158913975949
2019-11-06,0.00270776218871687
2019-11-07,-0.0007044440643516948
2019-11-08,-0.00434454015915564
2019-11-11,0.00486095393079888
2019-11-13,-0.00854893366367783
2019-11-14,0.005832791044823827
2019-11-15,0.0030167773425588637
2019-11-18,-0.0046675187975704305
2019-11-19,-0.004888664706168779
2019-11-20,0.0036970460948176813
2019-11-21,-0.001371939050896946
2019-11-22,-0.001535952836192657
2019-11-25,0.01559969351251806
2019-11-26,-0.014865184979054268
2019-11-27,0.004338224123088518
2019-11-28,0.0008730098075536187
2019-11-29,0.00271245849671212
2019-12-02,-0.008793583671092954
2019-12-03,-0.007432767751747272
2019-12-04,0.010304121998590089
2019-12-05,0.003258010263748351
2019-12-06,-0.02040756171210536
2019-12-09,-0.0016430192096845177
2019-12-10,-0.007352142352495998
2019-12-11,-0.002193806556852471
2019-12-12,0.00027359862733588865
2019-12-13,0.010056602923600522
2019-12-16,-0.005286449953344118
2019-12-17,0.005700423155822573
2019-12-18,0.008260923993221921
2019-12-19,-0.0024797299440194737
2019-12-20,0.0032047728232426085
2019-12-23,0.00031904299439148177
2019-12-24,-0.005379028119767622
2019-12-26,0.0011688697279868122
2019-12-27,0.003019427649574285
2019-12-30,0.0065509506024793085
2019-12-31,-0.003964521837840928
2020-01-01,0.0069512213584928635
2020-01-02,0.002961670515061513
2020-01-03,-0.0036859723561749715
2020-01-06,-0.017083117886072793
2020-01-07,0.00704988469886919
2020-01-08,0.00287030959213534
2020-01-09,0.014188793541059497
2020-01-10,0.006513615029298887
2020-01-13,0.022152436703848782
2020-01-14,-0.00022895636907014445
2020-01-15,0.0037026062229019155
2020-01-16,0.001682413847699066
2020-01-17,0.004832310125688004
2020-01-20,-0.008758923930770933
2020-01-21,-0.002888955653750528
2020-01-22,-0.003254562193604972
2020-01-23,0.013099602712427957
2020-01-24,0.014286940176133679
2020-01-27,0.0029515508229453237
2020-01-28,-0.00511651135514312
2020-01-29,0.007269119732143902
2020-01-30,-0.006895999170850986
2020-01-31,-0.0016874385580894448
2020-02-03,0.007938532786896973
2020-02-04,0.007701156050703428
2020-02-05,0.013774923733671982
2020-02-06,-0.0011051396212953535
2020-02-07,0.014335778660014925
2020-02-10,-0.005872732622317364
2020-02-11,0.01061647991193395
2020-02-12,-0.0015757070153561872
2020-02-13,0.0024506227486583146
2020-02-14,-0.002660844406007593
2020-02-17,-0.007439363528551578
2020-02-18,-0.0035223215080193567
2020-02-19,0.0029938437505907696
2020-02-20,0.005714780387361874
2020-02-24,-0.023709064074324816
2020-02-25,-0.009150059944604303
2020-02-26,-0.007148015635075567
2020-02-27,-0.0050105917084575895
2020-02-28,-0.03913328461480872
2020-03-02,-0.0022972847955290464
2020-03-03,0.009239200641557822
2020-03-04,0.00016528292921122196
2020-03-05,0.010551973521839033
2020-03-06,-0.007945492076692335
2020-03-09,-0.03436207573194384
2020-03-11,-0.009753362946126085
2020-03-12,-0.08501951153391471
2020-03-13,0.03489948664118508
2020-03-16,-0.05067647660797356
2020-03-17,-0.007804866905415652
2020-03-18,-0.04891214431146147
2020-03-19,-0.038641958459521536
2020-03-20,0.03177481330528655
2020-03-23,-0.09778448912904637
2020-03-24,0.011728771586825585
2020-03-25,0.011597610388063884
2020-03-26,0.028151991690069666
2020-03-27,-0.0048627154145917
2020-03-30,-0.005494577592962388
2020-03-31,0.0353675149877032
2020-04-01,-0.021493663448048907
2020-04-03,0.004851551880390834
2020-04-07,0.06482029926899055
2020-04-08,0.01910889956510511
2020-04-09,0.03298814842549466
2020-04-13,-0.008749527823382676
2020-04-15,0.004918297427267137
2020-04-16,0.008799898933582488
2020-04-17,0.018775422958699595
2020-04-20,0.012250147027770686
2020-04-21,-0.021861993878772187
2020-04-22,0.0320847572982232
2020-04-23,0.0039291409057949245
2020-04-24,-0.012012354757864082
2020-04-27,0.03303100234071021
2020-04-28,-0.004625070043469867
2020-04-29,0.0014057205733423415
2020-04-30,0.0037238397880060207
2020-05-04,-0.01866390135459054
2020-05-05,-0.009010454955179617
2020-05-06,0.0011759522541107546
2020-05-07,-0.006195173104430571
2020-05-08,-0.002580910213829705
2020-05-11,0.0024343703501703345
2020-05-12,-0.00636837834058001
2020-05-13,0.005954752040647397
2020-05-14,0.0008622363164030801
2020-05-15,0.001921344748020297
2020-05-18,-0.020706696314285865
2020-05-19,-8.169382732068665e-05
2020-05-20,0.010806646849069844
2020-05-21,0.0026780341643074515
2020-05-22,-0.005416956711279414
2020-05-26,0.0067428974133913735
2020-05-27,0.0016273518119817303
2020-05-28,0.006581189707212974
2020-05-29,0.018883003842903576
2020-06-01,0.021149121041641676
2020-06-02,0.004378038899517363
2020-06-03,-0.0021626285768243415
2020-06-04,-0.003274914306064588
2020-06-05,0.019350358583786822
2020-06-08,0.008110333866900887
2020-06-09,-0.01442291681685265
2020-06-10,-0.002222214863208112
2020-06-11,-0.006641504149931476
2020-06-12,0.010275404947538232
2020-06-15,-0.0054280275097320484
2020-06-16,-0.0016304108187747092
2020-06-17,0.002061907069195597
2020-06-18,0.0062465446113417755
2020-06-19,0.009827938223758702
2020-06-22,0.012840894361753832
2020-06-23,0.010615735806074937
2020-06-24,-0.011653948310192931
2020-06-25,0.0028645710189299767
2020-06-26,0.010238529624626168
2020-06-29,-0.011037801479145262
2020-06-30,-0.0042456904906009625
2020-07-01,-0.0012112343265034836
2020-07-02,0.012380421535837505
2020-07-03,0.0043013076474029775
2020-07-06,0.010777813019643295
2020-07-07,0.0036508835108874597
2020-07-08,0.004427357429126806
2020-07-09,0.010688503983173238
2020-07-10,0.004452663962233035
2020-07-13,0.018979860979779523
2020-07-14,0.0008711141514644159
2020-07-15,0.0017432489727078823
2020-07-16,-0.001938130979788942
2020-07-17,0.006538665649799151
2020-07-20,0.009576377842205743
2020-07-21,-0.00041219752293576457
2020-07-22,-0.010977180249954688
2020-07-23,0.010443562594493054
2020-07-24,-0.004064512241874611
2020-07-27,0.0012061316153761377
2020-07-28,0.015166154064773592
2020-07-29,0.0041328099230164015
2020-07-30,-0.0017870373014755555
2020-07-31,0.0038710931351298725
2020-08-03,0.007362549941106631
2020-08-04,0.0022127889664605637
2020-08-05,0.0006341803562201057
2020-08-06,0.008985238164668502
2020-08-07,0.008311468871586868
2020-08-10,0.009012135449478811
2020-08-11,-0.006649187889353331
2020-08-12,-0.007503920795603051
2020-08-13,0.0074239094858006855
2020-08-14,-0.010509243709303749
2020-08-17,0.020681387738960656
2020-08-18,-0.00013895266949706317
2020-08-19,0.0016511696295840865
2020-08-20,-0.0006553064986714603
2020-08-21,0.004409195812638529
2020-08-24,0.013560643862067692
2020-08-25,0.0060369297658111705
2020-08-26,0.003477686276496247
2020-08-27,-0.0032844390667194356
2020-08-28,-0.007629600042178931
2020-08-31,-0.03025020431422237
2020-09-01,0.0031778762052048688
2020-09-02,0.00972443323379895
2020-09-03,0.005481086062556489
2020-09-04,-0.011090857878218372
2020-09-07,-0.003453873101493968
2020-09-08,-0.0067375065160523795
2020-09-09,-0.003667185994112634
2020-09-10,0.008822802401569131
2020-09-11,0.007661985806585408
2020-09-14,0.01612732637827325
2020-09-15,0.008788203036072336
2020-09-16,0.008581123392161081
2020-09-17,-0.004893888865399565
2020-09-18,-0.010478787680382639
2020-09-21,-0.02566413582127207
2020-09-22,-0.01162726361828673
2020-09-23,-0.006208286029165403
2020-09-24,-0.015544862897850195
2020-09-25,0.01750643548953461
2020-09-28,0.01583557808815183
2020-09-29,-0.008580774447137292
2020-09-30,0.004949119863646503
2020-10-01,0.008212670114990685
2020-10-05,0.0018635253582795688
2020-10-06,0.008219220508837007
2020-10-07,0.023536154012843518
2020-10-08,-0.009511453269667113
2020-10-09,-0.007295834964212501
2020-10-12,-0.0035176663156234597
2020-10-13,0.0001329176752804407
2020-10-14,-0.004502066961686612
2020-10-15,-0.009523496862501098
2020-10-16,0.0022394303107058254
2020-10-19,0.00767240712833925
2020-10-20,0.00048088824712901653
2020-10-21,-0.00019299323763334597
2020-10-22,0.005190322653246602
2020-10-23,0.009698634824919474
2020-10-26,-0.014336936070639145
2020-10-27,0.01305110870625925
2020-10-28,-0.00678285134887766
2020-10-29,0.00025913861059449154
2020-10-30,-0.008311765124125955
2020-11-02,-0.0013147935868710412
2020-11-03,0.008809966775325851
2020-11-04,0.0017090739081011663
2020-11-05,0.010456835996128356
2020-11-06,0.009182026900919472
2020-11-09,0.002888713679550458
2020-11-10,-0.012522352699084397
2020-11-11,0.010365822283495245
2020-11-12,0.003909497424670233
2020-11-13,-0.0006170259872147533
2020-11-14,0.004726767608537975
2020-11-17,-0.0028836580536809693
2020-11-18,-0.000929125904118619
2020-11-19,-0.005861640511303742
2020-11-20,0.004943999945603875
2020-11-23,0.007164176673991633
2020-11-24,0.002456822670480594
2020-11-25,-0.01340423610860287
2020-11-26,0.00968605753249634
2020-11-27,0.003720188059207635
2020-12-01,0.005671499030399336
2020-12-02,0.011997157013958145
2020-12-03,0.010214707668091086
2020-12-04,0.006900749253422873
2020-12-07,0.007728609441735632
2020-12-08,-0.0033045619677694745
2020-12-09,0.007757586115175422
2020-12-10,-0.0077471679246701826
2020-12-11,0.0010397320722686102
2020-12-14,0.0046246176070452606
2020-12-15,-0.0062845410521275465
2020-12-16,0.010025431485385955
2020-12-17,-0.001518940982128461
2020-12-18,0.005872802994060422
2020-12-21,-0.030524873964239967
2020-12-22,-0.0023938950748372077
2020-12-23,0.017869201392968555
2020-12-24,0.000838881666329738
2020-12-28,0.008281675369587467
2020-12-29,-0.006155354552056154
2020-12-30,0.0029223066936099502
2020-12-31,0.0013940213875404028
2021-01-01,0.006671575859428012
2021-01-04,0.010217256415364626
2021-01-05,0.008523001043762628
2021-01-06,0.00017371682507140267
2021-01-07,0.008443902667370745
2021-01-08,0.0055028618431814166
2021-01-11,-0.0025926071042504484
2021-01-12,-0.0029224201140102156
2021-01-13,-0.003901209267089275
2021-01-14,-0.0020554266294853683
2021-01-15,-0.008354065985108901
2021-01-18,-0.006729561263102262
2021-01-19,0.004959344501654213
2021-01-20,0.000338729944021596
2021-01-21,-0.0009329100626420575
2021-01-22,-0.003807451689005714
2021-01-25,-0.00573924366292559
2021-01-27,-0.014297241396900372
2021-01-28,-0.0012847254266577057
2021-01-29,-0.00785361630884952
2021-02-01,0.005541720133156247
2021-02-02,0.0038001582134891093
2021-02-03,0.0005983680079781441
2021-02-04,0.003948645933243825
2021-02-05,-0.0068331519971717835
2021-02-08,-0.00319008998027501
2021-02-09,-0.0010520743383725076
2021-02-10,0.0028829158975989073
2021-02-11,0.02432924909755749
2021-02-12,-0.0016912028182343732
2021-02-15,-0.005997284719499093
2021-02-16,-0.004789086001780573
2021-02-17,-0.004263405175331718
2021-02-18,-0.004149694565726382
2021-02-19,-0.0036347615742570627
2021-02-22,-0.014716818670006787
2021-02-23,-0.0016059667983250503
2021-02-24,0.007851000944656177
2021-02-25,0.0025131106237066434
2021-02-26,-0.004944565696871824
2021-03-01,0.0016235766105529535
2021-03-02,0.014503082799135241
2021-03-03,-3.9518864774110065e-05
2021-03-04,-0.0009757650234537204
2021-03-05,-0.004543995182111036
2021-03-08,0.004854171394909659
2021-03-09,0.0051710391142640935
2021-03-10,0.013508792740880765
2021-03-12,-0.010908818355441597
2021-03-15,-0.004311923833235351
2021-03-16,0.003989209633402645
2021-03-17,-0.011121992201224023
2021-03-18,-0.010640287565826434
2021-03-19,0.006093277978793025
2021-03-22,0.010802042433814302
2021-03-23,0.008732319487769324
2021-03-24,-0.004923005918593233
2021-03-25,-0.013568441978819975
2021-03-26,0.005195077023457152
2021-03-30,0.010677879918844327
2021-03-31,-0.00675683247224918
2021-04-01,0.006366869706443802
2021-04-05,-0.013724986688167417
2021-04-06,0.006917327669940631
2021-04-07,0.011451360986304575
2021-04-08,0.009842554501109435
2021-04-09,0.010524230554882965
2021-04-12,-0.035236784676534905
2021-04-13,0.014889544269140884
2021-04-15,-0.007589329692945408
2021-04-16,0.006382252986725581
2021-04-19,-0.01591855744027771
2021-04-20,-0.0002902720697471649
2021-04-22,0.0063414843579669734
2021-04-23,0.003284627735394733
2021-04-26,-0.0006877190081412679
2021-04-27,0.012101614723509128
2021-04-28,0.004702750949892179
2021-04-29,-0.0036568970316411507
2021-04-30,-0.0031264850890398805
2021-05-03,0.014102491753255954
2021-05-04,-0.001722487152008703
2021-05-05,0.020872899034477914
2021-05-06,0.00450341099071176
2021-05-07,-0.010964731087096564
2021-05-10,0.008615379701549387
2021-05-11,0.0047180375115681026
2021-05-12,-0.0027696005811810643
2021-05-14,0.005200347432582906
2021-05-17,0.009879965729986735
2021-05-18,0.0011151648161320453
2021-05-19,-0.005135486683196534
2021-05-20,-0.006873747156950255
2021-05-21,0.0032810903307626134
2021-05-24,0.001542273883353177
2021-05-25,0.006718445515511158
2021-05-26,0.00802852240451464
2021-05-27,0.0027097667445261818
2021-05-28,-0.0014492126257577452
2021-05-31,0.0012753215914554994
2021-06-01,-0.004352634585360482
2021-06-02,0.006263449976107892
2021-06-03,0.005150189103015656
2021-06-04,-0.00419422871666391
2021-06-07,0.008467067083945826
2021-06-08,0.018746831123521362
2021-06-09,0.0018986302173208706
2021-06-10,0.009796981507424907
2021-06-11,0.0011901916165722912
2021-06-14,-0.004275496125298452
2021-06-15,0.013319155891923153
2021-06-16,-0.006306073799278238
2021-06-17,-0.00719133279165481
2021-06-18,-0.0035664834148574306
2021-06-21,-0.001690190886208445
2021-06-22,0.003188598112753657
2021-06-23,-0.0047457641624669925
2021-06-24,-7.663736534381776e-05
2021-06-25,0.0033132550337107583
2021-06-28,-0.0009138342422919483
2021-06-29,0.0034993655532530115
2021-06-30,-0.0010908762743373106
2021-07-01,0.0068055842863332505
2021-07-02,0.007216938567193428
2021-07-05,0.006698016634866512
2021-07-06,-0.005430419527883019
2021-07-07,0.009961621143473029
2021-07-08,-0.005203398288760543
2021-07-09,-0.0007305499543808886
2021-07-12,-0.000104913662175642
2021-07-13,0.0009802046962868443
2021-07-14,0.002950760252244506
2021-07-15,0.006059416646077583
2021-07-16,-0.0017925722516816565
2021-07-19,0.004739047478407196
2021-07-20,-0.004591430062450018
2021-07-22,0.005631331638174686
2021-07-23,0.012279629305201777
2021-07-26,0.0008807186129822543
2021-07-27,-0.00860464327556508
2021-07-28,-0.002723792804088064
2021-07-29,-0.002335061698460124
2021-07-30,0.009815471970270466
2021-08-02,0.014365523838136333
2021-08-03,0.01036882346770838
2021-08-04,-0.00697805856093831
2021-08-05,0.000807870005790124
2021-08-06,-0.002897379706713405
2021-08-09,-0.005846779757434891
2021-08-10,-0.0042937714380183005
2021-08-11,-0.0049795085345906275
2021-08-12,0.003008320249970019
2021-08-13,0.000513916020781313
2021-08-16,0.002089151415840927
2021-08-17,0.0077865020316007765
2021-08-18,-0.004452147957211826
2021-08-20,-0.011888140688244014
2021-08-23,-0.008012301566168301
2021-08-24,0.0063421619970856
2021-08-25,0.001171134872627507
2021-08-26,0.004899678811096738
2021-08-27,0.0010323439589039018
2021-08-30,0.007891785928678747
2021-08-31,-0.0013392904066059346
2021-09-01,0.006232336872092522
2021-09-02,0.014844009553159319
2021-09-03,0.012421519811568506
2021-09-06,0.011220381399364921
2021-09-07,-0.0023151210189515364
2021-09-08,-0.0005052408535848841
2021-09-09,-0.0018076031480349945
2021-09-13,0.006562581938123664
2021-09-14,0.006703051498297744
2021-09-15,0.005524733101366669
2021-09-16,0.008774432723672244
2021-09-17,-0.01082285168900322
2021-09-20,-0.00573056370798885
2021-09-21,0.005491182059646942
2021-09-22,0.004767527727350253
2021-09-23,0.009952924685217312
2021-09-24,0.001072207643405651
2021-09-27,0.009043343049584245
2021-09-28,-0.004040020339125329
2021-09-29,0.0033276840192608716
2021-09-30,0.002411679212347971
2021-10-01,8.756337446760897e-05
2021-10-04,0.006195026636267687
2021-10-05,0.0006874313098936811
2021-10-06,-0.010869985629629729
2021-10-07,0.011768750962804882
2021-10-08,0.0070147639015083925
2021-10-11,0.005242366834789831
2021-10-12,0.010805540908437572
2021-10-13,0.015547397641646588
2021-10-14,0.004300690735050829
2021-10-18,0.006967156326941273
2021-10-19,-0.017275225993415
2021-10-20,-0.009263602955664713
2021-10-21,-0.015164990842587838
2021-10-22,-0.010873367771674624
2021-10-25,-0.019146666062269828
2021-10-26,0.011769954075114929
2021-10-27,-9.170836904540857e-05
2021-10-28,-0.015163640355445837
2021-10-29,-0.006573021524781531
2021-11-01,0.008110852404746152
2021-11-02,0.009681030860502551
2021-11-03,-0.006121964889558237
2021-11-04,0.014633419303612984
2021-11-08,0.016387393336054185
2021-11-09,-0.00026065568518571377
2021-11-10,-0.008787516377501855
2021-11-11,0.0010156059010889345
2021-11-12,0.0038451879617709874
2021-11-15,0.0011951625529076164
2021-11-16,-0.010317048668795015
2021-11-17,-0.006256332015104596
2021-11-18,-0.01665398164514641
2021-11-22,-0.02202686094645987
2021-11-23,0.017867504352987847
2021-11-24,-0.0044236367573272295
2021-11-25,-0.004889120865427667
2021-11-26,-0.015252358103732962
2021-11-29,-0.020621242531686585
2021-11-30,0.00972775777685319
2021-12-01,-0.0022672825393868635
2021-12-02,0.006669982110128064
2021-12-03,-0.0039052612911719712
2021-12-06,-0.013881502806066818
2021-12-07,0.004471592725959043
2021-12-08,0.014939637031181535
2021-12-09,0.01728945710090799
2021-12-10,0.003915255633073821
2021-12-13,-0.005953457148471811
2021-12-14,0.009881003599194
2021-12-15,-0.005405565529183424
2021-12-16,-0.007964359657103562
2021-12-17,-0.022299964644356945
2021-12-20,-0.027766842749433307
2021-12-21,0.009033290136948107
2021-12-22,0.008978410438355632
2021-12-23,0.01468844596843753
2021-12-24,-0.008741007739010044
2021-12-27,-0.0025542165500906837
2021-12-28,0.01114620165430151
2021-12-29,0.007816644566760084
2021-12-30,0.0029096336760814465
2021-12-31,0.010943133448717647
2022-01-03,0.006360187685754692
2022-01-04,-0.002734835136065514
2022-01-05,0.002986393310715772
2022-01-06,-0.00013900440579405794
2022-01-07,0.011860117409941801
2022-01-10,0.009715134726025525
2022-01-11,-0.0031001195573941657
2022-01-12,-0.0006327137419439165
2022-01-13,0.0005566141849396363
2022-01-14,-0.001219296630873875
2022-01-17,0.002998996524339929
2022-01-18,-0.013231265592442342
2022-01-19,-0.0025842405468485467
2022-01-20,-0.011125177688223221
2022-01-21,-0.008697052650259073
2022-01-24,-0.027467443246193074
2022-01-25,0.005986119182044699
2022-01-27,-0.004648320289174141
2022-01-28,0.0014606647250868128
2022-01-31,0.010051228424803944
2022-02-01,0.010741986972243073
2022-02-02,0.011984090519576898
2022-02-03,-0.0003388647861021321
2022-02-04,0.0044632952833909886
2022-02-07,-0.016703323812701214
2022-02-08,-0.004092633358946384
2022-02-09,0.008553537539549584
2022-02-10,0.0012751939976953254
2022-02-11,-0.008943633319550857
2022-02-14,-0.03042504037463977
2022-02-15,0.011447068333778673
2022-02-16,0.004327710801676482
2022-02-17,-0.005321549270576698
2022-02-18,-0.004063685703042379
2022-02-21,-0.0068352788532241365
2022-02-22,-0.01173684486284466
2022-02-23,-4.5278277111076865e-05
2022-02-24,-0.043687370442101914
2022-02-25,0.024812549954056018
2022-02-28,0.008478853530049502
2022-03-02,-0.0014957317584534994
2022-03-03,-0.005004574680188766
2022-03-04,-0.014513245796951572
2022-03-07,-0.01918344681359384
2022-03-08,0.014299278103144665
2022-03-09,0.013318736544126712
2022-03-10,0.018312666710087317
2022-03-11,0.014111658966529292
2022-03-14,-0.0017631174560347911
2022-03-15,-0.005428357600756311
2022-03-16,0.011564922691836777
2022-03-17,0.002662821338874295
2022-03-21,-0.0011070084608357936
2022-03-22,0.000513490176998869
2022-03-23,0.0016583506222430965
2022-03-24,-0.0029847259175919444
2022-03-25,-0.004613982970974033
2022-03-28,0.0015628721380653203
2022-03-29,-0.00207757668590729
2022-03-30,0.006199384514622933
2022-03-31,-0.001772904094281856
2022-04-01,0.009467738833338535
2022-04-04,0.011844202532882065
2022-04-05,0.011849929786127426
2022-04-06,0.001256234977799949
2022-04-07,0.00407529827337453
2022-04-08,0.011997878495885064
2022-04-11,0.021470259950086494
2022-04-12,-0.011940706819119781
2022-04-13,-0.0038938095659900806
2022-04-18,0.004195357228917221
2022-04-19,-0.003584506644435141
2022-04-20,0.006364768100256563
2022-04-21,0.013046630338340907
2022-04-22,0.003671931957927113
2022-04-25,-0.016562229321157633
2022-04-26,0.007260523203855999
2022-04-27,-0.0067789128674261975
2022-04-28,0.007710586755149171
2022-04-29,0.000286846408942738
2022-05-02,-0.004094870936023091
2022-05-04,-0.02119727983966733
2022-05-05,-0.012720475329323046
2022-05-06,-0.016914740777001617
2022-05-09,-0.000758189550407744
2022-05-10,-0.01439315627159888
2022-05-11,-0.010229828315187333
2022-05-12,-0.00811869782325718
2022-05-13,0.015270112802739773
2022-05-16,0.00668705084209655
2022-05-17,0.012605714658220152
2022-05-18,0.011766757778441213
2022-05-19,-0.015648175430918756
2022-05-20,0.011899306906116715
2022-05-23,0.004069612836028329
2022-05-24,-0.006700248788721474
2022-05-25,-0.00858911807009845
2022-05-26,0.003653987285252489
2022-05-27,0.014422399064701939
2022-05-30,0.013945779874342716
2022-05-31,0.0031790344170118928
2022-06-01,0.0026239301415642746
2022-06-02,0.0009369780906636597
2022-06-03,-0.015256957053408295
2022-06-06,-0.005952587028462869
2022-06-07,-0.005241744720260231
2022-06-08,-0.0013863323188405702
2022-06-09,0.0011319160489594601
2022-06-10,-0.004320057075884974
2022-06-13,-0.02082304960792815
2022-06-14,-0.013361224894644669
2022-06-15,-0.003440564482213379
2022-06-16,-0.01749019555140592
2022-06-17,-0.014115139217234304
2022-06-20,-0.01760357857642688
2022-06-21,0.023258783707748216
2022-06-22,-0.006334112132334881
2022-06-23,0.006821186582273249
2022-06-24,0.006662566158880996
2022-06-27,0.0076705976596553975
2022-06-28,0.002796768607779024
2022-06-29,-0.0022698137343250594
2022-06-30,0.0015396614775915979
2022-07-01,0.006039647414269064
2022-07-04,0.009345308238876901
2022-07-05,0.0002924363367283801
2022-07-06,0.008224432795579944
2022-07-07,0.012540554666942288
2022-07-08,-0.0009716510917648219
2022-07-11,0.0068662996633325705
2022-07-12,-0.0059938643698579834
2022-07-13,0.0029493997858977728
2022-07-14,0.0004570487721556627
2022-07-15,0.005688975308991863
2022-07-18,0.007962302522996165
2022-07-19,0.002111126782763634
2022-07-20,-0.0013734009917620112
2022-07-21,0.006609830107015051
2022-07-22,-0.0024250029528339536
2022-07-25,-0.003442485278359673
2022-07-26,-0.0036249733296017835
2022-07-27,0.009375592445702543
2022-07-28,-0.0031588210100697046
2022-07-29,0.0035398105619190777
2022-08-01,0.010975438787548558
2022-08-02,0.00955000998550213
2022-08-03,-0.00904272309438485
2022-08-04,0.00031963795163905185
2022-08-05,0.006166725349280231
2022-08-08,-0.0038750146993840047
2022-08-10,-0.0018724074528641253
2022-08-11,-0.004030353153577541
2022-08-12,0.0035529361196966524
2022-08-16,0.004476100903746587
2022-08-17,-0.00023597259834036574
2022-08-18,0.009014377399738815
2022-08-19,-0.009472925817210208
2022-08-22,-0.006824859392036763
2022-08-23,0.0054755595436166635
2022-08-24,0.014888595585436582
2022-08-25,0.0021003372530088156
2022-08-26,0.011562257799174865
2022-08-29,0.004130417978420646
2022-08-30,0.008847251110019577
2022-09-01,0.006959405429241265
2022-09-02,-0.0034528786062037516
2022-09-05,0.0007646038098987904
2022-09-06,-0.003237579522571547
2022-09-07,0.01338020274878459
2022-09-08,0.0011981659515431196
2022-09-09,-0.0032730067930027145
2022-09-12,0.005089761903632393
2022-09-13,0.0015047719726775635
2022-09-14,-0.005448332405396749
2022-09-15,-0.001492655435619269
2022-09-16,-0.014856531655044768
2022-09-19,0.004021492137418315
2022-09-20,0.01298304939797535
2022-09-21,-1.3463333258395722e-05
2022-09-22,0.004382933524429604
2022-09-23,-0.019395354547669424
2022-09-26,-0.0223222978828726
2022-09-27,0.007540894134163922
2022-09-28,-0.008935698025270852
2022-09-29,0.017050024547342224
2022-09-30,0.011436647664680484
2022-10-03,0.006006765869870225
2022-10-04,0.009045728547811625
2022-10-06,0.00863733920561893
2022-10-07,0.0013938953814945391
2022-10-10,-0.006661029535771898
2022-10-11,-0.018651918712874988
2022-10-12,0.006708126134907097
2022-10-13,-0.0007838416862110725
2022-10-14,0.004627852786188633
2022-10-17,-0.00022322106799916284
2022-10-18,0.0064567922713317455
2022-10-19,0.0014749658180633013
2022-10-20,0.007632786447520586
2022-10-21,-0.007079764476798802
2022-10-24,0.007537765538188043
2022-10-25,-0.0031449895746262745
2022-10-27,0.00436640207624705
2022-10-28,0.002085354139388286
2022-10-31,-0.004299034622873361
2022-11-01,0.00535467516511697
2022-11-02,0.00816722046607913
2022-11-03,0.0028623365214477366
2022-11-04,-0.0039136272333527185
2022-11-07,0.0034275743102905208
2022-11-09,-0.004396717381360234
2022-11-10,-0.006380295440953474
2022-11-11,0.011812006675567963
2022-11-14,-0.005091534859579299
2022-11-15,0.0029069371332003506
2022-11-16,-0.003799960778400235
2022-11-17,-0.0013147838659035372
2022-11-18,-0.006702330231479538
2022-11-21,0.004178420502967528
2022-11-22,-0.002253243116155064
2022-11-23,0.0004062538330474861
2022-11-24,0.0045413997957325205
2022-11-25,0.004694658770198597
2022-11-28,0.0066772685511031805
2022-11-29,0.0035801770372036307
2022-11-30,0.009619426151371565
2022-12-01,0.0027335274956004412
2022-12-02,0.007324651805241595
2022-12-05,0.0078617585315815
2022-12-06,-0.006282689895777401
2022-12-07,-0.0009486903064720479
2022-12-08,0.00205804719010826
2022-12-09,0.0023863730191826405
2022-12-12,0.007462415631243454
2022-12-13,0.005448683423717977
2022-12-14,-0.0016910800669625366
2022-12-15,-0.005241407215203662
2022-12-16,-0.008808321759879697
2022-12-19,0.0039871834795813625
2022-12-20,-0.003483042182367538
2022-12-21,-0.01202084679400783
2022-12-22,-0.006785195582082244
2022-12-23,-0.02290116264390634
2022-12-26,0.009021917650394194
2022-12-27,0.0009886654778277191
2022-12-28,0.0012128972696684253
2022-12-29,-0.0013917003273583083
2022-12-30,0.003172779854197402
2023-01-02,-0.0014735498134116382
2023-01-03,0.003434577199139287
2023-01-04,-0.006987653870591672
2023-01-05,0.008440190763042902
2023-01-06,-0.006244310778315668
2023-01-09,0.005784324791498156
2023-01-10,-0.0035695946263361597
2023-01-11,-0.003947877162711855
2023-01-12,0.002004710935170443
2023-01-13,-0.0032310520840244405
2023-01-16,0.0013799975920651489
2023-01-17,-0.0005839215337532023
2023-01-18,0.006319778520235946
2023-01-19,-0.0018953071336350643
2023-01-20,-0.00526928759307559
2023-01-23,0.004241967580604821
2023-01-24,-0.0012127429457356198
2023-01-25,-0.012400744481251235
2023-01-27,-0.015711833611789214
2023-01-30,-0.0035178107455759323
2023-01-31,0.0038770777492875665
2023-02-01,-0.009081742109014294
2023-02-02,0.0006070025933417452
2023-02-03,0.005534558553881837
2023-02-06,0.007381676217570493
2023-02-07,0.006056001759265026
2023-02-08,0.005845395093541167
2023-02-09,-0.0008607717882878775
2023-02-10,-0.0018573437231947433
2023-02-13,-0.002649166967016882
2023-02-14,0.0004301605667519346
2023-02-15,0.008141088518362385
2023-02-16,0.003390074802969565
2023-02-17,-0.0013173836205511503
2023-02-20,0.004005890386874701
2023-02-21,-0.0004633415027247601
2023-02-22,-0.008036398055136965
2023-02-23,0.004528624002180632
2023-02-24,0.0007343943947792964
2023-02-27,-0.005497970079352476
2023-02-28,-0.0024792301094234553
2023-03-01,0.005649843275258506
2023-03-02,0.0013540171206588686
2023-03-03,0.0060866735136978194
2023-03-06,0.00814244692566057
2023-03-08,-0.002428037095385893
2023-03-09,0.000552246369055955
2023-03-10,-0.004946237454437019
2023-03-13,-0.012223372666978405
2023-03-14,-0.00503441801146725
2023-03-15,0.002031152142745566
2023-03-16,0.004480160322282024
2023-03-17,0.0031411270679324995
2023-03-20,-0.0006445426042141933
2023-03-21,0.0003455610349662124
2023-03-22,0.0070479070757839615
2023-03-23,-0.003776031876034428
2023-03-24,-0.0028674169377192887
2023-03-27,0.0020190429868043973
2023-03-28,-0.003191747511315741
2023-03-29,0.012703610575625732
2023-03-31,0.008135028785441357
2023-04-03,-0.003715357404678016
2023-04-05,0.0015132007617823988
2023-04-06,0.004542718862928353
2023-04-10,0.0031279770479556825
2023-04-11,0.004930740182990616
2023-04-12,0.007525224857199688
2023-04-13,-0.00041824552682894617
2023-04-17,0.0027053349227773313
2023-04-18,0.001689495446118198
2023-04-19,-0.001948987534531599
2023-04-20,-0.004457516042057102
2023-04-21,-0.0006619509555377953
2023-04-24,0.006292456895119762
2023-04-25,-0.0013280127837166297
2023-04-26,0.00395800549771743
2023-04-27,0.008498488246539586
2023-04-28,0.006583563904831248
2023-05-02,0.0067240317703775
2023-05-03,0.001560677828258397
2023-05-04,0.002555626514321443
2023-05-05,-0.0013511827251261447
2023-05-08,0.005114799551294772
2023-05-09,4.86228552992944e-05
2023-05-10,0.005298560929426394
2023-05-11,2.7605040898444995e-06
2023-05-12,-0.005664998751925828
2023-05-15,0.001438871111396557
2023-05-16,-0.008456736817214903
2023-05-17,0.0033156542553373276
2023-05-18,-0.004639247763092535
2023-05-19,0.006671784955972526
2023-05-22,0.007563644245909251
2023-05-23,-0.002765424983388998
2023-05-24,0.0022931187875555605
2023-05-25,0.0005877472929268666
2023-05-26,0.005276709168704846
2023-05-29,-0.003258018364182851
2023-05-30,0.0061226538660068466
2023-05-31,0.003565365911683959
2023-06-01,0.000606574426666132
2023-06-02,0.0037160747094311924
2023-06-05,0.008069554604361344
2023-06-06,0.006728671302233704
2023-06-07,0.004851139894204642
2023-06-08,-0.004935960896949601
2023-06-09,-0.00026814635160299057
2023-06-12,0.0011584683322209436
2023-06-13,0.004813883952227445
2023-06-14,-0.00028739745545614545
2023-06-15,-0.0037418487758337014
2023-06-16,0.009905439417263965
2023-06-19,0.0014158731356598616
2023-06-20,-0.005051759922538725
2023-06-21,0.003717278320562992
2023-06-22,-0.006578571117733661
2023-06-23,-0.0022303093083644206
2023-06-26,0.014503728037971234
2023-06-27,0.005707325465147682
2023-06-28,0.006084631184967104
2023-06-30,0.006559948282831419
2023-07-03,0.0009221127379011333
2023-07-04,0.005020719066981602
2023-07-05,0.0060546424599459015
2023-07-06,0.0069275863374753345
2023-07-07,0.0017149828766137838
2023-07-10,0.0032456174838276157
2023-07-11,0.011587743796902552
2023-07-12,0.002569710613798417
2023-07-13,-0.006618214293418499
2023-07-14,0.004999167710680936
2023-07-17,0.008498792726894999
2023-07-18,-0.003380558008718959
2023-07-19,0.0031275093096850017
2023-07-20,0.007546004394449498
2023-07-21,0.003823491672665237
2023-07-24,0.003830416572248214
2023-07-25,0.0027182646212704433
2023-07-26,0.004393754409123121
2023-07-27,0.004186493425806196
2023-07-28,-0.0038162665685338867
2023-07-31,0.0025602538349423975
2023-08-01,0.006854865293484792
2023-08-02,-0.005019155297671723
2023-08-03,-0.008096149073586715
2023-08-04,0.0054655507133624815
2023-08-07,0.003467643556830018
2023-08-08,-0.001377779509740894
2023-08-09,0.011656233454974987
2023-08-10,-0.008722185376973387
2023-08-11,0.005556768836805983
2023-08-14,-0.009362716595604618
2023-08-16,0.007172884808267312
2023-08-17,-0.004134348626446119
2023-08-18,-0.0016887955229939974
2023-08-21,0.0006233495164410529
2023-08-22,0.0008538739111309957
2023-08-23,0.00346040204765842
2023-08-24,0.0005681858175012774
2023-08-25,-0.01562058132675791
2023-08-28,0.0023642471141376853
2023-08-29,0.009055530501414694
2023-08-30,-0.00034997720370372816
2023-08-31,0.002194767913492362
2023-09-01,0.006811498051216253
2023-09-04,0.003305687335907356
2023-09-05,0.004765751508993742
2023-09-06,0.0010075790865974
2023-09-07,0.005569649140868705
2023-09-08,0.0033712485527921726
2023-09-11,0.007072412592094223
2023-09-12,-0.024139261347329743
2023-09-13,0.01408239008692502
2023-09-14,0.007175270948951483
2023-09-15,0.0045802618315568585
2023-09-18,0.013726497925938993
2023-09-20,-0.00795672360718953
2023-09-21,-0.0036389848830297557
2023-09-22,0.006886219440812676
2023-09-25,-0.010523748030102701
2023-09-26,0.0001387137376933959
2023-09-27,0.002522790950188781
2023-09-28,-0.005266867849624819
2023-09-29,0.005796175877048725
2023-10-03,0.0018977705788211239
2023-10-04,-0.007901640933613913
2023-10-05,0.0011963511782912973
2023-10-06,0.006115193625281758
2023-10-09,-0.008595366656588858
2023-10-10,0.008874161792349143
2023-10-11,0.005554555318633936
2023-10-12,0.004833390537889593
2023-10-13,-0.0009204022347439516
2023-10-16,0.001493192759875937
2023-10-17,-0.0014037148454812607
2023-10-18,-0.004249618042305394
2023-10-19,-0.0001457974436190842
2023-10-20,-0.00673186457969209
2023-10-23,-0.020912394424300755
2023-10-25,-0.007994327916928579
2023-10-26,-0.0062302635226190416
2023-10-27,0.02589366393255927
2023-10-30,0.0050177607839212
2023-10-31,-0.005749360279780739
2023-11-01,-0.002816587385323817
2023-11-02,0.008101639541090814
2023-11-03,0.008185410796769984
2023-11-06,0.010087378805072423
2023-11-07,0.003826269173394595
2023-11-08,0.001187770358043562
2023-11-09,-0.0033770112490273123
2023-11-10,0.0024428141245200026
2023-11-13,0.000533849348809391
2023-11-15,0.010621381224940728
2023-11-16,0.006059947593155924
2023-11-17,-0.007557179680730473
2023-11-20,-0.0022562876448324067
2023-11-21,4.6233389378559685e-05
2023-11-22,0.00035001920291896134
2023-11-23,0.0016956794790853019
2023-11-24,-0.0028064002845644143
2023-11-28,0.0016941464928618207
2023-11-29,0.008816412055255074
2023-11-30,0.0047238565646341305
2023-12-01,0.010511277322365458
2023-12-04,0.019687655318528285
2023-12-05,0.006250260813704729
2023-12-06,-0.004082061528605369
2023-12-07,0.003311130309288967
2023-12-08,-0.0008793546074601661
2023-12-11,0.0004623223159225372
2023-12-12,-0.0004301598570410379
2023-12-13,0.0035934080449796894
2023-12-14,0.0056131144335967754
2023-12-15,-0.0019395153962065911
2023-12-18,0.0025973632420265742
2023-12-19,-0.00016010891491610637
2023-12-20,-0.01930253248368418
2023-12-21,0.006344440338148891
2023-12-22,0.004101884188289409
2023-12-26,0.009067117274106508
2023-12-27,0.009111586354591927
2023-12-28,0.009902654812208011
2023-12-29,0.008848882537726829
2024-01-01,0.004703960323493971
2024-01-02,-0.0004905509277312848
2024-01-03,-0.0013970419422094692
2024-01-04,0.010225394615518585
2024-01-05,0.008239753415113375
2024-01-08,-0.009968207333504122
2024-01-09,0.0019807334366281314
2024-01-10,0.004225188411294799
2024-01-11,0.009254594467580445
2024-01-12,0.003085269282612993
2024-01-15,0.007567116976806493
2024-01-16,0.00011806094780964752
2024-01-17,-0.010925189158868372
2024-01-18,-0.0018426303505788516
2024-01-19,0.006924405604829976
2024-01-23,-0.006035660446916762
2024-01-24,0.00024050065326416872
2024-01-25,-0.004053359972778601
2024-01-29,0.01259862641033281
2024-01-30,-0.006038925744942373
2024-01-31,0.014801796345769933
2024-02-01,0.004616761895038925
2024-02-02,0.0025288308579311477
2024-02-05,0.0031816362733113604
2024-02-06,0.013398485055622415
2024-02-07,-0.002742386727521829
2024-02-08,-0.009755947407908923
2024-02-09,-0.005687376225662724
2024-02-12,-0.017564814876547548
2024-02-13,0.003411730019543708
2024-02-14,0.0027109540154570382
2024-02-15,3.736803310136792e-05
2024-02-16,0.007400622199110379
2024-02-19,0.005318074096021589
2024-02-20,0.0026993451167970153
2024-02-21,-0.0037610960684672586
2024-02-22,0.004916749328494489
2024-02-23,9.281326238056841e-06
2024-02-26,-0.003055528473634422
2024-02-27,0.004756512631889355
2024-02-28,-0.009375879551382364
2024-02-29,0.0026689971952866755
2024-03-01,0.0018854509496114473
2024-03-04,0.002329315891723921
2024-03-05,0.00269747379295803
2024-03-06,0.0005073864669642423
2024-03-07,0.005461986884601094
2024-03-11,-0.0019984754240780773
2024-03-12,-0.012787762971856968
2024-03-13,-0.026156687129690867
2024-03-14,0.016330010500834
2024-03-15,-0.0055215204432830685
2024-03-18,0.002565789119296681
2024-03-19,-0.003956849326359908
2024-03-20,0.006249809827942774
2024-03-21,0.011208423645044851
2024-03-22,0.001278013289407621
2024-03-26,0.0012543269063274637
2024-03-27,-0.0026185796617535975
2024-03-28,-0.0002833229896466228
2024-04-01,0.012252091652459829
2024-04-02,0.009487605810739114
2024-04-03,0.006340264468160196
2024-04-04,-0.004304344811152518
2024-04-05,0.0006085185900955226
2024-04-08,0.0045326268089338605
2024-04-09,-0.0069133983782572895
2024-04-10,0.007862316826216829
2024-04-12,-0.006706479006000713
2024-04-15,-0.01430427403580544
2024-04-16,0.0034156710796373665
2024-04-18,-0.0055517998079065685
2024-04-19,0.001816865776563217
2024-04-22,0.009803772096230547
2024-04-23,0.0027300382742651494
2024-04-24,0.012001418539677023
2024-04-25,-0.00018889659756074392
2024-04-26,-0.0013444442147504826
2024-04-29,0.0036351583392123807
2024-04-30,0.001337672058594026
2024-05-02,0.00634660691740808
2024-05-03,-0.0053366741042710575
2024-05-06,0.00479230665977499
2024-05-07,0.0008729655120083583
2024-05-08,0.0014638164959545842
2024-05-09,-0.019756824903443698
2024-05-10,0.008423979503585324
2024-05-13,0.002671599775239849
2024-05-14,0.007246807684003421
2024-05-15,-0.005729221152350209
2024-05-16,0.004874823344800697
2024-05-17,0.015007375987125402
2024-05-21,5.8600936639570606e-05
2024-05-22,0.005614364288505424
2024-05-23,0.007790074362102528
2024-05-24,-0.0037113100310918654
2024-05-27,-0.0037907871338421217
2024-05-28,0.0010270565543396433
2024-05-29,-0.004954205828007833
2024-05-30,-0.0030057543403181506
2024-05-31,-0.0014209988159002503
2024-06-03,0.009895076276892102
2024-06-04,-0.03789494260485488
2024-06-05,0.031085607869438855
2024-06-06,0.018068439696543696
2024-06-07,0.014017292651714076
2024-06-10,0.014987506616835532
2024-06-11,0.00574316363794169
2024-06-12,-0.00024920580583840096
2024-06-13,0.00040799258632669047
2024-06-14,-0.001471017957238766
2024-06-18,0.007860624265743504
2024-06-19,-0.008422322161559763
2024-06-20,0.0029207595084940943
2024-06-21,-7.29195498063908e-05
2024-06-24,0.017354199741317706
2024-06-25,-0.0038703247086012455
2024-06-26,0.004227709245235592
2024-06-27,-0.002285118855180654
2024-06-28,0.0026853629772805813
2024-07-01,0.011596032454318082
2024-07-02,0.006998447683223754
2024-07-03,0.004903493775180656
2024-07-04,0.005252604314119353
2024-07-05,-0.0010051534309809245
2024-07-08,0.0027449277865639905
2024-07-09,0.005295580286927722
2024-07-10,-0.0016693123089738292
2024-07-11,-0.001256663207150809
2024-07-12,0.010086417685133091
2024-07-15,0.0035908027494800042
2024-07-16,0.007066774386485852
2024-07-18,0.007468787210770383
2024-07-19,-0.01396619927304972
2024-07-22,0.006774969429961936
2024-07-23,-0.003857944470250308
2024-07-24,-3.8436961114871916e-05
2024-07-25,-0.0027063001064711796
2024-07-26,0.009143777750932247
2024-07-29,0.005063649115135082
2024-07-30,-0.0007594802600045581
2024-07-31,0.007440551343634661
2024-08-01,-0.0014796630119556804
2024-08-02,-0.009409225423031811
2024-08-05,-0.028045934900966872
2024-08-06,-0.0017976204135341494
2024-08-07,0.015887096808540516
2024-08-08,-0.0058981737932863355
2024-08-09,0.008372254460380195
2024-08-12,-0.006757670861925755
2024-08-13,-0.0049474197477775705
2024-08-14,0.0014299583480681828
2024-08-16,0.01163669384129228
2024-08-19,0.012117384531260284
2024-08-20,-0.0008097391549137037
2024-08-21,0.006363978260366074
2024-08-22,-0.0011046685444928693
2024-08-23,0.002641237060076324
2024-08-26,0.009789446184594158
2024-08-27,0.008899161914206755
2024-08-28,-0.0012920165241070859
2024-08-29,0.001364631399299352
2024-08-30,0.009495283344880753
2024-09-02,0.011251593874967332
2024-09-03,-0.0009056060663869068
2024-09-04,-0.00032675950358100505
2024-09-05,-0.002714917477519356
2024-09-06,-0.01098672909092624
2024-09-09,0.0012072869286210322
2024-09-10,0.0029558716827433134
2024-09-11,0.0029106949829811697
2024-09-12,0.015280082169728345
2024-09-13,0.0029131527697128924
2024-09-16,0.0042716705537946004
2024-09-17,0.001693801859033991
2024-09-18,-0.012083994441840124
2024-09-19,-0.0034783609129684584
2024-09-20,0.01636689285972935
2024-09-23,0.004304410635635999
2024-09-24,-0.004605116158015798
2024-09-25,-0.0001531520438916266
2024-09-26,0.004235757472234501
2024-09-27,0.006451060116430539
2024-09-30,-0.0015620082495761136
2024-10-01,0.005010046766952931
2024-10-03,-0.015156794768054285
2024-10-04,-0.009567450865794571
2024-10-07,-0.01932911280587843
2024-10-08,0.01248215773408481
2024-10-09,-0.0012006942241992971
2024-10-10,-0.011688783291318422
2024-10-11,-0.0008714784217549317
2024-10-14,-0.0044867485388459406
2024-10-15,0.000702733952086606
2024-10-16,-0.004377280229585751
2024-10-17,-0.01859273774000747
2024-10-18,0.0009023022784559346
2024-10-21,-0.010326603325773067
2024-10-22,-0.01125022973994114
2024-10-23,0.005428620941516266
2024-10-24,-0.012990787740364546
2024-10-25,-0.004499090027265141
2024-10-28,0.005818310570839552
2024-10-29,0.0010635581173955963
2024-10-30,0.0050097955395937786
2024-10-31,-0.005211859229920624
2024-11-01,0.004635672092086262
2024-11-04,-0.011751835022149685
2024-11-05,0.00046520989710143693
2024-11-06,0.005673989618232131
2024-11-07,-0.004954874947868386
2024-11-08,-0.006349409161427783
2024-11-11,-0.008158891826506904
2024-11-12,-0.007279153655345705
2024-11-13,-0.014718699966556507
2024-11-14,-0.004036110406648868
2024-11-18,-0.0043175247577306956
2024-11-19,0.006326352053564377
2024-11-21,-0.0016121563020674683
2024-11-22,0.014401309138088632
2024-11-25,0.007945646795598464
2024-11-26,-0.002341558365648638
2024-11-27,-0.0018129742068574758
2024-11-28,-0.0013669837784084414
2024-11-29,0.007849679172725296
2024-12-02,0.007399354262837797
2024-12-03,0.0040718242150278
2024-12-04,0.006628751562242142
2024-12-05,0.007208050251402418
2024-12-06,-0.0020315133246364622
2024-12-09,-0.00805301334744572
2024-12-10,0.0036522041306621487
2024-12-11,0.0008166348714417791
2024-12-12,-0.008383436772557516
2024-12-13,0.003686786551714733
2024-12-16,-0.0030829907643558398
2024-12-17,-0.011947126386303986
2024-12-18,9.628198874666368e-05
2024-12-19,-0.0015309078013192698
2024-12-20,-0.015891465033523088
2024-12-23,0.0062373024791666
2024-12-24,0.009005190527647679
2024-12-26,-0.005008821536796469
2024-12-27,0.003934731515757204
2024-12-30,0.007715766953132038
2024-12-31,0.0022353252197169285
2025-01-01,0.0036846081210967882
2025-01-02,0.00441592887612866
2025-01-03,-0.0010845740013077033
2025-01-06,-0.018220293387420435
2025-01-07,0.008474340390948529
2025-01-08,-0.0027661938902659193
2025-01-09,-0.0003488447087050136
2025-01-10,-0.004950254265914911
2025-01-13,-0.025243073626887047
2025-01-14,0.0032781696428894596
2025-01-15,0.0038952878193404252
2025-01-16,0.0038800527790617866
2025-01-17,0.007419064566884369
2025-01-20,-0.006668777908349589
2025-01-21,-0.018500337575872924
2025-01-22,0.0003432165544306094
2025-01-23,0.004056316803872286
2025-01-24,-0.013769017216028415
2025-01-27,-0.019456467973103346
2025-01-28,-0.007273781892211726
2025-01-29,0.016544078094028556
2025-01-30,0.0065120801633748145
2025-01-31,0.01574981710799179
2025-02-01,0.011446102099408804
2025-02-03,-0.008291628339654095
2025-02-04,0.011953529769371397
2025-02-05,-0.0021314136320145618
2025-02-06,-0.0013206667056845178
2025-02-07,-0.002421924622912902
2025-02-10,-0.015331029036304275
2025-02-11,-0.020405622339763882
2025-02-12,0.0037935584646655836
2025-02-13,0.0005695751888038442
2025-02-14,-0.019022984231692814
2025-02-17,0.011433806308093953
2025-02-18,-0.005061793592567046
2025-02-19,0.00026554726146792553
2025-02-20,-0.006355777734715827
2025-02-21,-0.006146161729126886
2025-02-24,-0.00946706174719552
2025-02-25,0.0027997210786170914
2025-02-27,-0.01212834978455769
2025-02-28,-0.02119051794867885
2025-03-03,-0.014859344136834785
2025-03-04,0.004797710800693634
2025-03-05,0.010809099042834025
2025-03-06,0.015545506456700659
2025-03-07,0.0036101945583210675
2025-03-10,0.0010653828905768969
2025-03-11,-0.003245517751994934
2025-03-12,0.004307941158718586
2025-03-13,0.0011363727375625272
2025-03-17,0.0022508036247982414
2025-03-18,2.5766240625592665e-07
2025-03-19,0.023276173607750483
2025-03-20,0.017606844384589582
2025-03-21,0.004464101133851536
2025-03-24,0.00934984503427385
2025-03-25,-0.005251453225500936
2025-03-26,-0.012887143375886012
2025-03-27,0.013688020672713585
2025-03-28,0.0040075658635499835
2025-04-01,-0.014495661308009389
2025-04-02,0.012822809071054396
2025-04-03,0.0013638356900208448
2025-04-04,-0.023187648832454364
2025-04-07,-0.033063960807079594
2025-04-08,0.03109385466772016
2025-04-09,-0.0029948248745251425
2025-04-11,0.024467775475036903
2025-04-15,0.02079037129500195
2025-04-16,0.004959714455916812
2025-04-17,0.012147213271606403
2025-04-21,0.00502783061318229
2025-04-22,0.008407908455264127
2025-04-23,0.005444194478304065
2025-04-24,-0.0029503110423139156
2025-04-25,-0.009712206672654752
2025-04-28,0.0028561778705103245
2025-04-29,0.0015866360665112876
2025-04-30,-0.003646474890333181
2025-05-02,-0.008374899883474618
2025-05-05,0.009529651334661183
2025-05-06,-0.0023041709441259687
2025-05-07,-0.0032022184767240927
2025-05-08,-0.007161414787607885
2025-05-09,-0.010918678956372291
2025-05-12,0.03363276077136785
2025-05-13,-0.004767102914702844
2025-05-14,0.00889221832030274
2025-05-15,0.008212556791958875
2025-05-16,0.0001267950318377595
2025-05-19,0.0037446543171254184
2025-05-20,-0.0002051395594297161
2025-05-21,0.006689033187484918
2025-05-22,-0.002057799444104615
2025-05-23,0.005659486251438068
2025-05-26,0.007828585829607763
2025-05-27,-0.0025283385353670096
2025-05-28,-0.006074086436669518
2025-05-29,-0.0002869756118096606
2025-05-30,-0.00700192942954426
2025-06-02,0.0010921775287206423
2025-06-03,-0.0055013760499540015
2025-06-04,-4.391009312635014e-05
2025-06-05,0.010375520970740015
2025-06-06,0.007405834155090602
2025-06-09,0.0016182345925318097
2025-06-10,0.0033493677597374754
2025-06-11,7.491354178249465e-05
2025-06-12,-0.008655275565464702
2025-06-13,-0.0028736390647365693
2025-06-16,0.004442700880815727
2025-06-17,-0.0074032750488366526
2025-06-18,-0.006877466979210847
2025-06-19,-0.006696894157175802
2025-06-20,0.005781679446244709
2025-06-23,-0.0018250488748294195
2025-06-24,0.007043608352427311
2025-06-25,0.006685290854806507
2025-06-26,0.005675032384565907
2025-06-27,0.010856044683882904
2025-06-30,-0.0009418484091547811
2025-07-01,-0.001520432305618858
2025-07-02,0.0003441527024732362
2025-07-03,0.0009638869704854233
2025-07-04,-0.0018473142744874808
2025-07-07,0.005255286571496679
2025-07-08,-0.0021295073932901232
2025-07-09,0.0017735474034647413
2025-07-10,-0.005060340748938514
2025-07-11,-0.004596510502043525
2025-07-14,0.0016157241945428068
2025-07-15,0.0059315215742671255
2025-07-16,8.393565951322635e-05
2025-07-17,0.0001255438826847032
2025-07-18,-0.006360784401262353
2025-07-21,0.0016701307974988694
2025-07-22,0.0016631625180843052
2025-07-23,-0.002130746792008612
2025-07-24,-0.003598955922037513
2025-07-25,-0.010205891265117114
2025-07-28,-0.004806170223231036
2025-07-29,0.009132965590257856
2025-07-30,0.006773742062816508
2025-07-31,-0.0080709411403231
2025-08-01,-0.01103965623336903
2025-08-04,0.004643422425841636
2025-08-05,-0.0006214153539578398
2025-08-06,-0.010474093956801685
2025-08-07,0.004539140303401429
2025-08-08,-0.007704068944987836
2025-08-11,0.004660022121062908
2025-08-12,-0.0051179517304618255
2025-08-13,0.0034178372295543434
2025-08-14,-0.00024597478213237757
2025-08-18,0.0017658435371264098
2025-08-19,0.0005967372722148192
2025-08-20,-0.0014597481043768681
2025-08-21,0.0008693264383338185
2025-08-22,-0.006992786801812307
2025-08-25,0.010536839863606984
2025-08-26,-0.008366561895661097
2025-08-28,-0.008655053799243069
2025-08-29,-0.0026490222702627696
2025-09-01,0.011566625367531634
2025-09-02,0.006347969171064385
2025-09-03,0.0008574619408840055
2025-09-04,-0.0022152819090388133
2025-09-05,-0.002363509663341829
2025-09-08,0.0016415989933689797
2025-09-09,0.008379027367359123
2025-09-10,0.004502783082710314
2025-09-11,0.0014826185812001759
2025-09-12,0.0036962230419435487
2025-09-15,0.0007835729704050216
2025-09-16,0.00791459336112616
2025-09-17,0.0052002562926188305
2025-09-18,0.00020414370163587315
2025-09-19,-0.000848291007996361
2025-09-22,-0.0038195624293575056
2025-09-23,0.001434736352942658
2025-09-24,-0.004490446279389605
2025-09-25,-0.000500840158131244
2025-09-26,-0.017770512307136013
2025-09-29,-0.002709471028881759
2025-09-30,0.009018534261286588
2025-10-01,0.003355383164863987
2025-10-03,0.0076483000618075905
2025-10-06,0.00466764311409985
2025-10-07,-0.0022088276421484525
2025-10-08,-0.011864856874667894
2025-10-09,0.0016009481393273405
2025-10-10,0.011973178408485448
2025-10-13,-0.004097175868232136
2025-10-14,-0.010949512065516503
2025-10-15,0.010845738157603362
2025-10-16,0.0036320377053353746
2025-10-17,-0.0006073340220957539
2025-10-20,0.007208284828717
2025-10-23,0.0032161576587411062
2025-10-24,-0.0025159068332023587
2025-10-27,0.012877271292119758
2025-10-28,-0.0037742855444759514
2025-10-29,0.007109292215741635
2025-10-30,-0.0046809497282908705
2025-10-31,0.006751656964975889
2025-11-03,0.009615979057594624
2025-11-04,-0.009062471670502253
2025-11-06,-0.013765623836796451
2025-11-07,0.00522390096207127
2025-11-10,0.0028815732720958174
2025-11-11,0.004757601092322927
2025-11-12,0.007267055389994093
2025-11-13,-0.0003400193478637931
2025-11-14,0.002517751097616415
2025-11-17,0.00409505979140171
2025-11-18,-0.0035854887773069943
2025-11-19,0.0019124636220000043
2025-11-20,-0.0007878179837880711
2025-11-21,-0.008951981025048406
2025-11-24,-0.0023818883164460998
2025-11-25,0.0008754585229909209
2025-11-27,0.007617689255379805
2025-11-28,-0.002513542396857993
2025-12-01,-0.002653113980820789
2025-12-02,-0.0023260984617542537
2025-12-03,-0.009797420089879178
2025-12-04,0.002988226114577372
2025-12-05,-0.0004237165279780007
2025-12-08,-0.012876677412846118
2025-12-09,-0.0009734453799246884
2025-12-10,-0.003915036478046912
2025-12-11,0.00683465684011171
2025-12-12,0.005291229921301379
2025-12-15,0.0025904160368951453
2025-12-16,-0.007606389725487744
2025-12-17,-0.004092133732943899
2025-12-18,-0.0008015369976270361
2025-12-19,0.007315324389746546
2025-12-22,0.010823522199370684
2025-12-23,-0.00011912781973131512
2025-12-24,-0.0049694984436540225
2025-12-26,-0.002144668642418939
2025-12-29,-0.003031487866876858
2025-12-30,0.001196228948954764
2025-12-31,0.009602206458735047
2026-01-01,-0.005692299130597873
2026-01-02,0.008561615363129018
2026-01-05,-0.00243887802683992
2026-01-06,0.009945591535710702
2026-01-07,0.004507494752769229
2026-01-08,-0.018686127846145154
2026-01-09,-0.009545853209660848
2026-01-12,0.003876979426234679
2026-01-13,0.0004206705016329132
2026-01-14,0.0012048351295521754
2026-01-16,-0.000370223965500177
2026-01-19,-0.005183535407702954
2026-01-20,-0.027722017462640115
2026-01-21,-0.004106676465648788
2026-01-22,0.013234098278931395
2026-01-23,-0.005881192421507728
2026-01-27,0.010656897637893637
2026-01-28,0.0154799920610933
2026-01-29,0.006132814346689176
2026-01-30,-0.0005266065297046051
2026-02-02,-0.025668460267119886
2026-02-03,0.015304105791955201
2026-02-04,0.013762084194601978
2026-02-05,0.000549683398390847
2026-02-06,-0.0025407480775419718
2026-02-09,0.02537131585622544
2026-02-10,-0.0017055331050904203
2026-02-11,0.014618726312554802
2026-02-12,-0.005470559445761597
2026-02-13,-0.013685908996606329
2026-02-16,0.007044896517693971
2026-02-18,0.008666735595998528
2026-02-19,-0.015285183367071312
2026-02-20,0.0026065008331484377
2026-02-23,0.008614707967764663
2026-02-24,0.0029098073777791885
2026-02-25,0.005389108824647183
2026-02-26,0.0031789605823871114
2026-02-27,-0.006138092161671115
2026-03-02,-0.0123504321421504
2026-03-04,-0.012093369357009092
2026-03-05,0.007678937610323826
2026-03-06,0.002400726767050414
2026-03-09,-0.02555661213921176
2026-03-10,0.007880890062223565
2026-03-11,-0.011130347851141259
2026-03-12,-0.0026164767334262862
2026-03-13,-0.02680332709437494
2026-03-16,0.007905805274958676
2026-03-17,0.006851546310065794
2026-03-18,0.0038209309509155114
2026-03-19,-0.02780222448217519
2026-03-23,-0.03857172607523837
2026-03-24,0.01652744399817949
2026-03-25,0.02441988675658171
2026-03-27,-0.013218019812720805
2026-04-01,0.004529750618646127
2026-04-02,0.004474797604783421
2026-04-06,0.00759613312658851
2026-04-07,0.001868987727309089
2026-04-08,0.019400953693286482
2026-04-09,0.006289914855545816
2026-04-10,0.010080113086923683
2026-04-13,-0.003172931235208938
2026-04-15,0.011706954416900145
2026-04-16,0.005676197103914045
2026-04-17,0.016162277962179273
2026-04-20,-0.0028002164185023685
2026-04-21,0.013345075192644383
2026-04-22,0.0033348144495225223
2026-04-23,0.000750688864211009
2026-04-24,-0.004961363773133419
2026-04-27,0.009183798259253643
2026-04-28,-0.0003626415934223164
2026-04-29,0.006632679219790329
2026-04-30,-0.009050987158529991
2026-05-04,0.017572082398013614
2026-05-05,0.006214117400304069
2026-05-06,0.007571131022734896
2026-05-07,0.012830477559740395
2026-05-08,0.00807122202819072
2026-05-11,0.0008227361728250235
2026-05-12,-0.025610315909032677
2026-05-13,0.008595186130495742
2026-05-14,0.002622467782846078
2026-05-15,-0.0017346371861398434
2026-05-18,-0.0057665204924483154
2026-05-19,0.005865857337851724
2026-05-20,0.005224945018481678
2026-05-21,0.013197162700698699
2026-05-22,-0.004731837869813805
2026-05-25,0.00012881905853516035
2026-05-26,-0.0013648824863279855
2026-05-27,0.00945192474302239
2026-05-29,-0.0008733323766983644
2026-06-01,-0.010299417036873681
2026-06-02,0.006824146886954332
2026-06-03,0.00916535662796979
2026-06-04,-0.00017895701468280205
2026-06-05,-0.004058556372356409
2026-06-08,-0.0118205952073078
2026-06-09,0.010561077615126533
2026-06-10,-0.007081753503626126
2026-06-11,-0.007021124895771805
2026-06-12,0.01642797770051479
2026-06-15,0.00987211686207327
2026-06-16,0.004717797908004305
2026-06-17,0.00523630917326078
2026-06-18,0.015958670963829528
2026-06-19,0.0034425103870795253
2026-06-22,0.007299604746669232
2026-06-23,-0.004154382451471347
2026-06-24,-0.0024052154409296145
2026-06-25,0.0005887203649248183
2026-06-29,0.008753458966106699
