ticker,entry_week,exit_week,entry,stop0,risk_pct,R,held_weeks,reason,gap_through,half_booked,ext_vs_44w_pct,mansfield,adv20,year,legs
3MINDIA,2025-11-07,2026-01-23,35580.0,27360.02,23.1,-0.269,11,stop,False,False,21.83,14.98,653472296.5,2025,stop@33490.00x1.00
AARTIIND,2020-01-31,2020-03-13,483.13,348.0,27.97,-0.14,6,stop,False,False,19.88,18.49,299762684.92869264,2020,stop@467.53x1.00
ABBOTINDIA,2025-06-27,2025-08-01,34460.05,24977.13,27.52,-0.146,5,stop,False,False,18.53,12.63,396033509.21728516,2025,stop@33315.99x1.00
ABFRL,2019-12-20,2020-02-07,231.39,178.91,22.68,-0.22,7,stop,False,False,11.44,3.91,160577579.27779236,2019,stop@221.44x1.00
ACC,2022-09-16,2023-01-13,2565.58,1935.75,24.55,-0.5,17,stop,False,True,19.2,15.97,3109007046.442395,2022,stage3_half@2204.19x0.50;stop@2314.96x0.50
ADANIPORTS,2020-11-27,2021-06-18,397.82,288.06,27.59,2.644,29,stop,False,False,24.22,3.47,3521187388.127402,2020,stop@689.94x1.00
ADANIPORTS,2022-04-08,2022-05-06,816.99,634.62,22.32,-0.188,4,stop,False,False,14.49,6.86,5260853807.327685,2022,stop@785.55x1.00
ADANIPOWER,2025-09-12,2025-11-28,129.71,92.4,28.76,0.442,11,stop,False,False,19.69,12.84,4115542244.1391907,2025,stop@146.71x1.00
AETHER,2023-06-23,2023-09-01,1128.7,810.0,28.24,-0.384,10,stop,False,True,22.82,18.15,277252017.19178164,2023,stage3_half@1024.30x0.50;stop@1003.35x0.50
AFFLE,2023-12-15,2024-02-09,1213.2,972.0,19.88,-0.193,8,stop,False,False,17.0,2.15,514558146.99802244,2023,stop@1171.05x1.00
AIAENG,2025-11-14,2025-12-12,3693.0,2985.49,19.16,-0.094,4,stop,False,False,12.98,5.19,339361443.5329956,2025,stop@3652.50x1.00
AJANTPHARM,2026-01-02,2026-03-27,2949.2,2304.06,21.88,-0.216,12,stop,False,False,14.88,6.39,452349687.6281128,2026,stop@2830.00x1.00
AKZOINDIA,2019-09-27,2019-11-29,1978.65,1600.0,19.14,-0.246,9,stop,False,False,14.73,12.32,50548340.129999995,2019,stop@1898.95x1.00
ALLCARGO,2017-12-22,2018-02-02,41.73,32.96,21.02,-0.118,6,stop,False,False,14.47,3.81,156604060.25123367,2017,stop@40.98x1.00
AMBUJACEM,2023-12-08,2024-05-10,488.65,399.39,18.27,1.076,22,stop,False,False,18.8,3.43,2191686351.727637,2023,stop@586.60x1.00
APLLTD,2020-01-17,2020-03-20,555.01,450.49,18.83,-0.656,9,stop,False,True,12.95,4.7,58146182.23171234,2020,stage3_half@529.64x0.50;stop@450.49x0.50
APOLLOHOSP,2025-07-04,2025-08-08,7533.84,5985.38,20.55,-0.271,5,stop,False,False,9.51,4.69,3752191711.401953,2025,stop@7140.37x1.00
ASAHIINDIA,2024-06-21,2024-08-09,674.23,498.83,26.01,-0.395,7,stop,False,True,17.83,6.49,155464763.4157959,2024,stage3_half@614.15x0.50;stop@604.71x0.50
ASHOKLEY,2023-06-16,2023-09-15,74.78,60.54,19.04,0.603,13,stop,False,False,11.28,4.63,1538522111.676558,2023,stop@83.64x1.00
ASHOKLEY,2024-05-03,2024-07-26,96.19,72.81,24.3,0.4,12,stop,False,True,17.7,9.08,3486149678.3393297,2024,stage3_half@106.63x0.50;stop@105.20x0.50
ASHOKLEY,2025-08-22,2026-03-13,128.13,92.06,28.15,1.489,29,stop,False,False,18.04,14.32,1901981982.3787143,2025,stop@182.41x1.00
ASIANPAINT,2018-05-11,2018-06-08,1195.68,1013.18,15.26,-0.143,4,stop,False,False,11.01,4.87,1118221441.4685912,2018,stop@1173.88x1.00
ASIANPAINT,2025-11-14,2025-12-26,2876.91,2152.73,25.17,-0.227,6,stop,False,False,22.22,14.85,3956825921.627417,2025,stop@2722.38x1.00
ASTERDM,2021-08-20,2021-10-22,142.06,100.11,29.53,0.297,9,stop,False,False,21.78,5.94,427259458.17097014,2021,stop@155.58x1.00
AXISBANK,2018-08-10,2018-09-21,612.18,478.65,21.81,0.037,6,stop,False,False,14.46,5.98,5632195211.145508,2018,stop@619.39x1.00
AXISBANK,2022-10-21,2023-01-27,898.02,615.68,31.44,0.001,14,stop,False,False,23.37,20.68,10692073441.935583,2022,stop@901.61x1.00
BALKRISIND,2023-05-26,2023-08-11,2423.67,1873.7,22.69,-0.203,11,stop,False,False,19.61,11.91,742017079.3180542,2023,stop@2320.55x1.00
BALKRISIND,2024-05-24,2024-07-26,3007.64,2167.7,27.93,0.039,9,stop,False,False,22.83,11.1,1554900017.5904663,2024,stop@3050.97x1.00
BANKBARODA,2025-09-19,2025-11-28,244.18,191.31,21.65,0.511,10,stop,False,False,9.96,4.38,1890791775.3325028,2025,stop@272.15x1.00
BEL,2025-05-16,2025-08-01,361.52,237.36,34.34,0.114,11,stop,False,False,25.7,19.53,9387286064.47912,2025,stop@377.02x1.00
BERGEPAINT,2018-05-25,2018-06-29,237.14,185.82,21.64,-0.374,5,stop,False,False,15.18,11.6,306625367.6090027,2018,stop@219.54x1.00
BERGEPAINT,2023-08-04,2023-09-29,579.58,431.6,25.53,-0.053,8,stop,False,False,16.01,6.17,506739717.85426635,2023,stop@573.83x1.00
BHARATFORG,2023-08-11,2023-10-06,957.71,728.36,23.95,0.383,8,stop,False,False,17.54,11.3,1334942724.3868072,2023,stop@1049.05x1.00
BIOCON,2025-11-14,2026-01-09,411.15,317.48,22.78,-0.395,8,stop,False,False,16.41,9.09,1459134990.563797,2025,stop@375.55x1.00
BIRLACORPN,2023-06-02,2023-08-11,1141.91,829.29,27.38,0.044,10,stop,False,True,21.58,16.31,266064959.51049194,2023,stage3_half@1166.94x0.50;stop@1160.65x0.50
CAMS,2023-11-17,2023-12-15,545.78,390.04,28.54,-0.15,4,stop,False,False,24.43,17.99,815863979.4794235,2023,stop@524.34x1.00
CANFINHOME,2023-04-28,2023-08-04,597.28,471.08,21.13,0.761,14,stop,False,False,12.47,10.71,355141577.0048019,2023,stop@697.86x1.00
CANFINHOME,2025-10-24,2026-01-30,841.82,681.16,19.08,0.163,14,stop,False,False,17.21,8.18,258631011.92353517,2025,stop@874.00x1.00
CASTROLIND,2023-07-28,2023-09-22,127.66,90.35,29.22,-0.095,8,stop,False,False,24.58,15.52,247434736.92105445,2023,stop@125.01x1.00
CCL,2024-09-06,2024-10-25,751.12,545.44,27.38,-0.433,7,stop,False,True,21.97,7.58,611933898.8134705,2024,stage3_half@692.68x0.50;stop@636.61x0.50
CENTURYPLY,2024-09-20,2024-11-01,894.47,620.54,30.62,-0.259,6,stop,False,False,25.06,9.88,442068226.0221863,2024,stop@829.50x1.00
CESC,2023-08-04,2023-10-27,71.69,56.49,21.19,0.367,12,stop,False,False,10.71,1.52,293670680.56331635,2023,stop@77.78x1.00
CHAMBLFERT,2019-05-31,2019-07-12,159.54,114.77,28.06,-0.463,6,stop,False,False,21.24,12.91,74894424.7114212,2019,stop@139.87x1.00
CHEMPLASTS,2024-06-14,2024-07-19,621.5,413.45,33.48,-0.47,5,stop,False,False,29.33,16.5,438885021.5604156,2024,stop@527.65x1.00
CHOLAHLDNG,2020-01-17,2020-03-13,535.82,419.06,21.79,-0.722,8,stop,False,True,11.11,4.52,90906915.941008,2020,stage3_half@491.01x0.50;stop@419.06x0.50
CIEINDIA,2024-05-24,2024-07-26,532.99,391.02,26.64,0.034,9,stop,False,False,15.19,2.34,381120561.20410764,2024,stop@541.54x1.00
CLEAN,2024-08-02,2024-10-11,1634.63,1231.57,24.66,-0.381,10,stop,False,True,17.31,1.97,490316274.69794923,2024,stage3_half@1482.70x0.50;stop@1501.46x0.50
COCHINSHIP,2022-09-02,2022-12-23,178.41,132.04,25.99,2.257,16,stop,False,False,15.52,11.89,205236985.4104584,2022,stop@284.70x1.00
COLPAL,2018-05-18,2018-07-20,1013.52,839.68,17.15,-0.373,9,stop,False,True,13.32,9.33,348870822.4603119,2018,stage3_half@957.47x0.50;stop@953.71x0.50
COLPAL,2022-09-02,2022-09-30,1532.8,1253.22,18.24,-0.42,4,stop,True,False,11.02,7.13,575198209.7727845,2022,stop@1420.65x1.00
COLPAL,2023-07-07,2024-01-25,1656.81,1327.04,19.9,1.806,29,stop,False,False,14.31,5.44,685117812.8617675,2023,stop@2259.53x1.00
CONCOR,2019-09-27,2019-11-22,547.02,421.91,22.87,-0.253,8,stop,False,False,15.11,11.64,763393044.9456803,2019,stop@517.27x1.00
CONCOR,2022-09-09,2022-12-23,713.84,524.23,26.56,-0.13,15,stop,False,False,16.59,11.16,2009450603.0770843,2022,stop@691.69x1.00
CROMPTON,2024-05-17,2024-09-27,385.72,257.13,33.34,0.188,19,stop,False,False,30.95,20.83,2426479080.3736587,2024,stop@411.39x1.00
DABUR,2024-06-07,2024-08-09,598.16,477.28,20.21,0.019,9,stop,True,False,13.32,0.17,2952913795.21593,2024,stop@602.58x1.00
DCMSHRIRAM,2024-08-09,2025-01-17,1120.69,819.28,26.9,-0.385,23,stop,False,True,16.23,2.57,160443511.82491454,2024,stage3_half@1020.72x0.50;stop@1003.19x0.50
DIVISLAB,2024-05-31,2024-07-26,4261.52,3314.47,22.22,0.128,8,stop,False,False,16.05,7.25,2817802878.634094,2024,stop@4397.86x1.00
DRREDDY,2020-01-31,2020-02-28,599.76,452.77,24.51,-0.017,4,stop,False,False,13.55,10.42,2534754392.0263977,2020,stop@599.47x1.00
ECLERX,2023-06-02,2023-08-18,805.43,609.77,24.29,0.02,11,stop,False,False,14.58,8.9,224015706.520459,2023,stop@815.07x1.00
EPIGRAL,2024-02-23,2024-05-10,1212.05,862.5,28.84,0.069,11,stop,False,False,24.97,9.55,234148203.55086058,2024,stop@1244.79x1.00
EPL,2024-07-05,2024-08-09,218.93,162.3,25.87,-0.374,5,stop,False,False,18.88,2.0,542927808.4280059,2024,stop@198.51x1.00
EXIDEIND,2018-05-11,2018-09-21,242.24,178.27,26.41,-0.029,19,stop,False,False,21.04,13.3,768686251.296148,2018,stop@241.24x1.00
FDC,2023-07-07,2023-09-15,331.09,239.67,27.61,0.346,10,stop,False,False,20.26,12.26,264426340.123967,2023,stop@365.15x1.00
FEDERALBNK,2025-10-24,2026-01-09,227.4,182.05,19.94,0.702,11,stop,False,False,16.34,8.43,2507647257.7969384,2025,stop@260.10x1.00
FINEORG,2024-07-05,2024-09-20,5321.97,4005.4,24.74,-0.092,11,stop,False,False,17.84,2.02,287937385.4515381,2024,stop@5237.98x1.00
FIVESTAR,2024-10-18,2024-11-08,886.43,674.21,23.94,-1.013,3,stop,False,False,18.13,7.59,2971504730.119995,2024,stop@674.21x1.00
FORTIS,2021-01-08,2021-02-19,178.28,120.24,32.55,-0.338,6,stop,False,False,34.78,2.11,630051831.05224,2021,stop@159.25x1.00
FORTIS,2023-06-16,2023-10-27,308.26,243.96,20.86,0.231,19,stop,False,False,11.63,5.78,355060033.43866426,2023,stop@325.35x1.00
FSL,2023-05-12,2023-06-16,124.11,88.88,28.38,-0.115,5,stop,False,False,22.31,17.17,494415804.4455246,2023,stop@120.92x1.00
GAEL,2023-09-22,2023-12-22,156.7,113.16,27.79,0.408,13,stop,False,False,25.95,16.87,461540517.00129396,2023,stop@175.63x1.00
GLAXO,2023-09-15,2023-10-27,1514.5,1135.42,25.03,-0.274,6,stop,False,False,21.27,9.51,140756789.03200683,2023,stop@1420.80x1.00
GNFC,2023-10-20,2024-02-09,620.23,470.0,24.22,0.271,16,stop,False,False,19.21,11.8,806963255.5445709,2023,stop@663.27x1.00
GODFRYPHLP,2021-10-01,2021-11-26,391.54,255.45,34.76,-0.224,8,stop,False,False,33.84,13.81,214352342.10844573,2021,stop@363.68x1.00
GODREJAGRO,2020-01-10,2020-02-28,503.11,387.36,23.01,-0.271,7,stop,False,True,11.89,5.13,57452689.707675174,2020,stage3_half@477.44x0.50;stop@473.00x0.50
GODREJAGRO,2025-07-25,2025-09-19,828.1,646.41,21.94,-0.528,8,stop,False,True,11.78,7.9,306989052.6524536,2025,stage3_half@752.55x0.50;stop@722.70x0.50
GODREJIND,2023-06-16,2023-07-21,497.65,395.0,20.63,-0.253,5,stop,False,False,12.32,5.35,107111315.98961945,2023,stop@475.05x1.00
GRASIM,2023-09-15,2023-10-27,1950.42,1501.44,23.02,-0.23,6,stop,False,False,15.37,4.67,1610603654.2476928,2023,stop@1853.78x1.00
GRINDWELL,2024-05-31,2024-08-09,2522.31,1845.58,26.83,-0.064,10,stop,True,True,17.91,8.24,442053305.47351074,2024,stage3_half@2576.47x0.50;stop@2416.96x0.50
GSPL,2024-01-05,2024-03-15,334.0,254.5,23.8,0.227,10,stop,False,False,17.37,3.25,587476799.365,2024,stop@353.30x1.00
GUJALKALI,2024-10-11,2024-11-14,852.81,617.96,27.54,-0.382,5,stop,False,False,13.67,3.75,159078225.2859497,2024,stop@768.73x1.00
HDFCBANK,2019-03-15,2019-07-12,520.42,435.41,16.33,0.388,17,stop,False,False,8.65,4.05,5794414771.883032,2019,stop@555.30x1.00
HEROMOTOCO,2023-07-07,2023-08-04,2850.68,2033.74,28.66,-0.122,4,stop,False,False,20.35,10.38,2558574607.4319825,2023,stop@2761.31x1.00
HFCL,2023-12-22,2024-03-15,81.78,61.34,25.0,0.373,12,stop,False,False,21.32,6.27,2087158028.0047631,2023,stop@89.71x1.00
HINDZINC,2024-04-12,2024-07-26,393.92,259.54,34.11,1.411,15,stop,False,False,38.81,24.87,1405985436.4198165,2024,stop@585.26x1.00
HINDZINC,2025-12-12,2026-02-06,551.57,406.08,26.38,0.009,8,stop,True,False,25.22,17.67,3869957074.923944,2025,stop@554.86x1.00
INDIANB,2025-06-06,2025-08-01,605.35,452.45,25.26,0.0,8,stop,False,False,16.34,11.63,1721743269.413327,2025,stop@607.61x1.00
INFY,2024-01-12,2024-03-07,1486.22,1187.25,20.12,0.052,8,stop,False,False,16.74,0.06,10848639152.823944,2024,stop@1507.18x1.00
IRB,2018-04-13,2018-05-18,12.54,8.82,29.69,-0.293,5,stop,False,False,22.75,16.74,677298969.4720049,2018,stop@11.50x1.00
ITC,2018-07-27,2018-09-28,210.3,172.1,18.17,-0.15,9,stop,False,False,14.59,5.41,3224015141.8668604,2018,stop@205.33x1.00
JAMNAAUTO,2023-09-01,2023-10-13,115.84,88.99,23.18,-0.308,6,stop,False,False,16.8,8.13,348986668.6808155,2023,stop@108.37x1.00
JKTYRE,2025-10-24,2025-12-12,411.95,298.85,27.45,0.222,7,stop,False,False,22.72,13.09,441444164.6653687,2025,stop@440.00x1.00
JSWENERGY,2019-11-08,2019-12-13,72.37,54.64,24.49,-0.425,5,stop,False,False,13.38,6.93,70484450.67352009,2019,stop@65.33x1.00
JSWINFRA,2025-09-19,2025-10-31,334.79,260.79,22.1,-0.634,6,stage4,False,False,12.82,6.89,615900076.1882232,2025,stage4@288.98x1.00
JUSTDIAL,2023-06-09,2023-08-18,751.0,563.8,24.93,-0.001,10,stop,False,False,21.57,16.48,229969421.42178345,2023,stop@756.00x1.00
KNRCON,2024-05-31,2024-07-26,317.26,236.28,25.53,0.238,8,stop,True,False,18.94,10.83,788289267.2364998,2024,stop@337.72x1.00
KRBL,2023-09-08,2023-11-17,439.93,311.84,29.12,-0.643,10,stop,False,True,18.56,8.98,320539819.6717529,2023,stage3_half@380.98x0.50;stop@339.79x0.50
LATENTVIEW,2023-08-18,2023-09-15,425.45,310.45,27.03,-0.087,4,stop,False,False,17.92,9.83,553458347.074707,2023,stop@417.00x1.00
LATENTVIEW,2025-11-14,2026-01-09,488.8,386.4,20.95,-0.419,8,stop,False,False,18.16,8.43,419320870.61715543,2025,stop@449.15x1.00
LICI,2023-12-08,2024-03-15,369.0,282.9,23.33,1.25,14,stop,False,False,25.58,10.41,3231819130.599051,2023,stop@478.16x1.00
LT,2019-05-24,2019-06-21,1373.99,1068.74,22.22,-0.158,4,stop,False,False,15.24,7.93,3854981471.4402285,2019,stop@1330.70x1.00
LTF,2022-12-02,2023-03-17,86.43,61.94,28.34,-0.2,15,stop,False,False,19.3,9.51,730096017.4676354,2022,stop@81.84x1.00
LTI,2020-01-17,2020-02-28,1902.35,1435.8,24.52,-0.031,6,stop,False,False,14.04,5.77,329323005.60249996,2020,stop@1901.00x1.00
M&MFIN,2025-10-31,2026-02-06,315.55,230.52,26.95,0.309,14,stop,False,False,18.07,11.45,971550006.0375793,2025,stop@343.00x1.00
MANYAVAR,2023-12-01,2024-01-12,1367.06,1159.07,15.21,-0.95,6,stage4,False,False,11.02,1.91,361850484.2081116,2023,stage4@1178.37x1.00
MARICO,2023-07-28,2023-10-06,555.45,447.47,19.44,-0.272,10,stop,False,False,12.78,3.27,952549035.3419403,2023,stop@528.08x1.00
MARICO,2024-06-07,2024-10-25,643.14,478.96,25.53,-0.025,20,stop,False,True,21.62,8.52,2133047540.5687225,2024,stage3_half@659.19x0.50;stop@623.44x0.50
MARUTI,2025-08-22,2025-11-07,14349.0,10941.03,23.75,0.383,11,stop,False,False,20.3,16.37,5907207448.309961,2025,stop@15708.00x1.00
MCX,2021-10-08,2021-12-03,373.15,272.77,26.9,-0.574,8,stop,False,False,22.9,0.52,1718973677.7141724,2021,stop@316.80x1.00
MEDANTA,2025-07-11,2025-09-12,1302.83,996.09,23.54,0.08,9,stop,False,False,14.06,9.52,697954026.3481445,2025,stop@1332.02x1.00
METROPOLIS,2023-10-13,2024-01-12,387.06,300.34,22.4,-0.286,13,stop,False,True,16.45,6.48,637686314.3841308,2023,stage3_half@343.83x0.50;stop@383.45x0.50
MOTILALOFS,2021-05-21,2021-08-27,787.34,560.84,28.77,-0.074,14,stop,False,True,27.07,6.93,432297192.20776063,2021,stage3_half@799.30x0.50;stop@752.87x0.50
MRF,2020-11-20,2021-03-19,78401.37,54830.57,30.06,0.187,17,stop,False,False,25.42,6.04,3113067141.2707033,2020,stop@83098.31x1.00
MRPL,2025-10-31,2026-01-02,162.96,117.52,27.88,-0.401,9,stop,False,True,24.41,14.91,1945663904.3671868,2025,stage3_half@150.56x0.50;stop@140.07x0.50
NESTLEIND,2025-10-17,2025-12-05,1282.58,1078.87,15.88,-0.212,7,stop,False,False,11.66,5.57,2042887757.2345276,2025,stop@1243.98x1.00
NHPC,2020-01-24,2020-03-13,20.43,15.04,26.39,-0.848,7,stop,False,False,17.54,10.88,335665442.180215,2020,stop@15.99x1.00
NLCINDIA,2025-09-26,2025-11-21,275.6,208.63,24.3,-0.434,8,stop,False,False,19.6,15.71,1024671904.0412979,2025,stop@247.48x1.00
NMDC,2023-09-08,2024-03-15,42.54,30.28,28.82,2.04,27,stop,False,False,28.08,20.38,1987992487.2423942,2023,stop@67.76x1.00
OFSS,2023-04-28,2023-10-20,3008.62,2435.42,19.05,0.988,25,stop,False,False,13.56,8.6,217385223.60181886,2023,stop@3597.90x1.00
ONGC,2018-01-25,2018-03-09,130.38,95.57,26.7,-0.442,6,stop,False,True,19.76,4.07,1111505180.3324065,2018,stage3_half@117.16x0.50;stop@113.72x0.50
PCBL,2023-06-16,2023-07-28,152.63,103.5,32.19,-0.149,6,stop,False,False,28.29,23.02,380203594.1487373,2023,stop@146.35x1.00
PFC,2022-11-25,2024-02-23,93.54,63.72,31.88,9.252,65,stop,False,False,25.8,16.46,883195527.2719955,2022,stop@370.26x1.00
PFIZER,2021-07-30,2021-08-27,5498.97,4053.51,26.29,-0.121,4,stop,False,False,15.63,1.56,591488216.4173095,2021,stop@5343.61x1.00
PGHH,2023-09-01,2023-12-22,15320.96,12489.35,18.48,0.24,16,stop,False,True,13.29,6.32,103438255.22021484,2023,stage3_half@16158.57x0.50;stop@16060.92x0.50
PNCINFRA,2023-01-06,2023-02-24,315.61,233.03,26.17,-0.192,7,stop,False,False,21.79,16.13,263019058.02896577,2023,stop@301.88x1.00
POLYCAB,2021-01-08,2021-03-19,1208.71,772.5,36.09,0.096,10,stop,False,False,47.0,10.67,730226232.056781,2021,stop@1255.12x1.00
PRESTIGE,2022-12-02,2023-01-27,505.5,376.05,25.61,-0.609,8,stop,False,False,12.72,2.67,184213053.92991942,2022,stop@429.95x1.00
PRESTIGE,2023-06-09,2023-07-14,534.32,389.23,27.15,0.113,5,stop,False,False,18.74,14.05,340759336.810434,2023,stop@554.48x1.00
QUESS,2023-11-10,2024-01-25,429.1,333.27,22.33,0.098,11,stop,False,False,15.45,9.51,146929931.46431732,2023,stop@441.52x1.00
RALLIS,2023-12-08,2024-02-16,245.69,182.87,25.57,-0.124,10,stop,False,False,21.1,6.58,669906252.8478272,2023,stop@238.75x1.00
RAMCOCEM,2023-05-19,2023-07-21,837.9,636.04,24.09,0.287,9,stop,False,False,16.33,14.02,496105431.47998655,2023,stop@901.84x1.00
RBLBANK,2018-06-15,2018-09-21,541.18,428.6,20.8,0.163,14,stop,False,False,9.66,3.92,586739265.5882477,2018,stop@561.52x1.00
RCF,2022-04-01,2022-06-17,87.55,61.08,30.23,-0.316,11,stop,False,True,22.45,15.78,821388379.5741081,2022,stage3_half@84.03x0.50;stop@74.96x0.50
RCF,2023-10-20,2024-02-09,131.35,96.52,26.52,0.842,16,stop,False,False,21.62,15.54,993257504.5718807,2023,stop@161.18x1.00
RHIM,2023-12-22,2024-02-09,801.74,599.81,25.19,-0.505,7,stop,False,True,18.72,1.89,205756372.55935365,2023,stage3_half@714.62x0.50;stop@695.45x0.50
RITES,2022-09-02,2022-12-16,130.64,97.49,25.38,0.835,15,stop,False,False,17.27,13.9,79738356.3517807,2022,stop@159.36x1.00
ROUTE,2024-06-28,2024-07-26,1782.31,1354.82,23.99,-0.281,4,stop,True,False,16.31,2.38,1289526169.9294922,2024,stop@1668.46x1.00
SAIL,2023-09-08,2023-09-29,95.67,75.07,21.54,-0.289,3,stop,False,False,15.83,7.92,1923114497.6651986,2023,stop@90.06x1.00
SBFC,2025-04-25,2025-08-01,106.15,77.61,26.89,-0.153,14,stop,False,True,22.5,22.02,338038364.56776124,2025,stage3_half@103.05x0.50;stop@102.00x0.50
SBILIFE,2022-07-29,2022-09-30,1284.82,994.22,22.62,-0.147,9,stop,False,False,13.01,11.81,1479989741.6569824,2022,stop@1246.70x1.00
SCHAEFFLER,2023-09-08,2023-10-27,3488.73,2619.66,24.91,-0.611,7,stop,False,False,22.91,11.75,329887381.917627,2023,stop@2980.66x1.00
SCHAEFFLER,2024-05-03,2024-08-09,3713.85,2548.63,31.37,0.078,14,stop,False,True,22.97,11.89,455364639.13753664,2024,stage3_half@3929.24x0.50;stop@3732.54x0.50
SHOPERSTOP,2024-07-12,2024-10-25,851.5,667.4,21.62,-0.664,15,stop,False,True,18.56,1.75,141312097.4344055,2024,stage3_half@772.75x0.50;stop@697.00x0.50
SHRIRAMFIN,2020-02-07,2020-03-13,216.06,164.59,23.83,-1.013,5,stop,False,False,12.66,6.75,1835016524.4512649,2020,stop@164.59x1.00
SHRIRAMFIN,2023-06-23,2023-10-27,321.64,225.05,30.03,0.285,18,stop,False,True,31.37,24.09,3080350930.000366,2023,stage3_half@354.67x0.50;stop@346.00x0.50
SHYAMMETL,2023-06-16,2023-10-27,336.74,250.35,25.65,1.111,19,stop,False,True,15.76,9.08,134968287.950325,2023,stage3_half@444.30x0.50;stop@426.59x0.50
SJVN,2022-09-16,2022-12-23,28.97,22.9,20.96,0.499,14,stop,False,False,13.15,11.23,115430807.73787174,2022,stop@32.22x1.00
STAR,2017-02-03,2017-03-31,1041.73,800.49,23.16,-0.299,8,stop,False,False,10.65,4.63,533749739.18777466,2017,stop@973.15x1.00
SUDARSCHEM,2019-10-27,2019-11-22,386.55,278.71,27.9,-0.193,4,stop,False,False,22.63,17.62,52387998.43973084,2019,stop@368.42x1.00
SUMICHEM,2024-05-31,2024-10-25,461.88,334.82,27.51,0.419,21,stop,False,False,16.3,6.04,634755086.670407,2024,stop@516.95x1.00
SUMICHEM,2025-07-18,2025-08-29,604.92,445.29,26.39,-0.232,6,stop,False,False,15.33,11.68,310130222.5798828,2025,stop@572.05x1.00
SUPRAJIT,2024-06-07,2024-07-26,470.48,352.09,25.16,0.177,7,stop,False,False,18.47,5.46,203400104.49590605,2024,stop@494.87x1.00
SUPREMEIND,2019-09-27,2019-11-01,1124.94,877.08,22.03,-0.189,5,stop,False,False,11.63,9.38,53334348.72800598,2019,stop@1085.89x1.00
SUVENPHAR,2023-08-18,2023-10-27,520.5,463.3,10.99,0.365,10,stop,False,False,9.31,3.54,353061379.6455765,2023,stop@545.10x1.00
SWSOLAR,2023-07-21,2023-09-29,365.05,262.0,28.23,-0.207,10,stop,False,False,23.99,12.96,805130102.046579,2023,stop@345.00x1.00
SYMPHONY,2020-02-07,2020-03-13,1270.5,999.93,21.3,-1.029,5,stop,False,False,9.14,3.95,61933589.54968872,2020,stop@999.93x1.00
SYMPHONY,2022-04-08,2022-05-13,1149.92,859.11,25.29,-0.439,5,stop,False,False,17.87,8.86,149782001.18348998,2022,stop@1029.88x1.00
SYNGENE,2019-05-31,2019-07-12,331.09,247.18,25.34,-0.336,6,stop,False,False,14.08,5.57,135309329.89520875,2019,stop@305.11x1.00
SYNGENE,2023-04-28,2023-10-20,671.49,540.57,19.5,0.622,25,stop,False,False,15.32,11.91,475563467.2531006,2023,stop@757.99x1.00
TATACHEM,2024-03-07,2024-05-03,1263.22,896.09,29.06,-0.638,8,stop,False,False,29.72,14.41,5184957044.001813,2024,stop@1032.95x1.00
TATACOMM,2025-10-10,2025-11-28,1853.35,1436.11,22.51,-0.163,7,stop,False,False,15.57,9.08,1762549986.0717347,2025,stop@1791.81x1.00
TATACONSUM,2023-06-16,2023-09-01,843.4,663.99,21.27,-0.198,11,stop,False,False,13.92,6.73,1423117656.2128081,2023,stop@810.90x1.00
TATAINVEST,2020-02-07,2020-03-13,85.23,65.67,22.94,-0.794,5,stop,False,True,15.08,10.51,51156970.554424286,2020,stage3_half@74.82x0.50;stop@65.67x0.50
TATAINVEST,2022-09-02,2022-12-09,159.88,117.54,26.49,1.391,14,stop,False,False,17.54,15.07,68642479.31069183,2022,stop@220.10x1.00
TATAINVEST,2025-09-26,2025-11-21,862.15,568.33,34.08,-0.351,8,stop,False,True,33.11,29.92,4070843837.31131,2025,stage3_half@777.24x0.50;stop@746.40x0.50
TATAMTRDVR,2023-05-12,2024-05-17,262.45,190.0,27.61,4.955,53,stop,False,False,18.48,14.27,774433867.0799999,2023,stop@623.00x1.00
TEAMLEASE,2023-12-22,2024-03-22,2906.0,2180.1,24.98,-0.241,13,stop,False,False,20.36,5.94,222501575.30063477,2023,stop@2751.05x1.00
THERMAX,2019-09-27,2019-10-27,1118.13,894.26,20.02,-0.325,4,stop,False,False,11.04,8.02,96454181.52243653,2019,stop@1053.06x1.00
TORNTPHARM,2020-01-17,2020-03-13,917.68,664.13,27.63,-0.238,8,stop,False,False,16.61,7.97,385582353.5767273,2020,stop@863.46x1.00
TORNTPHARM,2023-06-02,2023-09-01,1719.39,1398.33,18.67,0.401,13,stop,False,False,13.37,8.64,990180317.531073,2023,stop@1854.61x1.00
TORNTPOWER,2019-07-05,2019-08-30,249.24,189.79,23.85,-0.199,8,stop,False,True,20.06,14.46,486958093.3215645,2019,stage3_half@243.01x0.50;stop@235.23x0.50
TRIVENI,2023-09-08,2023-10-27,336.43,241.05,28.35,0.267,7,stop,False,False,22.57,14.06,392227401.54048,2023,stop@364.34x1.00
ULTRACEMCO,2019-04-26,2019-07-12,4459.9,3154.32,29.27,-0.149,11,stop,False,False,16.76,9.72,2830317791.8103395,2019,stop@4280.97x1.00
UNITDSPR,2023-07-21,2024-02-09,1017.41,715.34,29.69,0.073,29,stop,False,False,23.5,13.34,1281643152.585092,2023,stop@1043.21x1.00
VGUARD,2019-05-31,2019-07-26,235.53,178.09,24.39,-0.272,8,stop,False,False,17.54,9.46,246815023.1800316,2019,stop@221.50x1.00
VGUARD,2023-06-30,2023-10-06,279.4,226.53,18.92,0.325,14,stop,False,False,11.83,4.97,114369707.58370285,2023,stop@298.59x1.00
VOLTAS,2023-12-22,2024-05-10,935.97,735.86,21.38,1.583,20,stop,False,False,14.2,1.02,1974813805.919632,2023,stop@1256.74x1.00
WHIRLPOOL,2023-10-13,2023-12-01,1703.87,1279.43,24.91,-0.471,7,stop,False,False,18.76,10.13,205394614.5870239,2023,stop@1515.41x1.00
WIPRO,2023-12-22,2024-04-12,216.38,175.41,18.93,0.181,16,stop,False,True,16.23,2.46,3498358141.370369,2023,stage3_half@228.30x0.50;stop@220.88x0.50
YESBANK,2022-04-08,2022-06-17,15.65,12.1,22.68,-0.916,10,stop,False,False,19.49,11.04,2862471746.620897,2022,stop@12.45x1.00
YESBANK,2023-11-17,2024-03-15,20.8,15.5,25.48,0.325,17,stop,False,False,23.93,14.12,4510654234.2046995,2023,stop@22.60x1.00
