ticker,from_date,to_date
360ONE,2023-01-05,2030-12-31
3MINDIA,2011-04-20,2030-12-31
8KMILES,2011-01-01,2019-10-29
AADHARHFC,2024-10-21,2030-12-31
AARTIDRUGS,2021-06-14,2024-10-21
AARTIIND,2011-04-20,2022-07-22
AARTIIND,2023-01-05,2030-12-31
AAVAS,2019-10-29,2030-12-31
ABB,2011-04-20,2030-12-31
ABBOTINDIA,2019-10-29,2030-12-31
ABCAPITAL,2017-09-01,2030-12-31
ABDL,2026-03-05,2030-12-31
ABFRL,2013-07-17,2030-12-31
ABLBL,2025-10-26,2030-12-31
ABREL,2011-04-20,2018-12-03
ABREL,2019-10-29,2030-12-31
ABSLAMC,2021-06-14,2023-01-05
ABSLAMC,2024-10-21,2030-12-31
ACC,2011-04-20,2030-12-31
ACE,2024-10-21,2030-12-31
ACI,2023-01-05,2024-10-21
ACMESOLAR,2024-10-21,2030-12-31
ACUTAAS,2026-03-05,2030-12-31
ADANIENSOL,2018-10-04,2030-12-31
ADANIENT,2021-06-14,2030-12-31
ADANIGREEN,2018-12-03,2030-12-31
ADANIPORTS,2011-04-20,2030-12-31
ADANIPOWER,2011-04-20,2021-06-14
ADANIPOWER,2023-01-05,2030-12-31
ADVENZYMES,2016-08-01,2022-07-22
AEGISLOG,2018-10-04,2030-12-31
AEGISVOPAK,2025-10-26,2030-12-31
AETHER,2022-07-22,2024-10-21
AFCONS,2024-10-21,2030-12-31
AFFLE,2019-10-29,2030-12-31
AGARWALEYE,2025-10-26,2026-03-05
AIAENG,2011-04-20,2030-12-31
AIIL,2024-10-21,2030-12-31
AJANTPHARM,2011-04-20,2030-12-31
AKUMS,2024-10-21,2026-03-05
AKZOINDIA,2011-06-06,2021-06-14
AKZOINDIA,2025-10-26,2026-03-05
ALBK,2011-01-01,2020-04-01
ALIVUS,2024-10-21,2025-10-26
ALKEM,2015-12-23,2030-12-31
ALKYLAMINE,2019-10-29,2026-03-05
ALLCARGO,2011-06-06,2023-01-05
ALLCARGO,2023-09-05,2024-10-21
ALOKINDS,2021-06-14,2023-01-05
ALOKINDS,2023-09-05,2026-03-05
AMBER,2019-10-29,2030-12-31
AMBUJACEM,2011-04-20,2030-12-31
ANANDRATHI,2024-10-21,2030-12-31
ANANTRAJ,2024-10-21,2030-12-31
ANDHRABANK,2011-01-01,2020-04-01
ANGELONE,2021-06-14,2030-12-31
ANTHEM,2026-03-05,2030-12-31
ANURAS,2021-06-14,2024-10-21
ANURAS,2026-03-05,2030-12-31
APARINDS,2023-01-05,2030-12-31
APLAPOLLO,2011-12-14,2030-12-31
APLLTD,2011-09-20,2026-03-05
APOLLOHOSP,2011-04-20,2030-12-31
APOLLOTYRE,2011-04-20,2030-12-31
APTUS,2021-06-14,2030-12-31
ARE&M,2018-10-04,2030-12-31
ARVINDFASN,2019-10-29,2021-06-14
ASAHIINDIA,2019-10-29,2030-12-31
ASHOKA,2011-06-06,2021-06-14
ASHOKLEY,2011-04-20,2030-12-31
ASIANPAINT,2011-04-20,2030-12-31
ASTERDM,2018-02-26,2030-12-31
ASTRAL,2011-04-20,2030-12-31
ASTRAZEN,2019-10-29,2023-01-05
ASTRAZEN,2024-10-21,2026-03-05
ATGL,2019-10-29,2030-12-31
ATHERENERG,2025-10-26,2030-12-31
ATUL,2011-04-20,2030-12-31
AUBANK,2017-07-11,2030-12-31
AUROPHARMA,2011-04-20,2030-12-31
AVANTIFEED,2011-06-06,2024-10-21
AWL,2022-07-22,2030-12-31
AXISBANK,2011-04-20,2030-12-31
BAJAJ-AUTO,2011-04-20,2030-12-31
BAJAJCON,2018-12-03,2021-06-14
BAJAJCORP,2011-01-01,2018-12-03
BAJAJELEC,2011-06-06,2023-09-05
BAJAJFINSV,2011-04-20,2030-12-31
BAJAJHFL,2024-10-21,2030-12-31
BAJAJHLDNG,2011-04-20,2030-12-31
BAJFINANCE,2011-04-20,2030-12-31
BALAMINES,2021-06-14,2024-10-21
BALKRISIND,2011-04-20,2030-12-31
BALMLAWRIE,2011-06-06,2021-06-14
BALRAMCHIN,2011-04-20,2030-12-31
BANDHANBNK,2018-03-27,2030-12-31
BANKBARODA,2011-04-20,2030-12-31
BANKINDIA,2011-04-20,2030-12-31
BASF,2011-04-20,2023-09-05
BASF,2024-10-21,2026-03-05
BATAINDIA,2011-04-20,2030-12-31
BAYERCROP,2011-04-20,2030-12-31
BBTC,2011-04-20,2030-12-31
BCG,2021-06-14,2024-10-21
BDL,2018-03-23,2030-12-31
BEL,2011-04-20,2030-12-31
BELRISE,2026-03-05,2030-12-31
BEML,2011-04-20,2021-06-14
BEML,2023-01-05,2030-12-31
BERGEPAINT,2011-04-20,2030-12-31
BHARATFIN,2011-01-01,2018-12-03
BHARATFORG,2011-04-20,2030-12-31
BHARATRAS,2019-10-29,2021-06-14
BHARATRAS,2022-07-22,2023-01-05
BHARTIARTL,2011-04-20,2030-12-31
BHARTIHEXA,2024-10-21,2030-12-31
BHEL,2011-04-20,2030-12-31
BIKAJI,2023-01-05,2030-12-31
BIOCON,2011-04-20,2030-12-31
BIRLACORPN,2011-06-06,2024-10-21
BLISSGVS,2011-06-06,2021-06-14
BLS,2023-01-05,2030-12-31
BLUEDART,2011-04-20,2030-12-31
BLUEJET,2025-10-26,2030-12-31
BLUESTARCO,2011-04-20,2030-12-31
BOMDYEING,2011-06-06,2021-06-14
BORORENEW,2021-06-14,2024-10-21
BOSCHLTD,2011-04-20,2030-12-31
BPCL,2011-04-20,2030-12-31
BRIGADE,2011-04-20,2030-12-31
BRITANNIA,2011-04-20,2030-12-31
BSE,2017-02-03,2030-12-31
BSOFT,2019-10-29,2030-12-31
CAMPUS,2022-07-22,2026-03-05
CAMS,2021-06-14,2030-12-31
CANBK,2011-04-20,2030-12-31
CANFINHOME,2011-04-20,2030-12-31
CANHLIFE,2026-03-05,2030-12-31
CAPF,2011-01-01,2018-12-03
CAPLIPOINT,2014-06-23,2023-01-05
CAPLIPOINT,2024-10-21,2030-12-31
CARBORUNIV,2011-04-20,2030-12-31
CARERATING,2012-12-26,2021-06-14
CARTRADE,2026-03-05,2030-12-31
CASTROLIND,2011-04-20,2030-12-31
CCL,2011-04-20,2030-12-31
CDSL,2017-06-30,2030-12-31
CEATLTD,2011-04-20,2030-12-31
CEMPRO,2026-03-05,2030-12-31
CENTRALBK,2011-04-20,2030-12-31
CENTURYPLY,2011-04-20,2026-03-05
CERA,2011-04-20,2026-03-05
CESC,2019-10-29,2030-12-31
CGCL,2019-10-29,2030-12-31
CGPOWER,2011-04-20,2019-10-29
CGPOWER,2021-06-14,2030-12-31
CHALET,2021-06-14,2030-12-31
CHAMBLFERT,2011-04-20,2030-12-31
CHEMPLASTS,2021-06-14,2024-10-21
CHENNPETRO,2011-04-20,2021-06-14
CHENNPETRO,2024-10-21,2030-12-31
CHOICEIN,2025-10-26,2030-12-31
CHOLAFIN,2011-04-20,2030-12-31
CHOLAHLDNG,2019-10-29,2030-12-31
CIEINDIA,2023-09-05,2024-10-21
CIPLA,2011-04-20,2030-12-31
CLEAN,2021-06-14,2030-12-31
COALINDIA,2011-04-20,2030-12-31
COCHINSHIP,2017-08-11,2030-12-31
COFFEEDAY,2015-11-02,2019-10-29
COFORGE,2011-04-20,2030-12-31
COHANCE,2024-10-21,2030-12-31
COLPAL,2011-04-20,2030-12-31
CONCOR,2011-04-20,2030-12-31
CONCORDBIO,2023-09-05,2030-12-31
COROMANDEL,2011-04-20,2030-12-31
CORPBANK,2018-12-03,2020-04-01
CPPLUS,2026-03-05,2030-12-31
CRAFTSMAN,2023-01-05,2030-12-31
CREDITACC,2018-12-03,2030-12-31
CRISIL,2011-04-20,2030-12-31
CROMPTON,2016-05-13,2030-12-31
CSBBANK,2019-10-29,2024-10-21
CUB,2011-04-20,2030-12-31
CUMMINSIND,2011-04-20,2030-12-31
CYIENT,2011-04-20,2030-12-31
DABUR,2011-04-20,2030-12-31
DALBHARAT,2019-10-29,2030-12-31
DATAPATTNS,2023-01-05,2030-12-31
DBCORP,2011-06-06,2021-06-14
DBL,2016-08-11,2023-01-05
DBREALTY,2024-10-21,2026-03-05
DCAL,2011-06-06,2021-06-14
DCBBANK,2011-06-06,2021-06-14
DCMSHRIRAM,2011-04-20,2030-12-31
DEEPAKFERT,2011-04-20,2019-10-29
DEEPAKFERT,2022-07-22,2030-12-31
DEEPAKNTR,2019-10-29,2030-12-31
DELHIVERY,2022-07-22,2030-12-31
DELTACORP,2011-06-06,2024-10-21
DEN,2011-06-06,2019-10-29
DENABANK,2011-01-01,2018-12-03
DEVYANI,2021-06-14,2030-12-31
DHANI,2021-06-14,2023-01-05
DHANUKA,2019-10-29,2021-06-14
DHFL,2011-01-01,2019-10-29
DISHTV,2011-06-06,2021-06-14
DIVISLAB,2011-04-20,2030-12-31
DIXON,2017-09-18,2030-12-31
DLF,2011-04-20,2030-12-31
DMART,2017-03-21,2030-12-31
DOMS,2024-10-21,2030-12-31
DREDGECORP,2011-06-06,2019-10-29
DRREDDY,2011-04-20,2030-12-31
EASEMYTRIP,2021-06-14,2024-10-21
ECLERX,2011-04-20,2030-12-31
EDELWEISS,2011-06-06,2023-09-05
EICHERMOT,2011-04-20,2030-12-31
EIDPARRY,2011-04-20,2030-12-31
EIHOTEL,2011-04-20,2030-12-31
ELECON,2024-10-21,2030-12-31
ELGIEQUIP,2011-04-20,2030-12-31
EMAMILTD,2011-04-20,2030-12-31
EMCURE,2024-10-21,2030-12-31
EMMVEE,2026-03-05,2030-12-31
ENDURANCE,2016-10-19,2030-12-31
ENGINERSIN,2011-04-20,2030-12-31
ENRIN,2025-10-26,2030-12-31
EPIGRAL,2023-09-05,2024-10-21
EPL,2021-06-14,2024-10-21
EQUITAS,2011-01-01,2022-07-22
EQUITASBNK,2021-06-14,2024-10-21
ERIS,2017-06-30,2022-07-22
ERIS,2023-09-05,2030-12-31
EROSMEDIA,2011-06-06,2019-10-29
ESABINDIA,2019-10-29,2021-06-14
ESCORTS,2011-04-20,2030-12-31
ESSELPACK,2019-10-29,2021-06-14
ETERNAL,2024-10-21,2030-12-31
EVEREADY,2011-06-06,2019-10-29
EXCELCROP,2011-01-01,2019-10-29
EXIDEIND,2011-04-20,2030-12-31
FACT,2021-06-14,2030-12-31
FCONSUMER,2011-11-04,2021-06-14
FDC,2011-06-06,2024-10-21
FEDERALBNK,2011-04-20,2030-12-31
FINCABLES,2011-04-20,2030-12-31
FINEORG,2019-10-29,2024-10-21
FINPIPE,2011-04-20,2026-03-05
FIRSTCRY,2024-10-21,2030-12-31
FIVESTAR,2023-01-05,2030-12-31
FLFL,2013-10-01,2019-10-29
FLUOROCHEM,2019-10-29,2030-12-31
FORCEMOT,2025-10-26,2030-12-31
FORTIS,2018-12-03,2030-12-31
FRETAIL,2016-08-29,2021-06-14
FSL,2011-04-20,2030-12-31
GABRIEL,2026-03-05,2030-12-31
GAEL,2021-06-14,2024-10-21
GAIL,2011-04-20,2030-12-31
GALAXYSURF,2018-02-08,2024-10-21
GALLANTT,2026-03-05,2030-12-31
GARFIBRES,2019-10-29,2023-09-05
GAYAPROJ,2011-08-22,2019-10-29
GDL,2011-01-01,2019-10-29
GEPIL,2011-01-01,2021-06-14
GESHIP,2011-04-20,2030-12-31
GET&D,2011-01-01,2021-06-14
GHCL,2011-06-06,2021-06-14
GICRE,2017-10-25,2030-12-31
GILLETTE,2011-04-20,2021-06-14
GILLETTE,2023-09-05,2030-12-31
GLAND,2021-06-14,2030-12-31
GLAXO,2011-04-20,2030-12-31
GLENMARK,2011-04-20,2030-12-31
GLS,2021-06-14,2022-07-22
GLS,2023-09-05,2024-10-21
GMDCLTD,2011-04-20,2021-06-14
GMDCLTD,2024-10-21,2030-12-31
GMMPFAUDLR,2019-10-29,2024-10-21
GMRAIRPORT,2011-04-20,2021-06-14
GMRAIRPORT,2022-07-22,2030-12-31
GNFC,2011-04-20,2025-10-26
GOCOLORS,2021-06-14,2024-10-21
GODFRYPHLP,2011-04-20,2030-12-31
GODIGIT,2024-10-21,2030-12-31
GODREJAGRO,2017-10-16,2023-09-05
GODREJAGRO,2024-10-21,2026-03-05
GODREJCP,2011-04-20,2030-12-31
GODREJIND,2011-04-20,2030-12-31
GODREJPROP,2011-04-20,2030-12-31
GPIL,2023-09-05,2030-12-31
GPPL,2011-04-20,2025-10-26
GRANULES,2011-04-20,2030-12-31
GRAPHITE,2011-04-20,2030-12-31
GRASIM,2011-04-20,2030-12-31
GRAVITA,2024-10-21,2030-12-31
GREAVESCOT,2011-06-06,2021-06-14
GREENPANEL,2022-07-22,2023-09-05
GREENPLY,2011-06-06,2019-10-29
GRINDWELL,2011-06-06,2024-10-21
GRINFRA,2021-06-14,2024-10-21
GROWW,2026-03-05,2030-12-31
GRSE,2019-10-29,2021-06-14
GRSE,2024-10-21,2030-12-31
GSFC,2011-06-06,2024-10-21
GSKCONS,2011-01-01,2019-10-29
GSPL,2011-04-20,2030-12-31
GUJALKALI,2011-06-06,2024-10-21
GUJFLUORO,2011-01-01,2019-10-29
GUJGASLTD,2015-09-15,2026-03-05
GULFOILLUB,2014-07-31,2021-06-14
GVKPIL,2011-06-06,2019-10-29
GVT&D,2024-10-21,2030-12-31
HAL,2018-04-02,2030-12-31
HAPPSTMNDS,2021-06-14,2026-03-05
HATHWAY,2011-06-06,2022-07-22
HATSUN,2014-06-20,2023-01-05
HAVELLS,2011-04-20,2030-12-31
HBLENGINE,2024-10-21,2030-12-31
HCC,2011-06-06,2019-10-29
HCL-INSYS,2011-06-06,2019-10-29
HCLTECH,2011-04-20,2030-12-31
HDBFS,2026-03-05,2030-12-31
HDFCAMC,2019-10-29,2030-12-31
HDFCBANK,2011-04-20,2030-12-31
HDFCLIFE,2017-11-17,2030-12-31
HEG,2011-04-20,2030-12-31
HEIDELBERG,2011-06-06,2021-06-14
HEMIPROP,2021-06-14,2022-07-22
HERITGFOOD,2011-06-06,2021-06-14
HEROMOTOCO,2011-04-20,2030-12-31
HEXAWARE,2011-01-01,2021-06-14
HEXT,2025-10-26,2030-12-31
HFCL,2011-04-20,2030-12-31
HGS,2021-06-14,2023-09-05
HIKAL,2021-06-14,2023-09-05
HIMATSEIDE,2011-06-06,2021-06-14
HINDALCO,2011-04-20,2030-12-31
HINDCOPPER,2011-04-20,2030-12-31
HINDPETRO,2011-04-20,2030-12-31
HINDUNILVR,2011-04-20,2030-12-31
HINDZINC,2011-04-20,2030-12-31
HLEGLAS,2021-06-14,2024-10-21
HOMEFIRST,2021-06-14,2030-12-31
HONASA,2024-10-21,2030-12-31
HONAUT,2011-04-20,2030-12-31
HSCL,2011-04-20,2021-06-14
HSCL,2024-10-21,2030-12-31
HSIL,2011-01-01,2018-12-03
HUDCO,2017-05-19,2030-12-31
HYUNDAI,2024-10-21,2030-12-31
IBREALEST,2011-06-06,2023-09-05
IBULHSGFIN,2011-01-01,2024-10-21
IBVENTURES,2011-01-01,2021-06-14
ICICIAMC,2026-03-05,2030-12-31
ICICIBANK,2011-04-20,2030-12-31
ICICIGI,2017-09-27,2030-12-31
ICICIPRULI,2016-09-29,2030-12-31
ICIL,2011-06-06,2019-10-29
ICIL,2021-06-14,2022-07-22
ICRA,2019-10-29,2021-06-14
IDBI,2011-04-20,2030-12-31
IDEA,2011-04-20,2030-12-31
IDFCFIRSTB,2015-11-06,2030-12-31
IEX,2017-10-23,2030-12-31
IFBIND,2011-06-06,2023-09-05
IFCI,2011-04-20,2021-06-14
IFCI,2024-10-21,2030-12-31
IGIL,2024-10-21,2030-12-31
IGL,2011-04-20,2030-12-31
IIFL,2011-04-20,2018-12-03
IIFL,2019-10-29,2030-12-31
IIFLWAM,2019-10-29,2023-01-05
IKS,2024-10-21,2030-12-31
IL&FSTRANS,2011-06-06,2019-10-29
INDGN,2024-10-21,2030-12-31
INDHOTEL,2011-04-20,2030-12-31
INDIACEM,2011-04-20,2030-12-31
INDIAMART,2019-10-29,2030-12-31
INDIANB,2011-04-20,2030-12-31
INDIGO,2015-11-10,2030-12-31
INDIGOPNTS,2021-06-14,2024-10-21
INDOCO,2011-06-06,2023-01-05
INDOSTAR,2019-10-29,2021-06-14
INDUSINDBK,2011-04-20,2030-12-31
INDUSTOWER,2021-06-14,2030-12-31
INFIBEAM,2011-01-01,2024-10-21
INFRATEL,2011-01-01,2021-06-14
INFY,2011-04-20,2030-12-31
INGERRAND,2019-10-29,2021-06-14
INGERRAND,2023-01-05,2024-10-21
INOXINDIA,2024-10-21,2026-03-05
INOXLEISUR,2011-01-01,2023-01-05
INOXWIND,2015-04-09,2019-10-29
INOXWIND,2024-10-21,2030-12-31
INTELLECT,2014-12-18,2030-12-31
IOB,2011-04-20,2030-12-31
IOC,2011-04-20,2030-12-31
IPCALAB,2011-04-20,2030-12-31
IRB,2011-04-20,2030-12-31
IRCON,2019-10-29,2022-07-22
IRCON,2023-09-05,2030-12-31
IRCTC,2019-10-29,2030-12-31
IREDA,2024-10-21,2030-12-31
IRFC,2021-06-14,2030-12-31
ISEC,2011-01-01,2024-10-21
ITC,2011-04-20,2030-12-31
ITCHOTELS,2025-10-26,2030-12-31
ITDC,2016-12-30,2021-06-14
ITDCEM,2011-01-01,2019-10-29
ITI,2011-04-20,2030-12-31
J&KBANK,2011-04-20,2021-06-14
J&KBANK,2024-10-21,2030-12-31
JAGRAN,2011-06-06,2021-06-14
JAICORPLTD,2011-06-06,2021-06-14
JAINREC,2026-03-05,2030-12-31
JAMNAAUTO,2019-10-29,2024-10-21
JBCHEPHARM,2011-04-20,2030-12-31
JBMA,2022-07-22,2030-12-31
JCHAC,2011-01-01,2021-06-14
JETAIRWAYS,2011-06-06,2019-10-29
JINDALSAW,2011-04-20,2021-06-14
JINDALSAW,2023-09-05,2030-12-31
JINDALSTEL,2011-04-20,2030-12-31
JINDWORLD,2023-01-05,2023-09-05
JIOFIN,2024-10-21,2030-12-31
JISLJALEQS,2011-06-06,2019-10-29
JKCEMENT,2011-04-20,2030-12-31
JKIL,2011-06-06,2019-10-29
JKLAKSHMI,2011-06-06,2024-10-21
JKPAPER,2019-10-29,2024-10-21
JKTYRE,2011-04-20,2021-06-14
JKTYRE,2024-10-21,2030-12-31
JMFINANCIL,2011-04-20,2030-12-31
JPASSOCIAT,2011-06-06,2019-10-29
JPPOWER,2011-04-20,2019-10-29
JPPOWER,2024-10-21,2030-12-31
JSL,2011-04-20,2030-12-31
JSLHISAR,2011-01-01,2022-07-22
JSWCEMENT,2025-10-26,2030-12-31
JSWDULUX,2026-03-05,2030-12-31
JSWENERGY,2011-04-20,2030-12-31
JSWHL,2024-10-21,2025-10-26
JSWINFRA,2024-10-21,2030-12-31
JSWSTEEL,2011-04-20,2030-12-31
JUBLFOOD,2011-04-20,2030-12-31
JUBLINGREA,2018-10-04,2030-12-31
JUBLPHARMA,2021-06-14,2030-12-31
JUSTDIAL,2013-06-05,2025-10-26
JWL,2024-10-21,2030-12-31
JYOTHYLAB,2011-04-20,2026-03-05
JYOTICNC,2024-10-21,2030-12-31
KAJARIACER,2011-04-20,2030-12-31
KALYANKJIL,2021-06-14,2030-12-31
KANSAINER,2011-04-20,2025-10-26
KARURVYSYA,2011-04-20,2030-12-31
KAYNES,2023-09-05,2030-12-31
KEC,2011-04-20,2030-12-31
KEI,2019-10-29,2030-12-31
KENNAMET,2023-01-05,2023-09-05
KFINTECH,2023-01-05,2030-12-31
KIMS,2021-06-14,2030-12-31
KIOCL,2016-11-30,2019-10-29
KIRLOSBROS,2024-10-21,2026-03-05
KIRLOSENG,2024-10-21,2030-12-31
KNRCON,2011-04-20,2025-10-26
KOLTEPATIL,2011-06-06,2021-06-14
KOTAKBANK,2011-04-20,2030-12-31
KPIL,2018-10-04,2030-12-31
KPITTECH,2019-10-29,2030-12-31
KPRMILL,2011-04-20,2030-12-31
KRBL,2011-06-06,2024-10-21
KSB,2019-10-29,2021-06-14
KSB,2023-01-05,2024-10-21
KSB,2025-10-26,2026-03-05
KSCL,2011-06-06,2021-06-14
KTKBANK,2011-06-06,2021-06-14
LAKSHVILAS,2011-01-01,2020-11-27
LALPATHLAB,2015-12-23,2030-12-31
LAOPALA,2019-10-29,2021-06-14
LATENTVIEW,2021-06-14,2030-12-31
LAURUSLABS,2016-12-19,2030-12-31
LAXMIMACH,2011-01-01,2024-10-21
LEMONTREE,2018-04-09,2021-06-14
LEMONTREE,2023-01-05,2030-12-31
LENSKART,2026-03-05,2030-12-31
LGEINDIA,2026-03-05,2030-12-31
LICHSGFIN,2011-04-20,2030-12-31
LICI,2022-07-22,2030-12-31
LINDEINDIA,2011-04-20,2030-12-31
LLOYDSME,2024-10-21,2030-12-31
LODHA,2021-06-14,2030-12-31
LT,2011-04-20,2030-12-31
LTF,2011-08-12,2030-12-31
LTFOODS,2024-10-21,2030-12-31
LTI,2011-01-01,2023-01-05
LTIM,2023-01-05,2026-03-05
LTM,2026-03-05,2030-12-31
LTTS,2016-09-23,2030-12-31
LUPIN,2011-04-20,2030-12-31
LUXIND,2015-12-01,2024-10-21
LXCHEM,2021-06-14,2024-10-21
M&M,2011-04-20,2030-12-31
M&MFIN,2011-04-20,2030-12-31
MAHABANK,2019-10-29,2030-12-31
MAHINDCIE,2011-01-01,2023-09-05
MAHLIFE,2022-07-22,2024-10-21
MAHLOG,2017-11-10,2023-09-05
MAHSCOOTER,2019-10-29,2021-06-14
MAHSCOOTER,2025-10-26,2026-03-05
MAHSEAMLES,2019-10-29,2021-06-14
MAHSEAMLES,2024-10-21,2026-03-05
MANAPPURAM,2011-04-20,2030-12-31
MANKIND,2023-09-05,2030-12-31
MANPASAND,2015-07-09,2019-10-29
MANYAVAR,2022-07-22,2026-03-05
MAPMYINDIA,2021-06-14,2030-12-31
MARICO,2011-04-20,2030-12-31
MARUTI,2011-04-20,2030-12-31
MASFIN,2017-10-18,2021-06-14
MASTEK,2021-06-14,2025-10-26
MAXHEALTH,2021-06-14,2030-12-31
MAXINDIA,2011-01-01,2019-10-29
MAZDOCK,2021-06-14,2030-12-31
MCLEODRUSS,2011-06-06,2019-10-29
MCX,2019-10-29,2030-12-31
MEDANTA,2023-01-05,2030-12-31
MEDPLUS,2021-06-14,2024-10-21
MEESHO,2026-03-05,2030-12-31
MERCK,2011-01-01,2019-10-29
METROBRAND,2021-06-14,2024-10-21
METROPOLIS,2019-10-29,2026-03-05
MFL,2023-01-05,2023-09-05
MFSL,2011-04-20,2030-12-31
MGL,2016-07-01,2030-12-31
MHRIL,2011-06-06,2024-10-21
MIDHANI,2019-10-29,2021-06-14
MINDACORP,2012-03-19,2021-06-14
MINDACORP,2023-09-05,2030-12-31
MINDTREE,2011-01-01,2022-07-22
MMTC,2011-04-20,2030-12-31
MOIL,2011-06-06,2023-01-05
MOTHERSON,2011-04-20,2021-06-14
MOTHERSON,2022-07-22,2030-12-31
MOTILALOFS,2011-04-20,2030-12-31
MPHASIS,2011-04-20,2030-12-31
MRF,2011-04-20,2030-12-31
MRPL,2011-04-20,2030-12-31
MSUMI,2022-07-22,2030-12-31
MTARTECH,2021-06-14,2024-10-21
MUTHOOTFIN,2011-05-06,2030-12-31
NAM-INDIA,2017-11-06,2030-12-31
NATCOPHARM,2011-04-20,2030-12-31
NATIONALUM,2011-04-20,2030-12-31
NAUKRI,2011-04-20,2030-12-31
NAVA,2024-10-21,2030-12-31
NAVINFLUOR,2011-04-20,2030-12-31
NAVKARCORP,2015-09-09,2019-10-29
NAZARA,2021-06-14,2024-10-21
NBCC,2012-04-12,2030-12-31
NBVENTURES,2011-01-01,2021-06-14
NCC,2011-04-20,2030-12-31
NESCO,2011-06-06,2022-07-22
NESTLEIND,2019-10-29,2030-12-31
NETWEB,2024-10-21,2030-12-31
NETWORK18,2011-04-20,2019-10-29
NETWORK18,2021-06-14,2025-10-26
NEULANDLAB,2024-10-21,2030-12-31
NEWGEN,2024-10-21,2030-12-31
NFL,2011-06-06,2021-06-14
NH,2016-01-06,2030-12-31
NHPC,2011-04-20,2030-12-31
NIACL,2017-11-13,2030-12-31
NIITLTD,2022-07-22,2023-01-05
NILKAMAL,2011-06-06,2021-06-14
NIVABUPA,2024-10-21,2030-12-31
NLCINDIA,2011-04-20,2030-12-31
NMDC,2011-04-20,2022-07-22
NMDC,2023-01-05,2030-12-31
NOCIL,2021-06-14,2023-09-05
NSLNISP,2023-09-05,2030-12-31
NTPC,2011-04-20,2030-12-31
NTPCGREEN,2024-10-21,2030-12-31
NUVAMA,2024-10-21,2030-12-31
NUVOCO,2021-06-14,2024-10-21
NUVOCO,2025-10-26,2030-12-31
NYKAA,2021-06-14,2030-12-31
OBEROIRLTY,2011-04-20,2030-12-31
OFSS,2011-04-20,2030-12-31
OIL,2011-04-20,2030-12-31
OLAELEC,2024-10-21,2030-12-31
OLECTRA,2022-07-22,2030-12-31
OMAXE,2011-06-06,2021-06-14
ONESOURCE,2025-10-26,2030-12-31
ONGC,2011-04-20,2030-12-31
ORIENTBANK,2011-01-01,2020-04-01
ORIENTCEM,2013-07-12,2021-06-14
ORIENTELEC,2019-10-29,2024-10-21
ORIENTREF,2019-10-29,2021-06-14
PAGEIND,2011-04-20,2030-12-31
PARADEEP,2026-03-05,2030-12-31
PARAGMILK,2016-05-19,2019-10-29
PATANJALI,2022-07-22,2030-12-31
PAYTM,2021-06-14,2030-12-31
PCBL,2021-06-14,2030-12-31
PCJEWELLER,2012-12-27,2019-10-29
PEL,2011-01-01,2022-07-22
PEL,2023-01-05,2025-10-26
PERSISTENT,2011-04-20,2030-12-31
PETRONET,2011-04-20,2030-12-31
PFC,2011-04-20,2030-12-31
PFIZER,2011-04-20,2030-12-31
PFS,2011-06-06,2019-10-29
PGEL,2024-10-21,2030-12-31
PGHH,2011-06-06,2024-10-21
PGHH,2025-10-26,2026-03-05
PGHL,2019-10-29,2023-01-05
PGHL,2023-09-05,2024-10-21
PHILIPCARB,2011-01-01,2021-06-14
PHOENIXLTD,2011-04-20,2030-12-31
PIDILITIND,2011-04-20,2030-12-31
PIIND,2011-06-15,2030-12-31
PINELABS,2026-03-05,2030-12-31
PIRAMALFIN,2026-03-05,2030-12-31
PNB,2011-04-20,2030-12-31
PNBHOUSING,2016-11-07,2030-12-31
PNCINFRA,2015-05-26,2025-10-26
POLICYBZR,2021-06-14,2030-12-31
POLYCAB,2019-10-29,2030-12-31
POLYMED,2019-10-29,2030-12-31
POLYPLEX,2021-06-14,2024-10-21
POONAWALLA,2011-04-20,2019-10-29
POONAWALLA,2021-06-14,2030-12-31
POWERGRID,2011-04-20,2030-12-31
POWERINDIA,2021-06-14,2030-12-31
PPLPHARMA,2023-01-05,2030-12-31
PRAJIND,2011-04-20,2026-03-05
PREMIERENE,2024-10-21,2030-12-31
PRESTIGE,2011-04-20,2030-12-31
PRINCEPIPE,2021-06-14,2024-10-21
PRIVISCL,2021-06-14,2023-01-05
PRSMJOHNSN,2011-06-06,2024-10-21
PTC,2011-06-06,2021-06-14
PTCIL,2024-10-21,2030-12-31
PVR,2011-01-01,2023-09-05
PVRINOX,2023-09-05,2030-12-31
PWL,2026-03-05,2030-12-31
QUESS,2016-07-12,2024-10-21
RADICO,2011-04-20,2030-12-31
RAILTEL,2021-06-14,2022-07-22
RAILTEL,2024-10-21,2030-12-31
RAIN,2011-06-06,2024-10-21
RAINBOW,2023-01-05,2030-12-31
RAJESHEXPO,2011-06-06,2024-10-21
RALLIS,2011-06-06,2024-10-21
RAMCOCEM,2011-04-20,2030-12-31
RATNAMANI,2019-10-29,2024-10-21
RAYMOND,2011-04-20,2021-06-14
RAYMOND,2022-07-22,2025-10-26
RAYMONDLSL,2024-10-21,2025-10-26
RBA,2021-06-14,2024-10-21
RBLBANK,2016-08-31,2030-12-31
RCF,2011-04-20,2026-03-05
RCOM,2011-06-06,2019-10-29
RECLTD,2011-04-20,2030-12-31
REDINGTON,2011-04-20,2030-12-31
RELAXO,2011-06-17,2024-10-21
RELCAPITAL,2011-06-06,2021-11-26
RELIANCE,2011-04-20,2030-12-31
RELINFRA,2011-06-06,2019-10-29
RELINFRA,2025-10-26,2026-03-05
RENUKA,2011-04-20,2025-10-26
REPCOHOME,2013-04-01,2021-06-14
RHFL,2017-09-22,2019-10-29
RHIM,2021-06-14,2030-12-31
RITES,2018-12-03,2030-12-31
RKFORGE,2011-04-20,2019-10-29
RKFORGE,2024-10-21,2030-12-31
RNAVAL,2011-06-06,2019-10-29
ROSSARI,2021-06-14,2024-10-21
ROUTE,2021-06-14,2025-10-26
RPOWER,2011-04-20,2019-10-29
RPOWER,2024-10-21,2030-12-31
RRKABEL,2024-10-21,2030-12-31
RTNINDIA,2021-06-14,2025-10-26
RUPA,2011-12-07,2019-10-29
RUSTOMJEE,2023-01-05,2023-09-05
RVNL,2019-10-29,2030-12-31
SADBHAV,2011-06-06,2021-06-14
SADBHIN,2015-09-16,2019-10-29
SAFARI,2023-09-05,2024-10-21
SAGILITY,2024-10-21,2030-12-31
SAIL,2011-04-20,2030-12-31
SAILIFE,2024-10-21,2030-12-31
SAMMAANCAP,2024-10-21,2030-12-31
SANOFI,2011-06-06,2024-10-21
SAPPHIRE,2021-06-14,2030-12-31
SARDAEN,2024-10-21,2030-12-31
SAREGAMA,2021-06-14,2023-01-05
SAREGAMA,2023-09-05,2030-12-31
SBFC,2024-10-21,2030-12-31
SBICARD,2021-06-14,2030-12-31
SBILIFE,2017-10-03,2030-12-31
SBIN,2011-04-20,2030-12-31
SCHAEFFLER,2011-04-20,2030-12-31
SCHNEIDER,2019-10-29,2021-06-14
SCHNEIDER,2024-10-21,2030-12-31
SCI,2011-04-20,2023-01-05
SCI,2024-10-21,2030-12-31
SEQUENT,2019-10-29,2022-07-22
SFL,2018-12-03,2023-01-05
SFL,2023-09-05,2024-10-21
SHANKARA,2017-04-05,2019-10-29
SHARDACROP,2022-07-22,2024-10-21
SHILPAMED,2011-06-06,2019-10-29
SHILPAMED,2021-06-14,2023-01-05
SHK,2015-11-16,2019-10-29
SHOPERSTOP,2011-06-06,2021-06-14
SHOPERSTOP,2022-07-22,2024-10-21
SHREECEM,2011-04-20,2030-12-31
SHRIRAMFIN,2011-04-20,2030-12-31
SHYAMMETL,2021-06-14,2030-12-31
SIEMENS,2011-04-20,2030-12-31
SIGNATURE,2024-10-21,2030-12-31
SIS,2017-08-10,2023-01-05
SJVN,2011-04-20,2030-12-31
SKFINDIA,2011-04-20,2025-10-26
SOBHA,2011-04-20,2030-12-31
SOLARA,2021-06-14,2022-07-22
SOLARINDS,2011-04-20,2030-12-31
SONACOMS,2021-06-14,2030-12-31
SONATSOFTW,2011-04-20,2030-12-31
SOUTHBANK,2011-06-06,2021-06-14
SPANDANA,2019-10-29,2021-06-14
SPARC,2011-06-06,2024-10-21
SPICEJET,2019-10-29,2022-07-22
SPLPETRO,2026-03-05,2030-12-31
SPTL,2017-08-08,2019-10-29
SREINFRA,2011-01-01,2019-10-29
SRF,2011-04-20,2030-12-31
STAR,2011-06-06,2022-07-22
STARCEMENT,2017-06-19,2021-06-14
STARHEALTH,2021-06-14,2030-12-31
STLTECH,2021-06-14,2024-10-21
STRTECH,2011-01-01,2021-06-14
SUDARSCHEM,2011-06-06,2023-01-05
SUMICHEM,2019-10-29,2030-12-31
SUNDARMFIN,2011-04-20,2030-12-31
SUNDRMFAST,2011-04-20,2026-03-05
SUNPHARMA,2011-04-20,2030-12-31
SUNTECK,2011-06-06,2024-10-21
SUNTV,2011-04-20,2030-12-31
SUPRAJIT,2019-10-29,2024-10-21
SUPREMEIND,2011-04-20,2030-12-31
SUVEN,2011-06-06,2019-10-29
SUVENPHAR,2021-06-14,2024-10-21
SUZLON,2011-04-20,2030-12-31
SWANCORP,2025-10-26,2030-12-31
SWANENERGY,2011-01-01,2021-06-14
SWANENERGY,2022-07-22,2025-10-26
SWIGGY,2024-10-21,2030-12-31
SWSOLAR,2019-10-29,2025-10-26
SYMPHONY,2011-06-15,2023-01-05
SYMPHONY,2023-09-05,2024-10-21
SYNDIBANK,2011-01-01,2020-04-01
SYNGENE,2015-08-11,2030-12-31
SYRMA,2023-09-05,2030-12-31
TAKE,2011-06-06,2021-06-14
TANLA,2021-06-14,2025-10-26
TARIL,2024-10-21,2030-12-31
TASTYBITE,2019-10-29,2021-06-14
TATACAP,2026-03-05,2030-12-31
TATACHEM,2011-04-20,2019-10-29
TATACHEM,2021-06-14,2030-12-31
TATACOMM,2019-10-29,2030-12-31
TATACONSUM,2011-04-20,2030-12-31
TATAELXSI,2011-04-20,2030-12-31
TATAINVEST,2011-04-20,2030-12-31
TATAMOTORS,2011-01-01,2025-10-26
TATAMTRDVR,2011-01-01,2024-10-21
TATAPOWER,2011-04-20,2030-12-31
TATASPONGE,2011-01-01,2019-10-29
TATASTEEL,2011-04-20,2030-12-31
TATASTLBSL,2019-10-29,2021-06-14
TATASTLLP,2021-06-14,2022-07-22
TATATECH,2024-10-21,2030-12-31
TBOTEK,2024-10-21,2030-12-31
TCI,2022-07-22,2023-09-05
TCIEXP,2019-10-29,2023-09-05
TCNSBRANDS,2019-10-29,2023-09-05
TCS,2011-04-20,2030-12-31
TEAMLEASE,2016-02-12,2024-10-21
TECHM,2011-04-20,2030-12-31
TECHNOE,2024-10-21,2030-12-31
TEGA,2026-03-05,2030-12-31
TEJASNET,2022-07-22,2030-12-31
TENNIND,2026-03-05,2030-12-31
TEXRAIL,2011-06-06,2019-10-29
THELEELA,2025-10-26,2030-12-31
THERMAX,2011-04-20,2030-12-31
THOMASCOOK,2011-06-06,2019-10-29
THYROCARE,2016-05-09,2023-01-05
TIFIN,2011-01-01,2019-10-29
TIINDIA,2017-11-02,2030-12-31
TIMETECHNO,2011-06-06,2021-06-14
TIMKEN,2011-04-20,2030-12-31
TITAGARH,2024-10-21,2030-12-31
TITAN,2011-04-20,2030-12-31
TMB,2023-01-05,2023-09-05
TMCV,2026-03-05,2030-12-31
TMPV,2025-10-26,2030-12-31
TNPL,2011-06-06,2019-10-29
TORNTPHARM,2011-04-20,2030-12-31
TORNTPOWER,2011-04-20,2030-12-31
TRAVELFOOD,2026-03-05,2030-12-31
TRENT,2011-04-20,2030-12-31
TRIDENT,2011-04-20,2030-12-31
TRITURBINE,2021-06-14,2030-12-31
TRIVENI,2022-07-22,2026-03-05
TTKPRESTIG,2011-06-06,2024-10-21
TTML,2021-06-14,2030-12-31
TV18BRDCST,2011-01-01,2024-10-21
TVSMOTOR,2011-04-20,2030-12-31
TVSSRICHAK,2011-06-06,2019-10-29
TVTODAY,2011-06-06,2021-06-14
UBL,2011-04-20,2030-12-31
UCOBANK,2011-04-20,2022-07-22
UCOBANK,2023-01-05,2030-12-31
UFLEX,2011-06-06,2023-09-05
UJJIVAN,2011-01-01,2021-06-14
UJJIVANSFB,2019-10-29,2021-06-14
UJJIVANSFB,2023-09-05,2024-10-21
ULTRACEMCO,2011-04-20,2030-12-31
UNICHEMLAB,2011-06-06,2019-10-29
UNIONBANK,2011-04-20,2030-12-31
UNITDSPR,2018-10-04,2030-12-31
UNOMINDA,2011-04-20,2030-12-31
UPL,2011-04-20,2030-12-31
URBANCO,2026-03-05,2030-12-31
USHAMART,2023-09-05,2030-12-31
UTIAMC,2021-06-14,2030-12-31
VAIBHAVGBL,2019-10-29,2024-10-21
VAKRANGEE,2011-06-06,2022-07-22
VARROC,2018-12-03,2024-10-21
VBL,2016-11-08,2030-12-31
VEDL,2011-04-20,2030-12-31
VENKEYS,2011-06-06,2022-07-22
VENTIVE,2025-10-26,2026-03-05
VESUVIUS,2019-10-29,2021-06-14
VGUARD,2011-04-20,2026-03-05
VIJAYA,2021-06-14,2030-12-31
VIJAYABANK,2011-01-01,2018-12-03
VINATIORGA,2011-06-06,2024-10-21
VIPIND,2011-06-06,2024-10-21
VMART,2013-02-20,2024-10-21
VMM,2024-10-21,2030-12-31
VOLTAS,2011-04-20,2030-12-31
VRLLOG,2015-04-30,2021-06-14
VSTIND,2019-10-29,2021-06-14
VTL,2011-04-20,2030-12-31
WAAREEENER,2024-10-21,2030-12-31
WABAG,2011-06-06,2019-10-29
WELCORP,2011-04-20,2030-12-31
WELSPUNLIV,2011-04-20,2030-12-31
WESTLIFE,2019-10-29,2025-10-26
WHIRLPOOL,2011-04-20,2030-12-31
WIPRO,2011-04-20,2030-12-31
WOCKPHARMA,2011-04-20,2023-01-05
WOCKPHARMA,2024-10-21,2030-12-31
YESBANK,2011-04-20,2019-10-29
YESBANK,2021-06-14,2030-12-31
ZEEL,2011-04-20,2030-12-31
ZENSARTECH,2011-04-20,2030-12-31
ZENTEC,2024-10-21,2030-12-31
ZFCVINDIA,2011-04-20,2030-12-31
ZOMATO,2021-06-14,2024-10-21
ZYDUSLIFE,2011-04-20,2030-12-31
ZYDUSWELL,2011-06-06,2024-10-21
ZYDUSWELL,2026-03-05,2030-12-31
