ticker,entry_date,stop_width_pct,r_multiple,return_pct,reason,population,stop_width_pct_card,stop_width_pct_engine,width_gap_pct,beyond_stop_r,designed_r
TCIEXP,2019-01-07 00:00:00,3.8391969625368594,-1.691,-6.490459041504382,stop,historical,,,,,
ASIANPAINT,2019-01-07 00:00:00,1.977030985047024,1.376,-3.2434098967165204,stop_part,historical,,,,,
TECHM,2019-02-11 00:00:00,8.948477976171459,-0.994,-8.898968281853904,stop,historical,,,,,
MAHABANK,2019-05-27 00:00:00,9.33625091174326,-1.033,-9.628008752735228,stop,historical,,,,,
COFORGE,2019-01-28 00:00:00,6.430034700447342,-1.291,-8.298841924829636,stop,historical,,,,,
CUB,2019-03-25 00:00:00,5.748244943351644,-0.305,-1.7515812886633841,sma_break,historical,,,,,
CGCL,2019-08-05 00:00:00,9.998774659968138,-0.829,-8.295552015684349,stop,historical,,,,,
GODREJPROP,2019-09-19 00:00:00,6.324914383561646,0.329,-4.965753424657537,sma_break,historical,,,,,
UJJIVAN,2019-12-09 00:00:00,7.063829787234035,-0.827,-5.8439716312056795,stop,historical,,,,,
TRIVENI,2019-10-07 00:00:00,7.807757166947717,0.851,0.6745362563237878,sma_break,historical,,,,,
UNOMINDA,2020-01-13 00:00:00,9.995880111236994,-1.28,-12.79740447007931,stop,historical,,,,,
NAUKRI,2019-01-07 00:00:00,9.999020024172742,2.528,42.80534413484469,sma_break,historical,,,,,
VSTIND,2019-08-26 00:00:00,2.8961489898989914,1.822,2.9000946969697017,sma_break,historical,,,,,
JSL,2020-03-09 00:00:00,3.9084597582926284,-5.355,-20.98225764978143,stop,historical,,,,,
VBL,2019-01-07 00:00:00,7.312925170068023,1.222,-10.501700680272108,sma_break,historical,,,,,
BAJFINANCE,2019-02-01 00:00:00,1.8784043575776985,3.075,3.596603652675423,sma_break,historical,,,,,
ESABINDIA,2019-05-13 00:00:00,9.999750474099208,1.42,10.340353328675512,sma_break,historical,,,,,
REDINGTON,2019-12-16 00:00:00,7.7198903184982,-2.158,-38.02995148702804,stop_part,historical,,,,,
SFL,2020-03-16 00:00:00,10.0,-2.013,-20.127795527156543,stop,historical,,,,,
LALPATHLAB,2019-07-29 00:00:00,6.718688744936239,3.279,24.1809322904027,sma_break,historical,,,,,
GSKCONS,2020-03-25 00:00:00,10.0,2.035,20.591011235955058,stale,historical,,,,,
IRCON,2020-04-08 00:00:00,9.999999999999993,0.884,1.379310344827589,sma_break,historical,,,,,
BHARTIARTL,2019-11-18 00:00:00,9.998943308501088,2.789,25.704020711153362,sma_break,historical,,,,,
AVANTIFEED,2020-08-31 00:00:00,9.813983322642708,-1.42,-13.930498434139515,stop,historical,,,,,
HONAUT,2020-09-14 00:00:00,5.5153276267024705,-1.185,-6.533767679161451,stop,historical,,,,,
IDBI,2020-10-19 00:00:00,9.988992845349483,-1.576,-15.740231150247663,stop,historical,,,,,
DRREDDY,2020-03-09 00:00:00,8.951469717893065,2.988,41.627211152758605,sma_break,historical,,,,,
RELCAPITAL,2021-03-18 00:00:00,9.482758620689651,-1.727,-16.37931034482759,stop,historical,,,,,
GLENMARK,2021-04-19 00:00:00,10.000893096365099,0.537,-4.386889345360379,sma_break,historical,,,,,
TANLA,2020-04-29 00:00:00,9.994952044422005,38.255,1195.9111559818273,sma_break,historical,,,,,
DHANUKA,2021-05-17 00:00:00,9.999541252838503,-0.952,-9.523591072780246,sma_break,historical,,,,,
HINDUNILVR,2021-08-23 00:00:00,8.851451006460447,-0.935,-8.278111302685975,sma_break,historical,,,,,
ALKYLAMINE,2020-03-23 00:00:00,7.116834899640333,29.719,626.4183780020884,sma_break,historical,,,,,
DIVISLAB,2020-03-23 00:00:00,9.999888549584293,6.377,141.53311191850744,sma_break,historical,,,,,
DEEPAKNTR,2019-08-26 00:00:00,7.513383791766668,19.448,646.1214694480338,sma_break,historical,,,,,
EIDPARRY,2021-12-09 00:00:00,10.001549255250868,-1.291,-12.907509461523137,stop,historical,,,,,
RKFORGE,2021-12-28 00:00:00,10.003748728110095,-1.73,-17.30305789107267,stop,historical,,,,,
OMAXE,2022-02-28 00:00:00,9.994655264564397,-1.197,-11.9722073757349,stop,historical,,,,,
RNAVAL,2022-03-22 00:00:00,2.5974025974025974,-6.0,-15.58441558441559,stop,historical,,,,,
AFFLE,2022-02-21 00:00:00,8.948174623436293,-0.809,-7.241936856437747,sma_break,historical,,,,,
TRENT,2020-07-03 00:00:00,9.12100157315154,3.127,67.09982957524909,sma_break,historical,,,,,
TARIL,2021-11-01 00:00:00,9.972105997210598,2.278,3.2775453277545274,sma_break,historical,,,,,
TRIDENT,2020-09-14 00:00:00,6.645056726094005,26.012,540.3565640194489,sma_break,historical,,,,,
JPPOWER,2021-11-12 00:00:00,9.574468085106387,1.778,29.78723404255319,sma_break,historical,,,,,
ICRA,2022-03-28 00:00:00,7.459636847726812,-1.285,-9.585248938354917,stop,historical,,,,,
HOMEFIRST,2022-05-09 00:00:00,9.999605641949188,0.858,0.9648626976719754,sma_break,historical,,,,,
POWERINDIA,2022-08-12 00:00:00,3.8297218009521536,0.463,-2.149733619964489,sma_break,historical,,,,,
DEVYANI,2022-10-24 00:00:00,5.31475748194015,-1.175,-6.2435500515996,stop,historical,,,,,
GUJALKALI,2022-08-24 00:00:00,10.00085928581074,-1.254,-12.543117734431576,stop,historical,,,,,
PRAJIND,2022-10-13 00:00:00,6.230008723466119,-1.512,-9.423766598817485,stop,historical,,,,,
UNOMINDA,2022-11-14 00:00:00,4.413399806319719,-1.402,-6.190595746207094,stop,historical,,,,,
INOXLEISUR,2022-06-28 00:00:00,10.00100371374084,0.408,-6.534176452875629,sma_break,historical,,,,,
WELCORP,2022-11-21 00:00:00,6.597767312053024,-2.166,-14.290075004360714,stop,historical,,,,,
360ONE,2022-12-19 00:00:00,5.703964473896141,-1.222,-6.971767791813354,stop,historical,,,,,
CIPLA,2022-12-26 00:00:00,3.7750087427067403,-1.099,-4.147724135392316,stop,historical,,,,,
DREDGECORP,2023-01-02 00:00:00,10.0,-1.058,-10.57717083225973,stop,historical,,,,,
PHOENIXLTD,2021-09-30 00:00:00,9.998720573183212,2.713,38.28045035823953,sma_break,historical,,,,,
LTFOODS,2022-07-18 00:00:00,10.004758505829166,2.518,15.179633595051145,sma_break,historical,,,,,
SUNPHARMA,2023-01-09 00:00:00,2.7392365258762434,-0.003,-3.6662684921437205,stop_part,historical,,,,,
NFL,2023-02-20 00:00:00,9.99342537804077,1.093,4.8980933596318055,sma_break,historical,,,,,
TVSSRICHAK,2023-05-12 00:00:00,9.999870400850167,-1.244,-12.436334417646222,stop,historical,,,,,
SUPRAJIT,2023-08-21 00:00:00,5.913631168314852,-0.866,-5.121005814242396,stop,historical,,,,,
SIEMENS,2022-12-12 00:00:00,7.382992748846403,2.858,16.979833275969682,sma_break,historical,,,,,
HINDZINC,2023-03-21 00:00:00,6.765053128689491,1.173,4.207005116096041,sma_break,historical,,,,,
HINDALCO,2023-10-04 00:00:00,2.0155171308269404,-0.158,-3.218842840960101,stop_part,historical,,,,,
FINCABLES,2023-12-05 00:00:00,9.673533071317118,-0.403,-3.900618173918191,sma_break,historical,,,,,
IIFL,2022-06-13 00:00:00,6.470906467900946,2.942,26.31942774705458,sma_break,historical,,,,,
USHAMART,2022-12-26 00:00:00,8.435765961930175,4.558,113.06455011589516,sma_break,historical,,,,,
GRAVITA,2022-11-28 00:00:00,5.780589536153188,6.285,123.4862693502785,sma_break,historical,,,,,
BORORENEW,2024-03-04 00:00:00,9.999999999999996,-1.29,-12.895847994370158,stop,historical,,,,,
NH,2020-10-05 00:00:00,10.000577901063327,6.99,244.90869163199264,sma_break,historical,,,,,
DELHIVERY,2026-07-06,9.7429,-1.05,-10.23,stop,live,9.7759,9.7429,0.339,-0.05,-1.0
CANFINHOME,2026-07-13,3.7551,-2.94,-11.04,stop,live,3.749,3.7551,0.162,-1.94,-1.0
GLENMARK,2026-07-13,3.1935,-0.93,-2.97,stop,live,3.2066,3.1935,0.41,0.0,-0.93
NATCOPHARM,2026-07-13,6.5158,-0.95,-6.19,sma_break,live,6.519,6.5158,0.049,0.0,-0.95
NLCINDIA,2026-07-13,5.5685,-1.97,-10.97,stop,live,5.5806,5.5685,0.217,-0.97,-1.0
BIOCON,2026-07-20,8.5948,-1.16,-9.97,stop,live,8.5604,8.5948,0.4,-0.16,-1.0
LINDEINDIA,2026-07-20,1.9397,-2.32,-4.5,stop,live,1.9378,1.9397,0.098,-1.32,-1.0
3MINDIA,2026-07-24,3.0351,-0.57,-1.73,stop,live,2.2254,3.0351,26.678,0.0,-0.57
GESHIP,2026-07-24,6.8562,-1.46,-10.01,stop,live,6.8085,6.8562,0.696,-0.46,-1.0
CCL,2026-08-14,2.4633,-2.18,-5.37,stop,live,1.5176,2.4633,38.392,-1.18,-1.0
HINDZINC,2026-08-28,2.6606,-1.65,-4.39,stop,live,5.6511,2.6606,112.399,-0.65,-1.0
