trade_id,ticker,signal_date,bought_date,as_of_snapshot,provenance,entry,stop,target,grade,tier,crs_rank,ext_pct_over_sma44,band_width_pct,body_ratio,signal_conviction,stop_week_low,buy_zone_low,buy_zone_high,record_would_skip_as_extended,pattern,corporate_actions,stop_width_pct_card,status,r_multiple,return_pct,exit_reason,hold_days,close_date,close_price,designed_r,beyond_stop_r,gap_through,mae_r,mfe_r,capture_of_mfe,nifty_same_window_pct,stop_width_pct_engine,width_gap_pct,stop_width_pct,stop_width_basis,state,has_corporate_action,shares,position_size,entry_price_filled
CUB:2026-07-06,CUB,2026-07-06,2026-07-06,2026-07-24,reconstructed,212.0,199.2,237.6,A,signal,,,,,,,,,,44-week SMA pullback,,6.0377,ACTIVE,,7.4,,60.0,,225.57,,,,,,,,,,6.0377,card,open,False,943.4,200000.0,212.0
DELHIVERY:2026-07-06,DELHIVERY,2026-07-06,2026-07-06,2026-07-24,reconstructed,510.95,461.0,610.85,A,signal,,,,,,,,,,44-week SMA pullback,,9.7759,HIT_STOP,-1.05,-10.23,stop,30.0,2026-08-17,458.7,-1.0,-0.05,True,-1.1702,0.2613,-4.0184,-0.5841,9.7429,0.339,9.7429,engine,closed,False,391.43,200000.0,510.95
INDUSINDBK:2026-07-06,INDUSINDBK,2026-07-06,2026-07-06,2026-07-24,reconstructed,968.0,908.1,1087.8,A,signal,,,,,,,,,,44-week SMA pullback,,6.188,ACTIVE,,-5.76,,60.0,,912.2,,,,,,,,,,6.188,card,open,False,206.61,200000.0,968.0
NESTLEIND:2026-07-06,NESTLEIND,2026-07-06,2026-07-06,2026-07-24,reconstructed,1450.13,1374.89,1600.61,A,signal,,,,,,,,,,44-week SMA pullback,,5.1885,HIT_STOP,-1.2,-6.22,stop,55.0,2026-09-21,1360.0,-1.0,-0.2,True,-1.5594,1.3672,-0.8777,-4.159,5.1833,0.1,5.1833,engine,closed,False,137.92,200000.0,1450.13
LTF:2026-07-09,LTF,2026-07-09,2026-07-09,2026-07-24,reconstructed,314.75,297.5,349.25,A,signal,,,,,,,,,,44-week SMA pullback,,5.4805,ACTIVE,,-9.77,,60.0,,284.0,,,,,,,,,,5.4805,card,open,False,,,
BAJAJ-AUTO:2026-07-13,BAJAJ-AUTO,2026-07-13,2026-07-13,2026-07-24,reconstructed,10080.0,9785.5,10669.0,A,signal,,,,,,,,,,44-week SMA pullback,,2.9216,ACTIVE,,11.91,,55.0,,11281.0,,,,,,,,,,2.9216,card,open,False,,,
CANFINHOME:2026-07-13,CANFINHOME,2026-07-13,2026-07-13,2026-07-24,reconstructed,920.25,885.75,989.25,A,signal,,,,,,,,,,44-week SMA pullback,,3.749,HIT_STOP,-2.94,-11.04,stop,10.0,2026-07-27,818.7,-1.0,-1.94,True,-3.5145,0.5971,-4.9238,-0.8882,3.7551,0.162,3.7551,engine,closed,False,,,
GLENMARK:2026-07-13,GLENMARK,2026-07-13,2026-07-13,2026-07-24,reconstructed,2285.9,2212.6,2432.5,A,signal,,,,,,,,,,44-week SMA pullback,,3.2066,HIT_STOP,-0.93,-2.97,stop,10.0,2026-07-27,2215.8,-0.93,0.0,False,-1.6651,0.5169,-1.7992,-0.8882,3.1935,0.41,3.1935,engine,closed,False,,,
NATCOPHARM:2026-07-13,NATCOPHARM,2026-07-13,2026-07-13,2026-07-24,reconstructed,984.05,919.9,1112.35,A,signal,,,,,,,,,,44-week SMA pullback,,6.519,HIT_STOP,-0.95,-6.19,sma_break,10.0,2026-07-27,921.59,-0.95,0.0,False,-1.1534,0.0503,-18.8867,-0.8882,6.5158,0.049,6.5158,engine,closed,False,,,
NLCINDIA:2026-07-13,NLCINDIA,2026-07-13,2026-07-13,2026-07-24,reconstructed,310.0,292.7,344.6,A,signal,,,,,,,,,,44-week SMA pullback,,5.5806,HIT_STOP,-1.97,-10.97,stop,25.0,2026-08-17,276.0,-1.0,-0.97,True,-2.2746,0.0983,-20.0407,0.3166,5.5685,0.217,5.5685,engine,closed,False,,,
BIOCON:2026-07-20,BIOCON,2026-07-20,2026-07-20,2026-07-24,reconstructed,440.4,402.7,515.8,A,signal,,,,,,,,,,44-week SMA pullback,,8.5604,HIT_STOP,-1.16,-9.97,stop,35.0,2026-09-07,396.5,-1.0,-0.16,True,-1.3727,0.0584,-19.863,-1.8951,8.5948,0.4,8.5948,engine,closed,False,,,
LINDEINDIA:2026-07-20,LINDEINDIA,2026-07-20,2026-07-20,2026-07-24,reconstructed,7070.0,6933.0,7344.0,A,signal,,,,,,,,,,44-week SMA pullback,,1.9378,HIT_STOP,-2.32,-4.5,stop,5.0,2026-07-27,6740.57,-1.0,-1.32,True,-3.1369,0.3535,-6.5629,-1.0007,1.9397,0.098,1.9397,engine,closed,False,,,
MRPL:2026-07-20,MRPL,2026-07-20,2026-07-20,2026-07-24,reconstructed,172.0,156.15,203.7,A,signal,,,,,,,,,,44-week SMA pullback,,9.2151,HIT_STOP,-0.29,-2.65,sma_break,45.0,2026-09-21,167.45,-0.29,0.0,False,-0.8202,1.2555,-0.231,-3.4004,9.1379,0.845,9.1379,engine,closed,False,,,
SIEMENS:2026-07-20,SIEMENS,2026-07-20,2026-07-20,2026-07-24,reconstructed,3651.0,3437.0,4079.0,A,signal,,,,,,,,,,44-week SMA pullback,,5.8614,ACTIVE,,6.71,,50.0,,3877.0,,,,,,,,,,5.8614,card,open,False,,,
3MINDIA:2026-07-24,3MINDIA,2026-07-24,2026-07-27,2026-07-24,reconstructed,35500.0,34710.0,37080.0,A,signal,0.1063,,,,,,,,,44-week SMA pullback,,2.2254,HIT_STOP,-0.57,-1.73,stop,5.0,2026-08-03,35170.0,-0.57,0.0,False,-1.2848,1.4684,-0.3882,3.2437,3.0351,26.678,3.0351,engine,closed,False,,,
GESHIP:2026-07-24,GESHIP,2026-07-24,2026-07-27,2026-07-24,reconstructed,1437.9,1340.0,1633.7,A,signal,0.1386,,,,,,,,,44-week SMA pullback,,6.8085,HIT_STOP,-1.46,-10.01,stop,15.0,2026-08-17,1281.1,-1.0,-0.46,True,-1.8069,1.4707,-0.9927,1.2156,6.8562,0.696,6.8562,engine,closed,False,,,
HEG:2026-07-24,HEG,2026-07-24,2026-07-27,2026-07-24,reconstructed,643.15,579.43,770.59,A,signal,0.1996,,,,,,,,,44-week SMA pullback,"[{""kind"": ""demerger"", ""ex_date"": ""2026-09-07"", ""retained"": 0.373773, ""prior_close"": 728.25, ""spin_value_per_share"": 456.05, ""credit"": 140323.02, ""r_credited"": 0.7539, ""shares"": 307.6923}]",9.9075,ACTIVE,,0.58,,45.0,,244.35,,,,,,,,,,9.9075,card,open,True,,,
M&MFIN:2026-07-24,M&MFIN,2026-07-24,2026-07-27,2026-07-24,reconstructed,356.5,317.6,434.3,A,signal,0.1276,,,,,,,,,44-week SMA pullback,,10.9116,ACTIVE,,-7.73,,45.0,,333.1,,,,,,,,,,10.9116,card,open,False,,,
TVSMOTOR:2026-07-24,TVSMOTOR,2026-07-24,2026-07-27,2026-07-24,reconstructed,3870.2,3550.1,4510.4,A,signal,0.1167,,,,,,,,,44-week SMA pullback,,8.2709,ACTIVE,,6.46,,45.0,,4157.3,,,,,,,,,,8.2709,card,open,False,,,
CHOLAFIN:2026-07-31,CHOLAFIN,2026-07-31,,2026-07-31,reconstructed,1849.9,1696.2,2157.3,A,signal,0.1334,12.03,,,,1696.2,,,False,44-week SMA pullback,,8.3086,,,,,,,,,,,,,,,,,8.3086,card,not_entered,False,,,
GVT&D:2026-07-31,GVT&D,2026-07-31,2026-08-03,2026-07-31,reconstructed,4323.3,3962.2,5045.5,A,signal,0.1317,14.98,,,,3962.2,,,False,44-week SMA pullback,,8.3524,ACTIVE,,-0.75,,40.0,,4280.0,,,,,,,,,,8.3524,card,open,False,,,
ENGINERSIN:2026-08-07,ENGINERSIN,2026-08-07,2026-08-10,2026-08-07,reconstructed,240.6,222.38,277.04,A,signal,0.1259,13.38,9.8,0.78,normal,222.38,239.2,245.75,False,44-week SMA pullback,,7.5727,ACTIVE,,32.27,,35.0,,315.65,,,,,,,,,,7.5727,card,open,False,,,
GRAPHITE:2026-08-07,GRAPHITE,2026-08-07,2026-08-10,2026-08-07,reconstructed,709.95,654.35,821.15,A,signal,0.1141,12.59,12.5,0.585,normal,654.35,726.25,744.8,False,44-week SMA pullback,,7.8315,ACTIVE,,15.59,,35.0,,820.7,,,,,,,,,,7.8315,card,open,False,,,
HINDALCO:2026-08-07,HINDALCO,2026-08-07,2026-08-11,2026-08-07,reconstructed,1020.47,981.35,1098.71,A,signal,0.1233,9.76,7.7,0.889,normal,981.35,1020.47,1051.08,False,44-week SMA pullback,,3.8335,ACTIVE,,-7.25,,35.0,,977.0,,,,,,,,,,3.8335,card,open,False,,,
NATIONALUM:2026-08-07,NATIONALUM,2026-08-07,,2026-08-14,reconstructed,369.27,353.5,400.81,A,signal,0.0777,7.09,8.5,0.731,normal,353.5,369.27,380.35,False,44-week SMA pullback,,4.2706,,,,,,,,,,,,,,,,,4.2706,card,not_entered,False,,,
PTCIL:2026-08-07,PTCIL,2026-08-07,2026-08-10,2026-08-07,reconstructed,19076.0,17776.0,21676.0,A,signal,0.0991,9.94,8.6,0.8,normal,17776.0,18895.0,19400.0,False,44-week SMA pullback,,6.8148,ACTIVE,,13.01,,35.0,,21810.0,,,,,,,,,,6.8148,card,open,False,,,
UNIONBANK:2026-08-07,UNIONBANK,2026-08-07,2026-08-10,2026-08-07,reconstructed,183.6,171.4,208.0,A,signal,0.108,12.49,7.6,0.904,normal,171.4,178.15,183.49,False,44-week SMA pullback,,6.6449,ACTIVE,,-1.9,,35.0,,180.2,,,,,,,,,,6.6449,card,open,False,,,
ADANIPORTS:2026-08-14,ADANIPORTS,2026-08-14,2026-08-17,2026-08-17,reconstructed,1688.4,1640.4,1784.4,A,signal,0.0783,6.84,3.7,0.159,low,1640.4,1688.4,1703.4,False,44-week SMA pullback,,2.8429,ACTIVE,,5.18,,30.0,,1788.0,,,,,,,,,,2.8429,card,open,False,,,
APLAPOLLO:2026-08-14,APLAPOLLO,2026-08-14,2026-08-17,2026-08-14,reconstructed,2083.3,1951.7,2346.5,A,signal,0.0904,8.87,7.1,0.736,normal,1951.7,2083.3,2099.0,False,44-week SMA pullback,,6.3169,ACTIVE,,5.81,,30.0,,2214.7,,,,,,,,,,6.3169,card,open,False,,,
CCL:2026-08-14,CCL,2026-08-14,2026-08-17,2026-08-14,reconstructed,1133.4,1116.2,1167.8,A,signal,0.0774,8.63,3.0,0.16,low,1116.2,1133.4,1149.9,False,44-week SMA pullback,,1.5176,HIT_STOP,-2.18,-5.37,stop,5.0,2026-08-24,1079.99,-1.0,-1.18,True,-3.5632,0.4547,-4.7944,-0.2824,2.4633,38.392,2.4633,engine,closed,False,,,
IKS:2026-08-14,IKS,2026-08-14,2026-08-18,2026-08-14,reconstructed,1840.0,1725.0,2070.0,A,signal,0.1424,13.38,6.7,0.831,normal,1725.0,1840.0,1848.1,False,44-week SMA pullback,,6.25,ACTIVE,,-0.79,,30.0,,1815.8,,,,,,,,,,6.25,card,open,False,,,
MCX:2026-08-14,MCX,2026-08-14,2026-08-17,2026-08-14,reconstructed,2911.5,2620.35,3493.8,A,signal,0.1435,16.75,14.4,0.646,normal,2603.2,2911.5,2998.85,False,44-week SMA pullback,,10.0,ACTIVE,,14.42,,30.0,,3324.9,,,,,,,,,,10.0,card,open,False,70.03,203999.39,2913.1
JSWSTEEL:2026-08-21,JSWSTEEL,2026-08-21,2026-08-24,2026-08-21,reconstructed,1293.7,1250.4,1380.3,A,signal,0.0791,7.1,4.7,0.5,normal,1250.4,1293.7,1310.6,False,44-week SMA pullback,,3.347,ACTIVE,,-1.62,,25.0,,1277.0,,,,,,,,,,3.347,card,open,False,,,
SAIL:2026-08-21,SAIL,2026-08-21,2026-08-24,2026-08-21,reconstructed,173.46,168.11,184.16,A,signal,0.0765,8.23,5.1,0.546,normal,168.11,173.46,177.0,False,44-week SMA pullback,,3.0843,ACTIVE,,5.84,,25.0,,185.0,,,,,,,,,,3.0843,card,open,False,,,
PHOENIXLTD:2026-08-24,PHOENIXLTD,2026-08-24,2026-08-24,2026-08-28,reconstructed,1916.1,1876.0,1996.3,A,signal,,,,,,,,,,44-week SMA pullback,,2.0928,ACTIVE,,3.39,,25.0,,1978.4,,,,,,,,,,2.0928,card,open,False,,,
HINDZINC:2026-08-28,HINDZINC,2026-08-28,2026-08-31,2026-08-28,reconstructed,622.0,586.85,692.3,A,signal,0.1031,10.31,7.3,0.577,normal,586.85,622.0,632.0,False,44-week SMA pullback,,5.6511,HIT_STOP,-1.65,-4.39,stop,10.0,2026-09-14,576.45,-1.0,-0.65,True,-1.606,-0.3158,,-2.8334,2.6606,112.399,2.6606,engine,closed,False,,,
USHAMART:2026-08-28,USHAMART,2026-08-28,2026-08-31,2026-08-28,reconstructed,492.45,479.0,519.35,A,signal,0.1097,9.16,4.0,0.563,normal,479.0,492.45,498.8,False,44-week SMA pullback,,2.7312,ACTIVE,,5.04,,20.0,,518.8,,,,,,,,,,2.7312,card,open,False,,,
ASTERDM:2026-09-04,ASTERDM,2026-09-04,2026-09-07,2026-09-04,reconstructed,785.75,745.05,867.15,A,signal,0.1441,12.62,6.0,0.834,normal,745.05,785.75,792.05,False,44-week SMA pullback,,5.1798,ACTIVE,,-3.38,,15.0,,759.4,,,,,,,,,,5.1798,card,open,False,,,
IDFCFIRSTB:2026-09-04,IDFCFIRSTB,2026-09-04,2026-09-07,2026-09-04,reconstructed,86.71,82.5,95.13,A,signal,0.155,12.23,6.5,0.663,normal,82.5,86.71,88.1,False,44-week SMA pullback,,4.8553,ACTIVE,,-2.89,,15.0,,83.8,,,,,,,,,,4.8553,card,open,False,,,
ANGELONE:2026-09-11,ANGELONE,2026-09-11,2026-09-14,2026-09-11,reconstructed,305.0,289.05,336.9,A,signal,0.1125,7.66,6.0,0.223,low,289.05,305.0,307.4,False,44-week SMA pullback,,5.2295,ACTIVE,,-5.57,,10.0,,288.0,,,,,,,,,,5.2295,card,open,False,,,
BANDHANBNK:2026-09-11,BANDHANBNK,2026-09-11,2026-09-14,2026-09-11,reconstructed,176.52,161.67,206.22,A,signal,0.055,2.92,9.6,0.686,normal,161.67,176.52,178.54,False,44-week SMA pullback,,8.4126,ACTIVE,,6.33,,10.0,,187.7,,,,,,,,,,8.4126,card,open,False,,,
CHOLAFIN:2026-09-11,CHOLAFIN,2026-09-11,2026-09-14,2026-09-11,reconstructed,1845.9,1795.1,1947.5,A,signal,0.149,9.96,4.0,0.1,low,1795.1,1845.9,1868.2,False,44-week SMA pullback,,2.752,ACTIVE,,-9.92,,10.0,,1662.7,,,,,,,,,,2.752,card,open,False,111.34,205518.7,1845.9
GESHIP:2026-09-11,GESHIP,2026-09-11,2026-09-14,2026-09-11,reconstructed,1412.2,1352.0,1532.6,A,signal,0.099,7.72,5.3,0.577,normal,1352.0,1412.2,1426.9,False,44-week SMA pullback,,4.2629,ACTIVE,,6.02,,10.0,,1497.2,,,,,,,,,,4.2629,card,open,False,,,
ABCAPITAL:2026-09-18,ABCAPITAL,2026-09-18,2026-09-21,2026-09-18,reconstructed,394.02,378.0,426.06,A,signal,0.1759,8.83,8.1,0.47,normal,378.0,394.02,405.84,False,44-week SMA pullback,,4.0658,ACTIVE,,-3.73,,5.0,,390.0,,,,,,,,,,4.0658,card,open,False,,,
CARBORUNIV:2026-09-18,CARBORUNIV,2026-09-18,,2026-09-18,reconstructed,1124.4,1018.1,1337.0,A,signal,0.2108,17.78,11.0,0.32,normal,1018.1,1124.4,1141.3,False,44-week SMA pullback,,9.4539,,,,,,,,,,,,,,,,,9.4539,card,not_entered,False,,,
POWERINDIA:2026-09-18,POWERINDIA,2026-09-18,2026-09-21,2026-09-18,reconstructed,31172.5,29645.0,34227.5,A,signal,0.1884,12.2,9.8,0.414,normal,29645.0,31172.5,32107.67,False,44-week SMA pullback,,4.9002,ACTIVE,,-4.45,,5.0,,31035.0,,,,,,,,,,4.9002,card,open,False,,,
MANAPPURAM:2026-09-25,MANAPPURAM,2026-09-25,,2026-09-25,reconstructed,334.0,313.15,375.7,A,signal,0.1335,8.95,6.3,0.704,normal,313.15,334.0,334.25,False,44-week SMA pullback,,6.2425,,,,,,,,,,,,,,,,,6.2425,card,not_entered,False,,,
OBEROIRLTY:2026-09-25,OBEROIRLTY,2026-09-25,,2026-09-25,reconstructed,1858.5,1754.3,2066.9,A,signal,0.1582,10.75,6.9,0.727,normal,1754.3,1858.5,1882.9,False,44-week SMA pullback,,5.6067,,,,,,,,,,,,,,,,,5.6067,card,not_entered,False,,,
STARHEALTH:2026-09-25,STARHEALTH,2026-09-25,,2026-09-25,reconstructed,558.15,513.0,648.45,A,signal,0.1335,9.25,10.1,0.252,normal,513.0,558.15,569.5,False,44-week SMA pullback,,8.0892,,,,,,,,,,,,,,,,,8.0892,card,not_entered,False,,,
