as_of,ticker,week_ending,weekly_close,weekly_low,weekly_high,sma44,close_above_sma,touch_ok,dist_to_sma_pct,is_signal,is_grade_a,crs_rank_dist
2026-09-18,ADANIENSOL,2026-09-18,1436.1,1336.5,1436.5,1254.1,True,True,14.51,True,True,0.1641
2026-09-18,ADANIPORTS,2026-09-18,1824.0,1707.0,1824.0,1607.57,True,True,13.46,True,True,0.1722
2026-09-18,APLAPOLLO,2026-09-18,2270.1,2041.3,2270.1,1963.27,True,True,15.63,True,True,0.1907
2026-09-18,CARBORUNIV,2026-09-18,1124.4,1018.1,1141.3,954.67,True,True,17.78,True,True,0.2108
2026-09-18,CUB,2026-09-18,235.79,216.42,238.95,204.43,True,True,15.34,True,True,0.2
2026-09-18,GESHIP,2026-09-18,1432.1,1358.8,1439.7,1318.39,True,True,8.62,True,True,0.107
2026-09-18,GLENMARK,2026-09-18,2447.4,2306.3,2447.4,2170.38,True,True,12.76,True,True,0.1596
2026-09-18,HINDALCO,2026-09-18,986.5,956.4,999.3,959.09,True,True,2.86,True,True,0.0537
2026-09-18,HINDZINC,2026-09-18,596.0,560.9,596.0,572.07,True,True,4.18,True,True,0.071
2026-09-18,JSWSTEEL,2026-09-18,1275.6,1227.0,1278.7,1220.27,True,True,4.53,True,True,0.0808
2026-09-18,KIMS,2026-09-18,809.85,755.0,819.0,714.79,True,True,13.3,True,True,0.1723
2026-09-18,LTF,2026-09-18,312.8,293.5,314.3,291.58,True,True,7.28,True,True,0.1219
2026-09-18,POWERINDIA,2026-09-18,32700.0,29645.0,32700.0,27781.91,True,True,17.7,True,True,0.1884
2026-09-18,USHAMART,2026-09-18,507.2,464.15,511.0,454.05,True,True,11.71,True,True,0.156
2026-09-18,3MINDIA,2026-09-18,34095.0,31500.0,34450.0,33484.67,True,True,1.82,True,False,0.0646
2026-09-18,ABCAPITAL,2026-09-18,410.05,378.0,410.05,362.06,True,True,13.25,True,False,0.1759
2026-09-18,ADANIGREEN,2026-09-18,1334.5,1245.6,1337.9,1176.51,True,True,13.43,True,False,0.164
2026-09-18,BHARATFORG,2026-09-18,1962.1,1850.4,1994.9,1808.5,True,True,8.49,True,False,0.1029
2026-09-18,CUMMINSIND,2026-09-18,5099.5,4844.0,5121.5,4936.77,True,True,3.3,True,False,0.0619
2026-09-18,IKS,2026-09-18,1779.9,1712.7,1800.0,1643.0,True,True,8.33,True,False,0.1284
2026-09-18,OBEROIRLTY,2026-09-18,1785.0,1660.0,1785.0,1673.4,True,True,6.67,True,False,0.109
2026-09-18,POLYCAB,2026-09-18,8400.0,8072.0,8400.0,8256.25,True,True,1.74,True,False,0.0467
2026-09-18,VTL,2026-09-18,578.05,543.35,580.5,542.09,True,True,6.63,True,False,0.0861
2026-09-18,360ONE,2026-09-18,1073.1,1037.1,1092.9,1107.41,False,True,-3.1,False,False,
2026-09-18,AADHARHFC,2026-09-18,461.65,440.15,470.7,482.75,False,True,-4.37,False,False,
2026-09-18,AARTIIND,2026-09-18,491.15,459.55,494.5,444.0,True,True,10.62,False,False,
2026-09-18,AAVAS,2026-09-18,1284.6,1252.8,1304.9,1374.64,False,True,-6.55,False,False,
2026-09-18,ABB,2026-09-18,7270.5,6905.5,7307.0,6363.8,True,False,14.25,False,False,
2026-09-18,ABBOTINDIA,2026-09-18,27270.0,25500.0,27490.0,26589.67,True,True,2.56,False,False,
2026-09-18,ABFRL,2026-09-18,50.16,48.71,50.77,64.09,False,True,-21.74,False,False,
2026-09-18,ABREL,2026-09-18,1266.2,1207.0,1281.7,1395.29,False,True,-9.25,False,False,
2026-09-18,ABSLAMC,2026-09-18,1060.4,1004.0,1109.9,941.54,True,True,12.62,False,False,
2026-09-18,ACC,2026-09-18,1259.7,1219.1,1280.3,1474.89,False,True,-14.59,False,False,
2026-09-18,ACE,2026-09-18,1229.2,1102.0,1241.5,952.14,True,False,29.1,False,False,
2026-09-18,ACMESOLAR,2026-09-18,435.25,402.15,440.7,296.88,True,False,46.61,False,False,
2026-09-18,ADANIENT,2026-09-18,3020.0,2907.0,3083.7,2526.47,True,False,19.53,False,False,
2026-09-18,ADANIPOWER,2026-09-18,206.6,200.4,212.0,183.34,True,False,12.69,False,False,
2026-09-18,AEGISLOG,2026-09-18,1415.4,1310.2,1429.7,890.41,True,False,58.96,False,False,
2026-09-18,AFCONS,2026-09-18,263.4,225.35,304.55,319.14,False,True,-17.47,False,False,
2026-09-18,AFFLE,2026-09-18,1603.5,1500.3,1623.5,1542.98,True,True,3.92,False,False,
2026-09-18,AIAENG,2026-09-18,3973.3,3778.0,4140.0,4085.54,False,True,-2.75,False,False,
2026-09-18,AIIL,2026-09-18,559.0,518.05,562.0,520.75,True,True,7.35,False,False,
2026-09-18,AJANTPHARM,2026-09-18,3563.6,3460.0,3630.0,3009.56,True,False,18.41,False,False,
2026-09-18,AKUMS,2026-09-18,783.7,746.4,792.0,550.14,True,False,42.45,False,False,
2026-09-18,ALIVUS,2026-09-18,1430.8,1317.6,1443.0,1050.97,True,False,36.14,False,False,
2026-09-18,ALKEM,2026-09-18,5466.5,5087.5,5466.5,5477.17,False,True,-0.19,False,False,
2026-09-18,ALKYLAMINE,2026-09-18,1863.0,1740.0,1878.0,1654.77,True,True,12.58,False,False,
2026-09-18,ALOKINDS,2026-09-18,7.05,6.98,7.65,13.35,False,True,-47.2,False,False,
2026-09-18,AMBER,2026-09-18,7125.0,6826.5,7290.5,7234.88,False,True,-1.52,False,False,
2026-09-18,AMBUJACEM,2026-09-18,388.3,379.55,396.0,463.17,False,True,-16.17,False,False,
2026-09-18,ANANDRATHI,2026-09-18,2229.4,2150.0,2268.4,1760.35,True,False,26.65,False,False,
2026-09-18,ANANTRAJ,2026-09-18,606.15,576.85,607.5,543.2,True,True,11.59,False,False,
2026-09-18,ANGELONE,2026-09-18,299.1,291.6,310.0,283.98,True,True,5.33,False,False,
2026-09-18,APARINDS,2026-09-18,18858.0,16015.0,19080.0,12137.43,True,False,55.37,False,False,
2026-09-18,APLLTD,2026-09-18,845.75,810.2,860.0,777.62,True,True,8.76,False,False,
2026-09-18,APOLLOHOSP,2026-09-18,8944.5,8672.5,8950.5,7933.46,True,False,12.74,False,False,
2026-09-18,APOLLOTYRE,2026-09-18,409.3,402.15,429.55,444.6,False,True,-7.94,False,False,
2026-09-18,APTUS,2026-09-18,237.68,233.12,249.66,258.3,False,True,-7.98,False,False,
2026-09-18,ARE&M,2026-09-18,796.0,785.55,824.0,856.23,False,True,-7.03,False,False,
2026-09-18,ASAHIINDIA,2026-09-18,961.05,920.0,995.0,913.19,True,True,5.24,False,False,
2026-09-18,ASHOKLEY,2026-09-18,163.0,154.75,165.36,169.07,False,True,-3.59,False,False,
2026-09-18,ASIANPAINT,2026-09-18,2451.3,2397.4,2474.0,2571.76,False,True,-4.68,False,False,
2026-09-18,ASTERDM,2026-09-18,755.05,729.05,769.6,701.19,True,True,7.68,False,False,
2026-09-18,ASTRAL,2026-09-18,1427.7,1355.0,1427.7,1505.22,False,True,-5.15,False,False,
2026-09-18,ASTRAZEN,2026-09-18,6751.5,6600.0,6898.5,8281.2,False,True,-18.47,False,False,
2026-09-18,ATGL,2026-09-18,660.7,576.4,674.8,614.11,True,True,7.59,False,False,
2026-09-18,ATUL,2026-09-18,6170.5,5995.0,6250.0,6390.78,False,True,-3.45,False,False,
2026-09-18,AUBANK,2026-09-18,1058.6,1015.1,1065.7,1000.24,True,True,5.83,False,False,
2026-09-18,AUROPHARMA,2026-09-18,1734.0,1623.0,1734.0,1391.98,True,False,24.57,False,False,
2026-09-18,AWL,2026-09-18,186.98,180.47,187.75,201.66,False,True,-7.28,False,False,
2026-09-18,AXISBANK,2026-09-18,1257.0,1219.9,1257.6,1285.09,False,True,-2.19,False,False,
2026-09-18,BAJAJ-AUTO,2026-09-18,11414.0,11379.0,11709.0,9981.86,True,False,14.35,False,False,
2026-09-18,BAJAJFINSV,2026-09-18,1852.5,1832.1,1930.6,1899.32,False,True,-2.47,False,False,
2026-09-18,BAJAJHFL,2026-09-18,85.58,82.4,86.45,88.14,False,True,-2.9,False,False,
2026-09-18,BAJAJHLDNG,2026-09-18,11282.0,10884.0,11363.0,10608.48,True,True,6.35,False,False,
2026-09-18,BAJFINANCE,2026-09-18,1040.3,1005.5,1040.3,974.91,True,True,6.71,False,False,
2026-09-18,BALKRISIND,2026-09-18,2265.3,2100.1,2296.0,2279.11,False,True,-0.61,False,False,
2026-09-18,BALRAMCHIN,2026-09-18,672.6,657.3,698.0,521.14,True,False,29.06,False,False,
2026-09-18,BANDHANBNK,2026-09-18,175.0,169.33,179.11,172.01,True,True,1.74,False,False,
2026-09-18,BANKBARODA,2026-09-18,234.94,231.92,238.51,267.18,False,True,-12.07,False,False,
2026-09-18,BANKINDIA,2026-09-18,140.0,136.85,141.11,144.6,False,True,-3.18,False,False,
2026-09-18,BASF,2026-09-18,3605.7,3485.0,3674.1,3676.1,False,True,-1.92,False,False,
2026-09-18,BATAINDIA,2026-09-18,638.3,624.9,656.9,737.22,False,True,-13.42,False,False,
2026-09-18,BAYERCROP,2026-09-18,3779.5,3761.1,3999.0,4360.23,False,True,-13.32,False,False,
2026-09-18,BBTC,2026-09-18,1512.1,1393.0,1534.2,1603.81,False,True,-5.72,False,False,
2026-09-18,BDL,2026-09-18,1196.6,1095.0,1196.6,1339.96,False,True,-10.7,False,False,
2026-09-18,BEL,2026-09-18,393.3,382.1,404.35,417.43,False,True,-5.78,False,False,
2026-09-18,BEML,2026-09-18,2135.0,1861.5,2155.0,1772.1,True,True,20.48,False,False,
2026-09-18,BERGEPAINT,2026-09-18,458.65,443.9,461.8,492.79,False,True,-6.93,False,False,
2026-09-18,BHARTIARTL,2026-09-18,1893.3,1818.6,1893.3,1912.94,False,True,-1.03,False,False,
2026-09-18,BHARTIHEXA,2026-09-18,1540.1,1465.0,1558.9,1580.42,False,True,-2.55,False,False,
2026-09-18,BHEL,2026-09-18,439.9,406.0,439.9,337.06,True,False,30.51,False,False,
2026-09-18,BIKAJI,2026-09-18,580.25,532.75,592.0,652.97,False,True,-11.14,False,False,
2026-09-18,BIOCON,2026-09-18,385.0,370.5,392.05,394.66,False,True,-2.45,False,False,
2026-09-18,BLS,2026-09-18,226.5,221.34,241.62,271.48,False,True,-16.57,False,False,
2026-09-18,BLUEDART,2026-09-18,4821.0,4740.9,4889.4,5222.7,False,True,-7.69,False,False,
2026-09-18,BLUESTARCO,2026-09-18,1531.8,1472.0,1571.5,1700.22,False,True,-9.91,False,False,
2026-09-18,BOSCHLTD,2026-09-18,47000.0,46850.0,48725.0,38273.49,True,False,22.8,False,False,
2026-09-18,BPCL,2026-09-18,314.0,298.1,314.2,324.99,False,True,-3.38,False,False,
2026-09-18,BRIGADE,2026-09-18,621.7,598.6,648.95,575.41,True,True,8.04,False,False,
2026-09-18,BRITANNIA,2026-09-18,4998.0,4933.0,5040.0,5520.51,False,True,-9.46,False,False,
2026-09-18,BSE,2026-09-18,3266.4,3225.0,3452.7,3257.43,True,True,0.28,False,False,
2026-09-18,BSOFT,2026-09-18,280.4,278.45,302.85,351.34,False,True,-20.19,False,False,
2026-09-18,CAMPUS,2026-09-18,212.12,207.92,215.39,241.87,False,True,-12.3,False,False,
2026-09-18,CAMS,2026-09-18,708.05,700.15,732.6,736.69,False,True,-3.89,False,False,
2026-09-18,CANBK,2026-09-18,123.78,121.81,125.14,134.82,False,True,-8.19,False,False,
2026-09-18,CANFINHOME,2026-09-18,778.5,766.85,791.95,857.52,False,True,-9.21,False,False,
2026-09-18,CAPLIPOINT,2026-09-18,2748.6,2486.66,2780.0,2066.23,True,False,33.02,False,False,
2026-09-18,CASTROLIND,2026-09-18,197.14,187.05,197.85,178.5,True,True,10.44,False,False,
2026-09-18,CCL,2026-09-18,1065.6,1043.6,1086.0,1060.16,True,True,0.51,False,False,
2026-09-18,CDSL,2026-09-18,1390.0,1284.0,1390.0,1337.2,True,True,3.95,False,False,
2026-09-18,CEATLTD,2026-09-18,3468.9,3241.3,3529.0,3558.11,False,True,-2.51,False,False,
2026-09-18,CENTRALBK,2026-09-18,31.73,30.12,32.4,34.12,False,True,-7.0,False,False,
2026-09-18,CENTURYPLY,2026-09-18,722.65,689.1,735.0,763.5,False,True,-5.35,False,False,
2026-09-18,CERA,2026-09-18,5645.0,5512.0,5785.0,5430.27,True,True,3.95,False,False,
2026-09-18,CESC,2026-09-18,141.53,140.7,146.76,158.35,False,True,-10.62,False,False,
2026-09-18,CGCL,2026-09-18,270.65,248.65,273.65,200.99,True,False,34.66,False,False,
2026-09-18,CGPOWER,2026-09-18,892.0,838.55,911.3,778.81,True,False,14.53,False,False,
2026-09-18,CHALET,2026-09-18,865.65,828.15,881.9,826.16,True,True,4.78,False,False,
2026-09-18,CHAMBLFERT,2026-09-18,414.9,401.4,421.0,441.17,False,True,-5.96,False,False,
2026-09-18,CHENNPETRO,2026-09-18,1416.6,1390.1,1583.2,1028.11,True,False,37.79,False,False,
2026-09-18,CHOLAFIN,2026-09-18,1800.0,1747.6,1845.9,1680.68,True,True,7.1,False,False,
2026-09-18,CHOLAHLDNG,2026-09-18,1507.7,1472.0,1543.2,1634.94,False,True,-7.78,False,False,
2026-09-18,CIPLA,2026-09-18,1394.5,1344.3,1394.5,1381.6,True,True,0.93,False,False,
2026-09-18,CLEAN,2026-09-18,851.9,806.25,872.85,800.38,True,True,6.44,False,False,
2026-09-18,COALINDIA,2026-09-18,409.9,409.65,427.0,417.75,False,True,-1.88,False,False,
2026-09-18,COCHINSHIP,2026-09-18,1398.0,1289.45,1398.0,1509.97,False,True,-7.42,False,False,
2026-09-18,COFORGE,2026-09-18,1841.0,1717.0,1893.6,1527.19,True,False,20.55,False,False,
2026-09-18,COHANCE,2026-09-18,438.0,416.2,446.65,424.23,True,True,3.25,False,False,
2026-09-18,COLPAL,2026-09-18,1917.8,1788.8,1917.8,2039.18,False,True,-5.95,False,False,
2026-09-18,CONCOR,2026-09-18,504.55,480.7,504.55,492.2,True,True,2.51,False,False,
2026-09-18,CONCORDBIO,2026-09-18,1494.4,1428.1,1527.1,1264.95,True,False,18.14,False,False,
2026-09-18,COROMANDEL,2026-09-18,1999.5,1910.0,2019.9,2078.54,False,True,-3.8,False,False,
2026-09-18,CRAFTSMAN,2026-09-18,11138.0,10600.0,11798.0,8450.21,True,False,31.81,False,False,
2026-09-18,CREDITACC,2026-09-18,1387.6,1360.0,1431.7,1344.68,True,True,3.19,False,False,
2026-09-18,CRISIL,2026-09-18,4577.5,4494.2,4717.4,4304.65,True,True,6.34,False,False,
2026-09-18,CROMPTON,2026-09-18,227.12,222.3,231.6,253.07,False,True,-10.25,False,False,
2026-09-18,CYIENT,2026-09-18,1073.3,1030.3,1107.2,968.59,True,True,10.81,False,False,
2026-09-18,DABUR,2026-09-18,395.25,376.0,395.25,451.84,False,True,-12.52,False,False,
2026-09-18,DALBHARAT,2026-09-18,1761.4,1676.4,1805.0,1897.06,False,True,-7.15,False,False,
2026-09-18,DATAPATTNS,2026-09-18,4513.3,4140.0,4829.2,3633.16,True,False,24.23,False,False,
2026-09-18,DBREALTY,2026-09-18,95.68,93.6,100.5,111.96,False,True,-14.54,False,False,
2026-09-18,DCMSHRIRAM,2026-09-18,995.0,975.2,1005.0,1102.66,False,True,-9.76,False,False,
2026-09-18,DEEPAKFERT,2026-09-18,1343.2,1269.1,1353.0,1282.14,True,True,4.76,False,False,
2026-09-18,DEEPAKNTR,2026-09-18,1586.3,1546.2,1623.5,1622.97,False,True,-2.26,False,False,
2026-09-18,DELHIVERY,2026-09-18,428.0,414.6,441.85,442.75,False,True,-3.33,False,False,
2026-09-18,DEVYANI,2026-09-18,140.62,135.16,141.49,123.52,True,False,13.85,False,False,
2026-09-18,DIVISLAB,2026-09-18,9375.0,8923.0,9445.0,6858.36,True,False,36.69,False,False,
2026-09-18,DIXON,2026-09-18,13005.0,12850.0,13575.0,12187.02,True,True,6.71,False,False,
2026-09-18,DLF,2026-09-18,644.35,611.5,653.7,625.59,True,True,3.0,False,False,
2026-09-18,DMART,2026-09-18,3749.9,3670.0,3759.0,3998.4,False,True,-6.22,False,False,
2026-09-18,DOMS,2026-09-18,2105.3,2061.3,2143.8,2323.44,False,True,-9.39,False,False,
2026-09-18,DRREDDY,2026-09-18,1185.0,1133.9,1207.5,1245.14,False,True,-4.83,False,False,
2026-09-18,ECLERX,2026-09-18,1915.6,1848.2,2017.0,1812.89,True,True,5.67,False,False,
2026-09-18,EICHERMOT,2026-09-18,7516.0,7406.0,7570.5,7320.11,True,True,2.68,False,False,
2026-09-18,EIDPARRY,2026-09-18,700.7,682.75,721.05,841.33,False,True,-16.71,False,False,
2026-09-18,EIHOTEL,2026-09-18,317.9,280.3,321.15,324.03,False,True,-1.89,False,False,
2026-09-18,ELECON,2026-09-18,421.2,402.4,424.95,456.54,False,True,-7.74,False,False,
2026-09-18,ELGIEQUIP,2026-09-18,609.55,585.0,641.4,535.67,True,False,13.79,False,False,
2026-09-18,EMAMILTD,2026-09-18,368.45,363.8,396.45,441.04,False,True,-16.46,False,False,
2026-09-18,EMCURE,2026-09-18,2003.8,1891.6,2100.7,1652.0,True,False,21.3,False,False,
2026-09-18,ENDURANCE,2026-09-18,2732.0,2582.0,2743.6,2579.31,True,True,5.92,False,False,
2026-09-18,ENGINERSIN,2026-09-18,266.35,253.6,273.0,220.63,True,False,20.72,False,False,
2026-09-18,ERIS,2026-09-18,1321.3,1282.8,1359.9,1406.02,False,True,-6.03,False,False,
2026-09-18,ESCORTS,2026-09-18,2798.2,2769.4,2899.7,3190.42,False,True,-12.29,False,False,
2026-09-18,ETERNAL,2026-09-18,326.85,310.8,329.75,274.73,True,False,18.97,False,False,
2026-09-18,EXIDEIND,2026-09-18,435.85,405.1,444.7,372.94,True,False,16.87,False,False,
2026-09-18,FACT,2026-09-18,764.2,740.05,785.15,837.03,False,True,-8.7,False,False,
2026-09-18,FEDERALBNK,2026-09-18,332.75,325.4,346.0,298.5,True,False,11.48,False,False,
2026-09-18,FINCABLES,2026-09-18,1411.2,1299.1,1434.7,958.41,True,False,47.24,False,False,
2026-09-18,FINPIPE,2026-09-18,154.63,148.05,157.5,168.51,False,True,-8.24,False,False,
2026-09-18,FIRSTCRY,2026-09-18,172.15,163.37,189.75,237.43,False,True,-27.49,False,False,
2026-09-18,FIVESTAR,2026-09-18,538.45,524.0,558.0,491.29,True,True,9.6,False,False,
2026-09-18,FLUOROCHEM,2026-09-18,4586.7,4432.6,4826.8,3734.79,True,False,22.81,False,False,
2026-09-18,FORTIS,2026-09-18,886.0,861.4,899.7,909.61,False,True,-2.6,False,False,
2026-09-18,FSL,2026-09-18,273.45,247.6,292.0,268.94,True,True,1.68,False,False,
2026-09-18,GAIL,2026-09-18,173.9,168.72,174.65,165.11,True,True,5.32,False,False,
2026-09-18,GICRE,2026-09-18,351.0,337.0,353.25,359.99,False,True,-2.5,False,False,
2026-09-18,GILLETTE,2026-09-18,7073.0,7031.5,7348.5,7830.88,False,True,-9.68,False,False,
2026-09-18,GLAND,2026-09-18,2961.9,2792.4,2978.0,2063.4,True,False,43.54,False,False,
2026-09-18,GLAXO,2026-09-18,2838.8,2755.9,2900.0,2456.09,True,False,15.58,False,False,
2026-09-18,GMDCLTD,2026-09-18,556.45,535.05,580.0,588.0,False,True,-5.37,False,False,
2026-09-18,GMRAIRPORT,2026-09-18,99.3,91.99,99.3,100.21,False,True,-0.91,False,False,
2026-09-18,GNFC,2026-09-18,588.9,528.8,599.0,478.72,True,False,23.02,False,False,
2026-09-18,GODFRYPHLP,2026-09-18,2018.0,1895.0,2018.0,2217.63,False,True,-9.0,False,False,
2026-09-18,GODIGIT,2026-09-18,239.0,235.8,257.4,310.44,False,True,-23.01,False,False,
2026-09-18,GODREJAGRO,2026-09-18,661.6,630.1,683.0,574.1,True,False,15.24,False,False,
2026-09-18,GODREJCP,2026-09-18,880.0,856.0,886.0,1067.41,False,True,-17.56,False,False,
2026-09-18,GODREJIND,2026-09-18,1107.4,1078.0,1172.0,1068.97,True,True,3.59,False,False,
2026-09-18,GODREJPROP,2026-09-18,1691.1,1647.6,1759.7,1844.37,False,True,-8.31,False,False,
2026-09-18,GPIL,2026-09-18,233.47,231.24,245.51,258.5,False,True,-9.68,False,False,
2026-09-18,GPPL,2026-09-18,160.35,158.35,165.5,159.11,True,True,0.78,False,False,
2026-09-18,GRANULES,2026-09-18,875.5,829.0,923.65,698.19,True,False,25.4,False,False,
2026-09-18,GRAPHITE,2026-09-18,830.85,774.6,838.0,655.86,True,False,26.68,False,False,
2026-09-18,GRASIM,2026-09-18,3209.2,3159.0,3281.9,2935.34,True,False,9.33,False,False,
2026-09-18,GRAVITA,2026-09-18,1598.4,1585.7,1690.8,1666.27,False,True,-4.07,False,False,
2026-09-18,GRSE,2026-09-18,2411.8,2283.44,2430.62,2558.28,False,True,-5.73,False,False,
2026-09-18,GVT&D,2026-09-18,4385.0,4149.7,4548.1,3959.77,True,True,10.74,False,False,
2026-09-18,HAL,2026-09-18,4800.3,4615.8,4940.0,4376.03,True,True,9.7,False,False,
2026-09-18,HAPPSTMNDS,2026-09-18,321.55,319.0,343.7,394.06,False,True,-18.4,False,False,
2026-09-18,HAVELLS,2026-09-18,1132.4,1081.1,1132.4,1278.73,False,True,-11.44,False,False,
2026-09-18,HBLENGINE,2026-09-18,760.0,692.0,768.0,766.36,False,True,-0.83,False,False,
2026-09-18,HCLTECH,2026-09-18,1249.3,1206.1,1290.0,1350.62,False,True,-7.5,False,False,
2026-09-18,HDFCAMC,2026-09-18,2425.0,2360.0,2439.0,2567.14,False,True,-5.54,False,False,
2026-09-18,HDFCBANK,2026-09-18,731.0,708.25,733.8,822.78,False,True,-11.16,False,False,
2026-09-18,HDFCLIFE,2026-09-18,550.95,516.1,564.95,633.87,False,True,-13.08,False,False,
2026-09-18,HEG,2026-09-18,237.05,214.1,237.2,560.89,False,True,-57.74,False,False,
2026-09-18,HEROMOTOCO,2026-09-18,5285.5,5166.0,5362.5,5300.98,False,True,-0.29,False,False,
2026-09-18,HFCL,2026-09-18,215.71,205.1,234.7,131.66,True,False,63.83,False,False,
2026-09-18,HINDCOPPER,2026-09-18,497.4,477.5,512.56,512.08,False,True,-2.87,False,False,
2026-09-18,HINDPETRO,2026-09-18,359.0,343.05,359.0,384.98,False,True,-6.75,False,False,
2026-09-18,HINDUNILVR,2026-09-18,1932.0,1927.0,1977.0,2193.95,False,True,-11.94,False,False,
2026-09-18,HOMEFIRST,2026-09-18,1241.3,1155.8,1265.0,1125.54,True,True,10.29,False,False,
2026-09-18,HONASA,2026-09-18,479.55,449.35,481.5,359.69,True,False,33.32,False,False,
2026-09-18,HONAUT,2026-09-18,35445.0,33500.0,36485.0,33706.45,True,True,5.16,False,False,
2026-09-18,HSCL,2026-09-18,675.35,632.5,678.85,568.15,True,False,18.87,False,False,
2026-09-18,HUDCO,2026-09-18,174.92,167.05,176.5,196.9,False,True,-11.16,False,False,
2026-09-18,HYUNDAI,2026-09-18,2208.8,2130.5,2232.1,2071.65,True,True,6.62,False,False,
2026-09-18,ICICIBANK,2026-09-18,1338.9,1338.9,1390.0,1343.29,False,True,-0.33,False,False,
2026-09-18,ICICIGI,2026-09-18,1458.1,1423.1,1498.1,1784.12,False,True,-18.27,False,False,
2026-09-18,ICICIPRULI,2026-09-18,492.0,456.95,501.45,560.3,False,True,-12.19,False,False,
2026-09-18,IDBI,2026-09-18,83.06,81.53,88.53,88.7,False,True,-6.36,False,False,
2026-09-18,IDEA,2026-09-18,13.92,13.92,15.07,12.01,True,False,15.87,False,False,
2026-09-18,IDFCFIRSTB,2026-09-18,85.92,84.53,87.17,77.51,True,False,10.86,False,False,
2026-09-18,IEX,2026-09-18,115.46,110.35,115.46,125.66,False,True,-8.11,False,False,
2026-09-18,IFCI,2026-09-18,76.51,73.01,83.98,65.11,True,False,17.52,False,False,
2026-09-18,IGIL,2026-09-18,330.95,311.1,337.9,333.67,False,True,-0.82,False,False,
2026-09-18,IGL,2026-09-18,148.56,147.27,152.42,165.09,False,True,-10.01,False,False,
2026-09-18,IIFL,2026-09-18,600.2,567.4,614.25,537.92,True,True,11.58,False,False,
2026-09-18,INDGN,2026-09-18,600.1,559.0,611.7,510.5,True,False,17.55,False,False,
2026-09-18,INDHOTEL,2026-09-18,732.75,706.75,743.0,687.22,True,True,6.63,False,False,
2026-09-18,INDIACEM,2026-09-18,344.8,331.65,359.4,399.96,False,True,-13.79,False,False,
2026-09-18,INDIAMART,2026-09-18,1646.3,1622.4,1768.8,1995.91,False,True,-17.52,False,False,
2026-09-18,INDIANB,2026-09-18,839.8,833.8,859.5,851.97,False,True,-1.43,False,False,
2026-09-18,INDIGO,2026-09-18,4920.0,4701.5,4973.0,4863.77,True,True,1.16,False,False,
2026-09-18,INDUSINDBK,2026-09-18,966.3,944.5,984.5,914.85,True,True,5.62,False,False,
2026-09-18,INDUSTOWER,2026-09-18,375.9,375.2,390.8,402.76,False,True,-6.67,False,False,
2026-09-18,INFY,2026-09-18,1051.4,1037.7,1097.7,1275.52,False,True,-17.57,False,False,
2026-09-18,INOXINDIA,2026-09-18,2098.8,1930.8,2265.0,1499.41,True,False,39.97,False,False,
2026-09-18,INOXWIND,2026-09-18,76.8,72.67,76.94,95.66,False,True,-19.72,False,False,
2026-09-18,INTELLECT,2026-09-18,647.45,641.4,696.6,774.14,False,True,-16.36,False,False,
2026-09-18,IOB,2026-09-18,32.17,31.95,33.3,34.55,False,True,-6.89,False,False,
2026-09-18,IOC,2026-09-18,137.0,131.7,137.0,147.78,False,True,-7.3,False,False,
2026-09-18,IPCALAB,2026-09-18,2009.6,1905.0,2038.0,1600.99,True,False,25.52,False,False,
2026-09-18,IRB,2026-09-18,18.48,18.38,19.83,20.64,False,True,-10.48,False,False,
2026-09-18,IRCON,2026-09-18,109.85,106.8,113.21,140.56,False,True,-21.85,False,False,
2026-09-18,IRCTC,2026-09-18,476.75,446.5,480.0,560.41,False,True,-14.93,False,False,
2026-09-18,IREDA,2026-09-18,114.32,107.4,114.32,125.37,False,True,-8.82,False,False,
2026-09-18,IRFC,2026-09-18,81.5,78.16,81.87,101.18,False,True,-19.45,False,False,
2026-09-18,ITC,2026-09-18,262.3,258.0,268.5,305.15,False,True,-14.04,False,False,
2026-09-18,ITI,2026-09-18,256.3,251.65,267.95,287.25,False,True,-10.78,False,False,
2026-09-18,J&KBANK,2026-09-18,146.58,143.75,150.57,130.89,True,False,11.99,False,False,
2026-09-18,JBCHEPHARM,2026-07-23,2408.9,2408.9,2408.9,1966.36,True,False,22.51,False,False,
2026-09-18,JBMA,2026-09-18,599.1,585.0,626.0,616.68,False,True,-2.85,False,False,
2026-09-18,JINDALSAW,2026-09-18,289.5,275.7,313.9,219.66,True,False,31.79,False,False,
2026-09-18,JINDALSTEL,2026-09-18,1119.5,1085.4,1140.2,1125.73,False,True,-0.55,False,False,
2026-09-18,JIOFIN,2026-09-18,229.89,224.84,232.0,254.11,False,True,-9.53,False,False,
2026-09-18,JKCEMENT,2026-09-18,5064.5,4676.0,5139.0,5410.37,False,True,-6.39,False,False,
2026-09-18,JKTYRE,2026-09-18,349.35,339.55,355.0,427.9,False,True,-18.36,False,False,
2026-09-18,JMFINANCIL,2026-09-18,126.3,118.05,126.79,129.74,False,True,-2.65,False,False,
2026-09-18,JPPOWER,2026-09-18,15.37,15.17,16.2,17.22,False,True,-10.75,False,False,
2026-09-18,JSL,2026-09-18,750.95,715.0,760.0,744.65,True,True,0.85,False,False,
2026-09-18,JSWENERGY,2026-09-18,526.0,503.05,526.45,519.84,True,True,1.19,False,False,
2026-09-18,JSWHL,2026-09-18,11282.0,10787.0,11543.0,14562.45,False,True,-22.53,False,False,
2026-09-18,JSWINFRA,2026-09-18,348.25,317.9,356.95,287.44,True,False,21.15,False,False,
2026-09-18,JUBLFOOD,2026-09-18,500.0,461.6,502.0,486.63,True,True,2.75,False,False,
2026-09-18,JUBLINGREA,2026-09-18,624.9,612.0,658.4,667.35,False,True,-6.36,False,False,
2026-09-18,JUBLPHARMA,2026-09-18,1065.4,977.5,1086.0,958.06,True,True,11.2,False,False,
2026-09-18,JUSTDIAL,2026-09-18,669.0,646.85,684.4,623.9,True,True,7.23,False,False,
2026-09-18,JWL,2026-09-18,230.13,225.65,242.82,275.79,False,True,-16.56,False,False,
2026-09-18,JYOTHYLAB,2026-09-18,195.07,190.22,198.0,228.68,False,True,-14.7,False,False,
2026-09-18,JYOTICNC,2026-09-18,1049.7,928.6,1065.0,831.4,True,False,26.26,False,False,
2026-09-18,KAJARIACER,2026-09-18,1202.7,1179.1,1226.7,1085.51,True,False,10.8,False,False,
2026-09-18,KALYANKJIL,2026-09-18,581.85,574.4,616.0,458.69,True,False,26.85,False,False,
2026-09-18,KANSAINER,2026-09-18,183.96,181.06,190.02,206.3,False,True,-10.83,False,False,
2026-09-18,KARURVYSYA,2026-09-18,332.15,322.75,339.9,294.06,True,False,12.95,False,False,
2026-09-18,KAYNES,2026-09-18,3515.0,3293.0,3605.9,3774.6,False,True,-6.88,False,False,
2026-09-18,KEC,2026-09-18,404.25,395.2,429.6,555.17,False,True,-27.18,False,False,
2026-09-18,KEI,2026-09-18,4650.0,4449.0,4650.0,4759.33,False,True,-2.3,False,False,
2026-09-18,KFINTECH,2026-09-18,930.0,872.5,930.0,939.13,False,True,-0.97,False,False,
2026-09-18,KIRLOSBROS,2026-09-18,1811.4,1698.2,1838.6,1696.12,True,True,6.8,False,False,
2026-09-18,KIRLOSENG,2026-09-18,2160.1,1934.0,2212.5,1666.28,True,False,29.64,False,False,
2026-09-18,KNRCON,2026-09-18,124.8,117.49,126.45,134.04,False,True,-6.89,False,False,
2026-09-18,KOTAKBANK,2026-09-18,412.5,409.35,420.5,400.95,True,True,2.88,False,False,
2026-09-18,KPIL,2026-09-18,1445.5,1345.6,1457.0,1235.1,True,False,17.03,False,False,
2026-09-18,KPITTECH,2026-09-18,532.0,532.0,580.95,804.67,False,True,-33.89,False,False,
2026-09-18,KPRMILL,2026-09-18,1141.4,1080.0,1154.4,989.74,True,False,15.32,False,False,
2026-09-18,LALPATHLAB,2026-09-18,1896.9,1870.0,2038.6,1557.65,True,False,21.78,False,False,
2026-09-18,LATENTVIEW,2026-09-18,255.35,251.05,264.8,341.58,False,True,-25.25,False,False,
2026-09-18,LAURUSLABS,2026-09-18,1954.0,1863.5,1982.0,1297.68,True,False,50.58,False,False,
2026-09-18,LEMONTREE,2026-09-18,106.47,100.88,106.9,121.99,False,True,-12.72,False,False,
2026-09-18,LICHSGFIN,2026-09-18,548.15,529.6,565.25,524.52,True,True,4.5,False,False,
2026-09-18,LICI,2026-09-18,407.7,386.5,407.7,409.3,False,True,-0.39,False,False,
2026-09-18,LINDEINDIA,2026-09-18,6241.5,6024.5,6267.0,6689.18,False,True,-6.69,False,False,
2026-09-18,LLOYDSME,2026-09-18,1826.7,1741.0,1832.3,1543.82,True,False,18.32,False,False,
2026-09-18,LODHA,2026-09-18,1144.7,1047.5,1148.8,1019.11,True,True,12.32,False,False,
2026-09-18,LT,2026-09-18,3885.0,3799.9,3959.0,3952.21,False,True,-1.7,False,False,
2026-09-18,LTFOODS,2026-09-18,423.2,408.95,440.0,399.1,True,True,6.04,False,False,
2026-09-18,LTTS,2026-09-18,3347.5,3286.8,3441.0,3622.11,False,True,-7.58,False,False,
2026-09-18,LUPIN,2026-09-18,2083.0,2033.5,2114.7,2237.17,False,True,-6.89,False,False,
2026-09-18,M&M,2026-09-18,3052.0,3029.5,3127.8,3294.61,False,True,-7.36,False,False,
2026-09-18,M&MFIN,2026-09-18,353.3,341.0,358.75,339.23,True,True,4.15,False,False,
2026-09-18,MAHABANK,2026-09-18,83.54,79.2,84.61,72.52,True,False,15.19,False,False,
2026-09-18,MAHSEAMLES,2026-09-18,717.55,674.15,738.6,586.72,True,False,22.3,False,False,
2026-09-18,MANAPPURAM,2026-09-18,319.15,310.0,330.45,305.23,True,True,4.56,False,False,
2026-09-18,MANKIND,2026-09-18,2300.7,2242.1,2329.5,2272.29,True,True,1.25,False,False,
2026-09-18,MANYAVAR,2026-09-18,544.25,536.0,584.0,469.84,True,False,15.84,False,False,
2026-09-18,MAPMYINDIA,2026-09-18,899.4,865.6,944.6,1126.89,False,True,-20.19,False,False,
2026-09-18,MARICO,2026-09-18,803.9,791.25,826.3,787.59,True,True,2.07,False,False,
2026-09-18,MARUTI,2026-09-18,12103.0,12103.0,12470.0,14047.35,False,True,-13.84,False,False,
2026-09-18,MASTEK,2026-09-18,1588.2,1575.1,1743.0,1766.88,False,True,-10.11,False,False,
2026-09-18,MAXHEALTH,2026-09-18,1049.3,1021.1,1059.9,1040.36,True,True,0.86,False,False,
2026-09-18,MAZDOCK,2026-09-18,2280.0,2176.0,2346.9,2455.82,False,True,-7.16,False,False,
2026-09-18,MCX,2026-09-18,3260.0,3056.6,3314.9,2647.03,True,False,23.16,False,False,
2026-09-18,MEDANTA,2026-09-18,1499.4,1380.1,1520.0,1220.95,True,False,22.81,False,False,
2026-09-18,METROPOLIS,2026-09-18,597.45,557.8,602.05,508.65,True,False,17.46,False,False,
2026-09-18,MFSL,2026-09-18,1559.0,1423.6,1573.6,1629.92,False,True,-4.35,False,False,
2026-09-18,MGL,2026-09-18,1081.7,1047.0,1092.2,1087.83,False,True,-0.56,False,False,
2026-09-18,MINDACORP,2026-09-18,691.45,661.8,705.45,604.24,True,False,14.43,False,False,
2026-09-18,MMTC,2026-09-18,60.27,59.07,62.99,63.08,False,True,-4.45,False,False,
2026-09-18,MOTHERSON,2026-09-18,162.57,156.4,165.41,133.01,True,False,22.22,False,False,
2026-09-18,MOTILALOFS,2026-09-18,1010.0,963.8,1030.0,854.47,True,False,18.2,False,False,
2026-09-18,MPHASIS,2026-09-18,2300.4,2275.0,2461.1,2393.33,False,True,-3.88,False,False,
2026-09-18,MRF,2026-09-18,125670.0,123815.0,129600.0,136184.51,False,True,-7.72,False,False,
2026-09-18,MRPL,2026-09-18,165.38,162.4,176.07,166.15,False,True,-0.46,False,False,
2026-09-18,MSUMI,2026-09-18,35.67,34.76,36.6,40.8,False,True,-12.57,False,False,
2026-09-18,MUTHOOTFIN,2026-09-18,2841.1,2722.3,2852.0,3344.86,False,True,-15.06,False,False,
2026-09-18,NAM-INDIA,2026-09-18,1155.0,1106.0,1194.4,1004.54,True,False,14.98,False,False,
2026-09-18,NATCOPHARM,2026-09-18,813.4,801.0,831.45,939.5,False,True,-13.42,False,False,
2026-09-18,NATIONALUM,2026-09-18,350.5,350.1,363.2,359.72,False,True,-2.56,False,False,
2026-09-18,NAUKRI,2026-09-18,1251.2,1242.8,1310.0,1148.33,True,False,8.96,False,False,
2026-09-18,NAVA,2026-09-18,562.3,533.9,571.75,577.53,False,True,-2.64,False,False,
2026-09-18,NAVINFLUOR,2026-09-18,8590.0,8100.0,8682.5,6850.5,True,False,25.39,False,False,
2026-09-18,NBCC,2026-09-18,82.4,79.72,84.27,97.2,False,True,-15.22,False,False,
2026-09-18,NCC,2026-09-18,137.13,133.6,142.23,149.24,False,True,-8.12,False,False,
2026-09-18,NESTLEIND,2026-09-18,1372.4,1332.8,1397.0,1344.77,True,True,2.05,False,False,
2026-09-18,NETWEB,2026-09-18,4664.5,4388.0,5027.0,3939.79,True,False,18.39,False,False,
2026-09-18,NETWORK18,2026-09-18,27.0,25.71,27.19,34.34,False,True,-21.37,False,False,
2026-09-18,NEULANDLAB,2026-09-18,22840.0,21855.0,23535.0,16680.68,True,False,36.92,False,False,
2026-09-18,NEWGEN,2026-09-18,497.3,487.1,528.6,564.23,False,True,-11.86,False,False,
2026-09-18,NH,2026-09-18,1928.5,1811.0,1940.0,1853.92,True,True,4.02,False,False,
2026-09-18,NHPC,2026-09-18,76.95,74.99,77.07,77.22,False,True,-0.35,False,False,
2026-09-18,NIACL,2026-09-18,187.66,179.15,201.24,162.83,True,False,15.25,False,False,
2026-09-18,NIVABUPA,2026-09-18,79.59,79.01,83.9,79.19,True,True,0.5,False,False,
2026-09-18,NLCINDIA,2026-09-18,268.8,254.3,269.7,281.38,False,True,-4.47,False,False,
2026-09-18,NMDC,2026-09-18,79.15,79.15,82.89,82.58,False,True,-4.16,False,False,
2026-09-18,NSLNISP,2026-09-18,42.6,40.23,43.69,42.25,True,True,0.83,False,False,
2026-09-18,NTPC,2026-09-18,323.65,323.65,333.4,352.57,False,True,-8.2,False,False,
2026-09-18,NTPCGREEN,2026-09-18,88.55,85.16,88.95,95.28,False,True,-7.07,False,False,
2026-09-18,NUVAMA,2026-09-18,1713.7,1649.8,1746.4,1508.01,True,False,13.64,False,False,
2026-09-18,NYKAA,2026-09-18,332.15,322.7,346.15,280.33,True,False,18.48,False,False,
2026-09-18,OFSS,2026-09-18,11896.0,11356.0,12099.0,8969.9,True,False,32.62,False,False,
2026-09-18,OIL,2026-09-18,475.7,472.0,494.4,454.82,True,True,4.59,False,False,
2026-09-18,OLAELEC,2026-09-18,36.39,36.02,40.1,36.25,True,True,0.39,False,False,
2026-09-18,OLECTRA,2026-09-18,1198.8,1155.0,1249.0,1211.56,False,True,-1.05,False,False,
2026-09-18,ONGC,2026-09-18,232.8,231.25,236.8,254.86,False,True,-8.66,False,False,
2026-09-18,PAGEIND,2026-09-18,36400.0,34000.0,36400.0,36176.08,True,True,0.62,False,False,
2026-09-18,PATANJALI,2026-09-18,367.0,335.75,367.4,454.66,False,True,-19.28,False,False,
2026-09-18,PAYTM,2026-09-18,1849.9,1730.0,1855.5,1259.04,True,False,46.93,False,False,
2026-09-18,PCBL,2026-09-18,336.7,310.25,338.0,294.67,True,True,14.26,False,False,
2026-09-18,PERSISTENT,2026-09-18,5416.0,5389.0,5759.0,5426.0,False,True,-0.18,False,False,
2026-09-18,PETRONET,2026-09-18,292.6,278.25,292.6,278.11,True,True,5.21,False,False,
2026-09-18,PFC,2026-09-18,342.55,342.55,353.45,390.14,False,True,-12.2,False,False,
2026-09-18,PFIZER,2026-09-18,4002.4,3955.5,4091.1,4689.71,False,True,-14.66,False,False,
2026-09-18,PGEL,2026-09-18,529.15,512.76,544.74,556.63,False,True,-4.94,False,False,
2026-09-18,PHOENIXLTD,2026-09-18,1877.9,1820.2,1923.2,1802.26,True,True,4.2,False,False,
2026-09-18,PIDILITIND,2026-09-18,1572.1,1521.1,1598.9,1485.26,True,True,5.85,False,False,
2026-09-18,PIIND,2026-09-18,2366.8,2227.2,2366.8,2915.16,False,True,-18.81,False,False,
2026-09-18,PNB,2026-09-18,117.27,114.63,119.4,112.78,True,True,3.98,False,False,
2026-09-18,PNBHOUSING,2026-09-18,1133.1,1098.4,1178.9,971.11,True,False,16.68,False,False,
2026-09-18,PNCINFRA,2026-09-18,138.87,116.4,175.4,217.74,False,True,-36.22,False,False,
2026-09-18,POLICYBZR,2026-09-18,1743.0,1710.1,1847.0,1654.5,True,True,5.35,False,False,
2026-09-18,POLYMED,2026-09-18,1726.0,1691.2,1753.0,1581.14,True,True,9.16,False,False,
2026-09-18,POONAWALLA,2026-09-18,479.4,428.1,492.0,442.57,True,True,8.32,False,False,
2026-09-18,POWERGRID,2026-09-18,270.3,262.8,270.3,282.89,False,True,-4.45,False,False,
2026-09-18,PPLPHARMA,2026-09-18,208.16,198.86,211.35,173.32,True,False,20.1,False,False,
2026-09-18,PRAJIND,2026-09-18,316.05,310.0,322.8,330.1,False,True,-4.26,False,False,
2026-09-18,PREMIERENE,2026-09-18,902.0,878.3,974.2,933.93,False,True,-3.42,False,False,
2026-09-18,PRESTIGE,2026-09-18,1435.1,1409.1,1514.9,1492.54,False,True,-3.85,False,False,
2026-09-18,PTCIL,2026-09-18,22805.0,22120.0,23885.0,18042.39,True,False,26.4,False,False,
2026-09-18,PVRINOX,2026-09-18,1324.7,1206.2,1339.8,1043.4,True,False,26.96,False,False,
2026-09-18,RADICO,2026-09-18,4535.4,4298.8,4535.4,3450.2,True,False,31.45,False,False,
2026-09-18,RAILTEL,2026-09-18,265.0,248.0,266.9,309.75,False,True,-14.45,False,False,
2026-09-18,RAINBOW,2026-09-18,1454.7,1424.0,1505.0,1323.32,True,False,9.93,False,False,
2026-09-18,RAMCOCEM,2026-09-18,869.75,849.2,881.95,975.68,False,True,-10.86,False,False,
2026-09-18,RAYMOND,2026-09-18,978.0,937.3,1122.0,509.58,True,False,91.92,False,False,
2026-09-18,RAYMONDLSL,2026-09-18,648.35,645.05,717.55,840.37,False,True,-22.85,False,False,
2026-09-18,RBLBANK,2026-09-18,415.9,395.95,415.9,337.71,True,False,23.15,False,False,
2026-09-18,RCF,2026-09-18,109.08,105.96,111.2,126.79,False,True,-13.97,False,False,
2026-09-18,RECLTD,2026-09-18,312.0,308.5,315.5,342.12,False,True,-8.8,False,False,
2026-09-18,REDINGTON,2026-09-18,399.85,371.2,413.2,267.89,True,False,49.26,False,False,
2026-09-18,RELIANCE,2026-09-18,1226.4,1226.4,1259.4,1380.71,False,True,-11.18,False,False,
2026-09-18,RENUKA,2026-09-18,23.06,22.35,25.05,24.73,False,True,-6.74,False,False,
2026-09-18,RHIM,2026-09-18,368.7,360.5,375.8,404.88,False,True,-8.94,False,False,
2026-09-18,RITES,2026-09-18,207.23,200.24,211.2,213.28,False,True,-2.84,False,False,
2026-09-18,RKFORGE,2026-09-18,724.1,659.1,728.0,576.18,True,False,25.67,False,False,
2026-09-18,ROUTE,2026-09-18,464.4,457.6,505.9,545.42,False,True,-14.86,False,False,
2026-09-18,RPOWER,2026-09-18,21.13,20.51,21.74,27.48,False,True,-23.1,False,False,
2026-09-18,RRKABEL,2026-09-18,2450.8,2340.2,2457.0,1864.51,True,False,31.44,False,False,
2026-09-18,RTNINDIA,2026-09-18,26.54,24.95,28.28,33.98,False,True,-21.89,False,False,
2026-09-18,RVNL,2026-09-18,214.29,195.15,214.29,275.82,False,True,-22.31,False,False,
2026-09-18,SAGILITY,2026-09-18,45.66,44.45,46.62,44.44,True,True,2.74,False,False,
2026-09-18,SAIL,2026-09-18,177.33,170.5,180.0,164.9,True,True,7.54,False,False,
2026-09-18,SAILIFE,2026-09-18,1600.5,1494.4,1613.9,1104.08,True,False,44.96,False,False,
2026-09-18,SAMMAANCAP,2026-09-18,143.92,139.96,148.3,153.41,False,True,-6.18,False,False,
2026-09-18,SAPPHIRE,2026-09-18,230.11,219.92,236.25,202.51,True,False,13.63,False,False,
2026-09-18,SARDAEN,2026-09-18,505.95,491.6,525.0,519.31,False,True,-2.57,False,False,
2026-09-18,SAREGAMA,2026-09-18,499.9,475.2,506.6,405.16,True,False,23.38,False,False,
2026-09-18,SBFC,2026-09-18,92.36,91.89,98.75,95.54,False,True,-3.33,False,False,
2026-09-18,SBICARD,2026-09-18,651.15,612.6,655.75,707.64,False,True,-7.98,False,False,
2026-09-18,SBILIFE,2026-09-18,1731.0,1652.9,1771.1,1893.99,False,True,-8.61,False,False,
2026-09-18,SBIN,2026-09-18,996.2,968.0,1000.9,1027.37,False,True,-3.03,False,False,
2026-09-18,SCHAEFFLER,2026-09-18,4217.6,3818.1,4260.0,3986.86,True,True,5.79,False,False,
2026-09-18,SCHNEIDER,2026-09-18,1213.5,1169.1,1244.5,1042.62,True,False,16.39,False,False,
2026-09-18,SCI,2026-09-18,277.05,262.8,281.85,266.12,True,True,4.11,False,False,
2026-09-18,SHREECEM,2026-09-18,22600.0,21665.0,23000.0,25322.43,False,True,-10.75,False,False,
2026-09-18,SHRIRAMFIN,2026-09-18,1010.0,972.6,1044.9,988.85,True,True,2.14,False,False,
2026-09-18,SHYAMMETL,2026-09-18,1100.0,1019.0,1109.0,899.07,True,False,22.35,False,False,
2026-09-18,SIEMENS,2026-09-18,3913.9,3682.4,3964.0,3466.73,True,True,12.9,False,False,
2026-09-18,SIGNATURE,2026-09-18,756.95,742.85,793.3,883.5,False,True,-14.32,False,False,
2026-09-18,SJVN,2026-09-18,63.95,63.2,66.77,71.77,False,True,-10.9,False,False,
2026-09-18,SKFINDIA,2026-09-18,1552.6,1488.0,1639.8,1637.36,False,True,-5.18,False,False,
2026-09-18,SOBHA,2026-09-18,1215.2,1172.0,1240.9,1389.71,False,True,-12.56,False,False,
2026-09-18,SOLARINDS,2026-09-18,18555.0,18480.0,22700.0,15800.47,True,False,17.43,False,False,
2026-09-18,SONACOMS,2026-09-18,808.0,759.05,812.0,593.76,True,False,36.08,False,False,
2026-09-18,SONATSOFTW,2026-09-18,274.0,265.85,291.95,289.3,False,True,-5.29,False,False,
2026-09-18,SRF,2026-09-18,2512.0,2444.5,2569.9,2706.6,False,True,-7.19,False,False,
2026-09-18,STARHEALTH,2026-09-18,547.05,531.05,565.0,509.37,True,True,7.4,False,False,
2026-09-18,SUMICHEM,2026-09-18,460.85,446.75,479.55,455.51,True,True,1.17,False,False,
2026-09-18,SUNDARMFIN,2026-09-18,4730.6,4625.0,4864.8,4759.25,False,True,-0.6,False,False,
2026-09-18,SUNDRMFAST,2026-09-18,1228.2,1204.4,1280.2,936.87,True,False,31.1,False,False,
2026-09-18,SUNPHARMA,2026-09-18,1837.3,1828.0,1877.2,1792.54,True,True,2.5,False,False,
2026-09-18,SUNTV,2026-09-18,451.7,449.05,476.0,535.87,False,True,-15.71,False,False,
2026-09-18,SUPREMEIND,2026-09-18,3580.3,3270.0,3580.3,3544.3,True,True,1.02,False,False,
2026-09-18,SUZLON,2026-09-18,43.14,41.76,44.97,49.75,False,True,-13.29,False,False,
2026-09-18,SWIGGY,2026-09-18,273.05,269.45,282.0,300.09,False,True,-9.01,False,False,
2026-09-18,SWSOLAR,2026-09-18,176.06,173.01,187.58,202.34,False,True,-12.99,False,False,
2026-09-18,SYNGENE,2026-09-18,369.05,366.65,384.0,470.4,False,True,-21.55,False,False,
2026-09-18,SYRMA,2026-09-18,1728.9,1418.0,1764.0,1048.71,True,False,64.86,False,False,
2026-09-18,TANLA,2026-09-18,489.25,484.0,516.0,510.69,False,True,-4.2,False,False,
2026-09-18,TARIL,2026-09-18,279.85,269.31,290.39,297.21,False,True,-5.84,False,False,
2026-09-18,TATACHEM,2026-09-18,693.25,612.45,832.0,706.24,False,True,-1.84,False,False,
2026-09-18,TATACOMM,2026-09-18,1780.1,1740.0,1831.5,1704.01,True,True,4.47,False,False,
2026-09-18,TATACONSUM,2026-09-18,996.0,986.0,1020.3,1114.5,False,True,-10.63,False,False,
2026-09-18,TATAELXSI,2026-09-18,3266.7,3266.7,3532.1,4344.1,False,True,-24.8,False,False,
2026-09-18,TATAINVEST,2026-09-18,702.35,650.9,750.5,667.48,True,True,5.22,False,False,
2026-09-18,TATAPOWER,2026-09-18,374.8,360.2,377.65,385.49,False,True,-2.77,False,False,
2026-09-18,TATASTEEL,2026-09-18,185.54,180.28,189.49,189.42,False,True,-2.05,False,False,
2026-09-18,TATATECH,2026-09-18,722.45,716.1,789.95,668.1,True,False,8.14,False,False,
2026-09-18,TBOTEK,2026-09-18,1710.6,1600.0,1728.7,1437.43,True,False,19.0,False,False,
2026-09-18,TCS,2026-09-18,2105.0,2101.2,2323.0,2531.37,False,True,-16.84,False,False,
2026-09-18,TECHM,2026-09-18,1537.1,1523.1,1633.2,1486.4,True,True,3.41,False,False,
2026-09-18,TECHNOE,2026-09-18,1030.45,936.0,1039.0,1074.67,False,True,-4.11,False,False,
2026-09-18,TEJASNET,2026-09-18,518.3,495.5,558.3,475.19,True,True,9.07,False,False,
2026-09-18,THERMAX,2026-09-18,3551.9,3481.6,3718.0,3710.27,False,True,-4.27,False,False,
2026-09-18,TIINDIA,2026-09-18,2600.0,2482.0,2637.8,2742.94,False,True,-5.21,False,False,
2026-09-18,TIMKEN,2026-09-18,3124.2,3091.0,3312.3,3279.48,False,True,-4.73,False,False,
2026-09-18,TITAGARH,2026-09-18,837.65,789.45,849.9,794.98,True,True,5.37,False,False,
2026-09-18,TITAN,2026-09-18,4798.5,4772.0,5009.5,4339.66,True,False,10.57,False,False,
2026-09-18,TORNTPHARM,2026-09-18,4840.0,4755.5,4965.5,4335.57,True,False,11.63,False,False,
2026-09-18,TORNTPOWER,2026-09-18,1258.8,1232.0,1326.9,1398.41,False,True,-9.98,False,False,
2026-09-18,TRENT,2026-09-18,2824.0,2723.9,2824.0,2964.82,False,True,-4.75,False,False,
2026-09-18,TRIDENT,2026-09-18,23.22,22.8,24.01,25.14,False,True,-7.66,False,False,
2026-09-18,TRITURBINE,2026-09-18,567.8,532.1,572.0,560.37,True,True,1.33,False,False,
2026-09-18,TRIVENI,2026-09-18,238.8,228.7,257.8,357.43,False,True,-33.19,False,False,
2026-09-18,TTML,2026-09-18,35.73,34.62,38.25,42.74,False,True,-16.4,False,False,
2026-09-18,TVSMOTOR,2026-09-18,4171.3,4002.0,4195.0,3720.35,True,False,12.12,False,False,
2026-09-18,UBL,2026-09-18,1251.5,1213.5,1268.0,1460.54,False,True,-14.31,False,False,
2026-09-18,UCOBANK,2026-09-18,23.75,23.53,24.14,26.72,False,True,-11.1,False,False,
2026-09-18,ULTRACEMCO,2026-09-18,11014.0,10639.0,11060.0,11516.72,False,True,-4.37,False,False,
2026-09-18,UNIONBANK,2026-09-18,176.56,174.74,180.62,168.92,True,True,4.52,False,False,
2026-09-18,UNITDSPR,2026-09-18,1371.0,1368.1,1405.0,1366.97,True,True,0.29,False,False,
2026-09-18,UNOMINDA,2026-09-18,1284.0,1159.7,1284.0,1171.92,True,True,9.56,False,False,
2026-09-18,UPL,2026-09-18,580.0,549.8,580.0,650.54,False,True,-10.84,False,False,
2026-09-18,UTIAMC,2026-09-18,895.0,877.15,915.95,956.27,False,True,-6.41,False,False,
2026-09-18,VBL,2026-09-18,421.95,407.15,425.4,465.07,False,True,-9.27,False,False,
2026-09-18,VEDL,2026-09-18,267.6,252.5,267.6,473.02,False,True,-43.43,False,False,
2026-09-18,VGUARD,2026-09-18,325.4,316.05,337.65,319.93,True,True,1.71,False,False,
2026-09-18,VIJAYA,2026-09-18,1558.9,1380.0,1569.0,1167.85,True,False,33.49,False,False,
2026-09-18,VMM,2026-09-18,102.65,98.9,102.65,118.24,False,True,-13.19,False,False,
2026-09-18,VOLTAS,2026-09-18,1110.9,1110.9,1179.0,1338.72,False,True,-17.02,False,False,
2026-09-18,WAAREEENER,2026-09-18,2560.7,2470.0,2625.0,2918.75,False,True,-12.27,False,False,
2026-09-18,WELCORP,2026-09-18,2660.1,2240.2,2718.4,1262.27,True,False,110.74,False,False,
2026-09-18,WELSPUNLIV,2026-09-18,214.66,195.7,216.0,145.39,True,False,47.65,False,False,
2026-09-18,WESTLIFE,2026-09-18,564.4,540.2,579.8,504.25,True,False,11.93,False,False,
2026-09-18,WHIRLPOOL,2026-09-18,717.7,706.0,771.2,850.15,False,True,-15.58,False,False,
2026-09-18,WIPRO,2026-09-18,166.83,163.3,173.35,203.75,False,True,-18.12,False,False,
2026-09-18,WOCKPHARMA,2026-09-18,2086.1,1967.3,2193.8,1602.58,True,False,30.17,False,False,
2026-09-18,YESBANK,2026-09-18,22.72,22.72,24.1,21.9,True,True,3.73,False,False,
2026-09-18,ZEEL,2026-09-18,78.62,76.76,83.66,90.84,False,True,-13.45,False,False,
2026-09-18,ZENSARTECH,2026-09-18,436.45,425.25,479.9,553.06,False,True,-21.08,False,False,
2026-09-18,ZENTEC,2026-09-18,1687.4,1585.6,1732.8,1565.66,True,True,7.78,False,False,
2026-09-18,ZFCVINDIA,2026-09-18,2387.0,2361.0,2560.0,2439.97,False,True,-2.17,False,False,
2026-09-18,ZYDUSLIFE,2026-09-18,1160.0,1086.0,1167.3,995.55,True,False,16.52,False,False,
